-- MySQL dump 10.13  Distrib 5.6.24, for osx10.10 (x86_64)
--
-- Host: 127.0.0.1    Database: keystone
-- ------------------------------------------------------
-- Server version	5.5.5-10.0.20-MariaDB-1~trusty-wsrep
/*!40103 SET @OLD_TIME_ZONE=@@TIME_ZONE */;
/*!40103 SET TIME_ZONE='+00:00' */;
/*!40014 SET @OLD_UNIQUE_CHECKS=@@UNIQUE_CHECKS, UNIQUE_CHECKS=0 */;
/*!40014 SET @OLD_FOREIGN_KEY_CHECKS=@@FOREIGN_KEY_CHECKS, FOREIGN_KEY_CHECKS=0 */;
/*!40101 SET @OLD_SQL_MODE=@@SQL_MODE, SQL_MODE='NO_AUTO_VALUE_ON_ZERO' */;
/*!40111 SET @OLD_SQL_NOTES=@@SQL_NOTES, SQL_NOTES=0 */;

--
-- Dumping data for table `access_token`
--


--
-- Dumping data for table `alembic_version`
--

INSERT INTO `alembic_version` VALUES ('39c917e1358c');

--
-- Dumping data for table `api_node_signoff_rax`
--


--
-- Dumping data for table `assignment`
--

INSERT INTO `assignment` VALUES ('UserProject','10022623','identity','2',0);
INSERT INTO `assignment` VALUES ('UserProject','10022837','identity','3',0);
INSERT INTO `assignment` VALUES ('UserProject','10043250','identity','4',0);
INSERT INTO `assignment` VALUES ('UserProject','10043490','identity','4',0);
INSERT INTO `assignment` VALUES ('UserProject','10044477','identity','1',0);
INSERT INTO `assignment` VALUES ('UserProject','10044550','identity','3',0);
INSERT INTO `assignment` VALUES ('UserProject','10044551','identity','3',0);
INSERT INTO `assignment` VALUES ('UserProject','10046995','identity','2',0);
INSERT INTO `assignment` VALUES ('UserProject','10071819','-543569094','6',0);
INSERT INTO `assignment` VALUES ('UserProject','10071819','identity','3',0);
INSERT INTO `assignment` VALUES ('UserProject','10071819','StagingUS_e99825fd-b069-4987-bf46-42766bf79fd3','5',0);
INSERT INTO `assignment` VALUES ('UserProject','173189','983452','5',0);
INSERT INTO `assignment` VALUES ('UserProject','173189','identity','1',0);
INSERT INTO `assignment` VALUES ('UserProject','173190','identity','4',0);
INSERT INTO `assignment` VALUES ('UserProject','173195','identity','10053955',0);
INSERT INTO `assignment` VALUES ('UserProject','173195','identity','4',0);
INSERT INTO `assignment` VALUES ('UserProject','1c5a89a8d99b4e34998f7143d76d99e2','78543990','6',0);
INSERT INTO `assignment` VALUES ('UserProject','1c5a89a8d99b4e34998f7143d76d99e2','identity','3',0);
INSERT INTO `assignment` VALUES ('UserProject','1c5a89a8d99b4e34998f7143d76d99e2','MossoCloudFS_78543990','5',0);
INSERT INTO `assignment` VALUES ('UserProject','3a4407a6b3e349998478409c5b7eda14','983452','6',0);
INSERT INTO `assignment` VALUES ('UserProject','3a4407a6b3e349998478409c5b7eda14','identity','3',0);
INSERT INTO `assignment` VALUES ('UserProject','3a4407a6b3e349998478409c5b7eda14','StagingUS_ed361067-aebd-45b7-92a3-353edacb0e09','5',0);
INSERT INTO `assignment` VALUES ('UserProject','4e997592aad24e2183e51bd013f223c5','78543988','6',0);
INSERT INTO `assignment` VALUES ('UserProject','4e997592aad24e2183e51bd013f223c5','identity','3',0);
INSERT INTO `assignment` VALUES ('UserProject','4e997592aad24e2183e51bd013f223c5','MossoCloudFS_78543988','5',0);
INSERT INTO `assignment` VALUES ('UserProject','6ffe3875d15b44d5b8b2d285790c89ec','78543987','6',0);
INSERT INTO `assignment` VALUES ('UserProject','6ffe3875d15b44d5b8b2d285790c89ec','identity','4',0);
INSERT INTO `assignment` VALUES ('UserProject','6ffe3875d15b44d5b8b2d285790c89ec','MossoCloudFS_78543987','5',0);
INSERT INTO `assignment` VALUES ('UserProject','868dea5a32934749a3fb9a47e80f12a4','78543988','6',0);
INSERT INTO `assignment` VALUES ('UserProject','868dea5a32934749a3fb9a47e80f12a4','identity','2',0);
INSERT INTO `assignment` VALUES ('UserProject','868dea5a32934749a3fb9a47e80f12a4','MossoCloudFS_78543988','5',0);
INSERT INTO `assignment` VALUES ('UserProject','af455d1387ab4281873ceae5bc400e50','identity','1',0);
INSERT INTO `assignment` VALUES ('UserProject','c90d35db77d14133b05fdc576a4f4ffb','132885','6',0);
INSERT INTO `assignment` VALUES ('UserProject','c90d35db77d14133b05fdc576a4f4ffb','identity','3',0);
INSERT INTO `assignment` VALUES ('UserProject','c90d35db77d14133b05fdc576a4f4ffb','MossoCloudFS_132885','5',0);
INSERT INTO `assignment` VALUES ('UserProject','d14b1195cbe045d9905c25317dd1f924','identity','4',0);
INSERT INTO `assignment` VALUES ('UserProject','d2d1adee553144ada948e03d1f5503f1','78543988','6',0);
INSERT INTO `assignment` VALUES ('UserProject','d2d1adee553144ada948e03d1f5503f1','identity','2',0);
INSERT INTO `assignment` VALUES ('UserProject','d2d1adee553144ada948e03d1f5503f1','identity','7',0);
INSERT INTO `assignment` VALUES ('UserProject','d2d1adee553144ada948e03d1f5503f1','MossoCloudFS_78543988','5',0);
INSERT INTO `assignment` VALUES ('UserProject','d8f1b8df14c844d9919aee4e19a2f6f9','78543995','6',0);
INSERT INTO `assignment` VALUES ('UserProject','d8f1b8df14c844d9919aee4e19a2f6f9','identity','3',0);
INSERT INTO `assignment` VALUES ('UserProject','d8f1b8df14c844d9919aee4e19a2f6f9','MossoCloudFS_78543995','5',0);
INSERT INTO `assignment` VALUES ('UserProject','e2655b97cfe848b796097c2073b174e7','identity','4',0);
INSERT INTO `assignment` VALUES ('UserProject','fa9ddbf7cc904a75b8bd40c26bc738cd','78543985','6',0);
INSERT INTO `assignment` VALUES ('UserProject','fa9ddbf7cc904a75b8bd40c26bc738cd','identity','1',0);
INSERT INTO `assignment` VALUES ('UserProject','fa9ddbf7cc904a75b8bd40c26bc738cd','MossoCloudFS_78543985','5',0);

--
-- Dumping data for table `bypass_code_rax`
--


--
-- Dumping data for table `bypass_device_rax`
--


--
-- Dumping data for table `capability_rax`
--

INSERT INTO `capability_rax` VALUES ('110123321','get_test','get_test','GET','http://someUrl','description','compute','1');

--
-- Dumping data for table `capability_resource_rax`
--

INSERT INTO `capability_resource_rax` VALUES ('110123321','res1');
INSERT INTO `capability_resource_rax` VALUES ('110123321','res2');

--
-- Dumping data for table `consumer`
--


--
-- Dumping data for table `credential`
--


--
-- Dumping data for table `delta_ldap_to_sql_rax`
--


--
-- Dumping data for table `delta_sql_to_ldap_rax`
--


--
-- Dumping data for table `domain`
--

INSERT INTO `domain` VALUES ('132885','132885',1,'{\"description\": \"Default Domain\"}');
INSERT INTO `domain` VALUES ('15f080741fc24768bd235d696776afde','15f080741fc24768bd235d696776afde',1,'{}');
INSERT INTO `domain` VALUES ('32035123','32035123',1,'{\"description\": \"Test Domain\"}');
INSERT INTO `domain` VALUES ('41d4b4f276db4630b731e3477635d430','41d4b4f276db4630b731e3477635d430',1,'{}');
INSERT INTO `domain` VALUES ('78543985','78543985',1,'{\"description\": \"Default Domain\"}');
INSERT INTO `domain` VALUES ('78543987','78543987',1,'{\"description\": \"Default Domain\"}');
INSERT INTO `domain` VALUES ('78543988','78543988',1,'{\"description\": \"Default Domain\"}');
INSERT INTO `domain` VALUES ('78543990','78543990',1,'{\"description\": \"Default Domain\"}');
INSERT INTO `domain` VALUES ('78543995','78543995',1,'{\"description\": \"Default Domain\"}');
INSERT INTO `domain` VALUES ('7f5e09ff78ed465a9609ef8f2816af5b','7f5e09ff78ed465a9609ef8f2816af5b',1,'{}');
INSERT INTO `domain` VALUES ('938e0ee4e8ce4fe7a179db79cadd245a','938e0ee4e8ce4fe7a179db79cadd245a',1,'{}');
INSERT INTO `domain` VALUES ('938e0ee4e8ce4fe7a179db79cadd245b','938e0ee4e8ce4fe7a179db79cadd245b',1,'{}');
INSERT INTO `domain` VALUES ('983452','983452',1,'{\"description\": \"Default Domain\"}');
INSERT INTO `domain` VALUES ('d3db20a9e22c4c9cba2c22c577deb906','d3db20a9e22c4c9cba2c22c577deb906',1,'{}');
INSERT INTO `domain` VALUES ('default','Default',1,'{\"description\": \"Owns users and tenants (i.e. projects) available on Identity API v2.\"}');
INSERT INTO `domain` VALUES ('e40c19ae84254aaaae4e670789bc85ea','e40c19ae84254aaaae4e670789bc85ea',1,'{}');
INSERT INTO `domain` VALUES ('ee6b1988a42e48469166260629f1326a','ee6b1988a42e48469166260629f1326a',1,'{}');
INSERT INTO `domain` VALUES ('f7c212c05efc44a9957bc8b48d0a071a','f7c212c05efc44a9957bc8b48d0a071a',1,'{}');

--
-- Dumping data for table `domain_rax`
--

INSERT INTO `domain_rax` VALUES ('938e0ee4e8ce4fe7a179db79cadd245b','REQUIRED');

--
-- Dumping data for table `endpoint`
--

INSERT INTO `endpoint` VALUES ('0444a8e3ab8347ce85277830512a7d8e','887','admin','23f724d4470b4c32899127939f911113','https://service-admin.com/v1','{}',0,'ORD');
INSERT INTO `endpoint` VALUES ('048ae13e61f048e28c7bd1495b906f7d','113','public','92f71b49fc774e3093808e30d9b999cb','https://cmstaging.api.rackspacecloud.com/v1.0','{}',1,'ORD');
INSERT INTO `endpoint` VALUES ('09167b30924441648fdbf9b02d6248a9','1008','internal','6047d506862b81d6d99273b4853adfe81e0478c1','https://snet-storage.stg.swift.racklabs.com/v1','{}',1,'LON');
INSERT INTO `endpoint` VALUES ('0ac26aa5bc7c4c22a47420226d7f7af8','62','public','778280ee70664371a0100a1938d8dafe','https://lon.servers.api.rackspacecloud.com/v2','{}',1,'LON');
INSERT INTO `endpoint` VALUES ('0b1b17f2ae8d496f80168c05cd53c34a','1040','public','72a4100ec2a641399a3938fba7141c69','https://','{}',1,'ORD');
INSERT INTO `endpoint` VALUES ('108a1bab129d47f9ba9e22fee13fbd13','140','internal','4864112ffb4f49fe9de5ad3ce50eba8f','http://10.127.7.19/pods/','{}',1,'ORD');
INSERT INTO `endpoint` VALUES ('1158d4bc2f404b0cb9daa95d3446c0cc','127','public','79964ea548f747f2932ade27a4692b7a','http://nova-api1.a0001.h48.ohthree.com:8774/v2','{}',1,'ORD');
INSERT INTO `endpoint` VALUES ('11f9a5590eed4068b4430b96782cbc9b','1','internal','6047d506862b81d6d99273b4853adfe81e0478c1','https://snet-storage101.dfw1.stg.swift.racklabs.com/v1/v1','{}',1,'DFW');
INSERT INTO `endpoint` VALUES ('13217f94b3d3475588a870ecb93687fa','58','admin','dd4054bb620a4a4ab6d6a8cd10d13c41','https://admin-only/','{}',1,'ORD');
INSERT INTO `endpoint` VALUES ('13d0c96215104e95a004635c9f2b751f','1000','public','c47fbdd0032e465d8809aee5efe3724b','https://otherstorage.clouddrive.com/v1','{}',1,'ORD');
INSERT INTO `endpoint` VALUES ('13e919cf114244359a2c99f60837422e','1031','admin','4fb10470a0e1423b80848ac6e115b4ec','https://lon.images.api.rackspacecloud.com/v1','{}',1,'LON');
INSERT INTO `endpoint` VALUES ('1404fd1bc59749d18c41328cf8c078ff','39','admin','2673429b4a72498088392e838c962b5f','https://staging.billing.api.rackspacecloud.com/v1/accounts','{}',1,'ORD');
INSERT INTO `endpoint` VALUES ('1557e86fe4f74e758a1bd65a0a1bbb65','19','public','5cae4c279ff54aeb8589d5fdc24a48df','https://public/','{}',1,'ORD');
INSERT INTO `endpoint` VALUES ('15a36a8466ee47719713168fb9a40fde','132','admin','41779496f06c4cd4a4ae9d60655a3b2c','http://10.24.31.26:9292/v1/images','{}',1,'DFW');
INSERT INTO `endpoint` VALUES ('162374335854430db9a52dd172434001','43','public','79964ea548f747f2932ade27a4692b7a','http://api:8774/v2','{}',1,'ORD');
INSERT INTO `endpoint` VALUES ('17d621258d154e3a8141cad447fb6b10','1039','admin','8bcc248d64274b758871d6982fb3bd3b','https://usage.api.rackspacecloud.com/v1','{}',1,'ORD');
INSERT INTO `endpoint` VALUES ('1937cca04a0f47a585e55d2d09d6222b','55','public','7cc417f495c64430828309588dad7393','https://ord.databases.api.rackspacecloud.com/v1.0','{}',1,'ORD');
INSERT INTO `endpoint` VALUES ('1bc8160c8a4c403fbb1f229d53128e5e','1005','internal','6047d506862b81d6d99273b4853adfe81e0478c1','https://snet-storage5.stg.swift.racklabs.com','{}',0,'ORD');
INSERT INTO `endpoint` VALUES ('1be53909f4af46f881ee7ca7070d770f','1003','internal','6047d506862b81d6d99273b4853adfe81e0478c1','https://snet-storage.stg.swift.racklabs.com/v1','{}',1,'ORD');
INSERT INTO `endpoint` VALUES ('1d8ab38d191b453586f65cfc9ba3352e','6','public','6047d506862b81d6d99273b4853adfe81e0478c1','https://storage.stg.swift.racklabs.com/v1/','{}',1,'ORD');
INSERT INTO `endpoint` VALUES ('1e69263e6ae24052a3c3fd374c55e673','1035','public','3b0b5431f4e846438fbcfd8f1f893629','https://dfw.loadbalancers.api.rackspacecloud.com/v1.0','{}',1,'DFW');
INSERT INTO `endpoint` VALUES ('2019ebb4320d47cf9edd196f5bcc160c','1010','public','9e1adf6284ac4599a67a82f3d0aa116e','https://cdn.stg.clouddrive.com/v1','{}',1,'DFW');
INSERT INTO `endpoint` VALUES ('209b1f3b1265402981a871576025a97b','112','public','9db754ac79c2438a872b3386faeb6822','http://volume-api:8774/v1','{}',1,'ORD');
INSERT INTO `endpoint` VALUES ('219ba29ea2664560bc89da7123655ea7','1021','public','cebeb660339e41fe9cab4ed3ff061a6c','https://public-all-urls/','{}',1,'ORD');
INSERT INTO `endpoint` VALUES ('24dfcf11b52f47748664faeb19ea54df','25','public','3b324c9c30ba4f2a8d2f8e14e2cea5f0','https://','{}',1,'ORD');
INSERT INTO `endpoint` VALUES ('2688a685db584972915a5d9df61dd0ba','41','public','72a4100ec2a641399a3938fba7141c69','https://','{}',1,'ORD');
INSERT INTO `endpoint` VALUES ('28b3759c8a274f3cadcaf800a2721605','28','admin','02aec197e76448b6b3730725ccbc2c3c','https://preprod.dfw.images.api.rackspacecloud.com/v1','{}',1,'DFW');
INSERT INTO `endpoint` VALUES ('29c8b540a3664c63be7b72c74c9ad553','1042','public','92f71b49fc774e3093808e30d9b999cb','https://staging.monitoring.api.rackspacecloud.com/v1.0','{}',1,'ORD');
INSERT INTO `endpoint` VALUES ('2abeb17d0a60450793e38ae828761b8e','24','public','3b324c9c30ba4f2a8d2f8e14e2cea5f0','https://','{}',1,'DFW');
INSERT INTO `endpoint` VALUES ('2dc8c0e040a8437ba5e06690e6c7f70d','77','admin','72a4100ec2a641399a3938fba7141c69','https://staging.incident.api.rackspacecloud.com/v1','{}',1,'ORD');
INSERT INTO `endpoint` VALUES ('30c50ae197a945338841dd7d48a5cabf','25','admin','3b324c9c30ba4f2a8d2f8e14e2cea5f0','https://ord.images.api.rackspacecloud.com/v1','{}',1,'ORD');
INSERT INTO `endpoint` VALUES ('3165e848b1a1462198cd441a4ea01427','1001','internal','6047d506862b81d6d99273b4853adfe81e0478c1','https://snet-storage101.dfw1.stg.swift.racklabs.com/v1','{}',1,'DFW');
INSERT INTO `endpoint` VALUES ('32cc924547a648d3a2688345a92e5347','1040','admin','72a4100ec2a641399a3938fba7141c69','https://incident.api.rackspacecloud.com/v1','{}',1,'ORD');
INSERT INTO `endpoint` VALUES ('35b0bd1018814a7881127b177bd23d07','1033','admin','500095b376214c78bd53e3397e8e538b','https://preprod.dfw.images.api.rackspacecloud.com/v1','{}',1,'DFW');
INSERT INTO `endpoint` VALUES ('364c79eca1f446fd8dd89cccdd5764d1','1019','public','dd4054bb620a4a4ab6d6a8cd10d13c41','https://','{}',1,'ORD');
INSERT INTO `endpoint` VALUES ('36f945dffd4e46f6b295e5fd06ed1cd1','18','public','dd4054bb620a4a4ab6d6a8cd10d13c41','https://','{}',1,'ORD');
INSERT INTO `endpoint` VALUES ('37dde4cebfb24a1ea57aa96283b1ed4e','28','public','02aec197e76448b6b3730725ccbc2c3c','https://','{}',1,'DFW');
INSERT INTO `endpoint` VALUES ('39b4dc7a6554417f859454af0227a9b7','2000','public','6047d506862b81d6d99273b4853adfe81e0478c1','https://otherstorage.clouddrive.com/v1','{}',1,'ORD');
INSERT INTO `endpoint` VALUES ('3a632bae6ce74c219bb1580b1d502801','20','public','cebeb660339e41fe9cab4ed3ff061a6c','https://public-all-urls/','{}',1,'ORD');
INSERT INTO `endpoint` VALUES ('3d3d1f3f033a4c3a8d4fdc4c6f4e2366','1010110110','public','c47fbdd0032e465d8809aee5efe3724b','test','{}',1,'ORD');
INSERT INTO `endpoint` VALUES ('3ef8f99eac584af392ec8b1971e7c894','103','internal','6047d506862b81d6d99273b4853adfe81e0478c1','https://snet-storage.stg.swift.racklabs.com/v1','{}',1,'ORD');
INSERT INTO `endpoint` VALUES ('3f052fcc9f3a4ac68fd9954a74941190','888','admin','23f724d4470b4c32899127939f911113','https://service-admin.com/v1','{}',1,'ORD');
INSERT INTO `endpoint` VALUES ('3f70e9b0d9e64045b301727ef6b41e64','135','public','92f71b49fc774e3093808e30d9b999cb','https://staging.monitoring.api.rackspacecloud.com/v1.0','{}',1,'ORD');
INSERT INTO `endpoint` VALUES ('3fcf5db17d1e4d3d993bd865881090cb','1005','public','6047d506862b81d6d99273b4853adfe81e0478c1','https://storage.stg.swift.racklabs.com/v1','{}',0,'ORD');
INSERT INTO `endpoint` VALUES ('404f093d07294c48993eb73c3acbeeb1','118','public','959f12e90eb14309ac43f5b102dd9a1f','https://admin.dfw.servers.api.rackspacecloud.com/v2','{}',1,'ORD');
INSERT INTO `endpoint` VALUES ('4153af43e9d742329e4b03e2834cbefb','82','public','9db754ac79c2438a872b3386faeb6822','http://volume-api:8774/v1','{}',1,'ORD');
INSERT INTO `endpoint` VALUES ('41828e41ca5b4ddb97120a72d9be9973','5','internal','6047d506862b81d6d99273b4853adfe81e0478c1','https://snet-storage5.clouddrive.com/v1','{}',0,'ORD');
INSERT INTO `endpoint` VALUES ('420f921fbdcf41f79a62d32c1e1386b4','1038','public','2673429b4a72498088392e838c962b5f','https://','{}',1,'ORD');
INSERT INTO `endpoint` VALUES ('42ba1172ad464cb184c51f75e6186c80','115','public','bb234657064a419ba20cc25e86a52cc9','https://ord.cbs.preview.api.rackspacecloud.com/v1','{}',1,'ORD');
INSERT INTO `endpoint` VALUES ('42df97ee2fdd4988a474e3b246d7cf5f','2','public','6047d506862b81d6d99273b4853adfe81e0478c1','https://storage.clouddrive.com/v1','{}',0,'ORD');
INSERT INTO `endpoint` VALUES ('43802087accc450d8fcfa269e7d01424','4','internal','6047d506862b81d6d99273b4853adfe81e0478c1','https://snet-storage4.clouddrive.com/v1','{}',0,'ORD');
INSERT INTO `endpoint` VALUES ('43ed6e5f7be74fd6b6e8288a3cec7825','100001','public','79964ea548f747f2932ade27a4692b7a','http://public.url','{}',1,'ORD');
INSERT INTO `endpoint` VALUES ('4444694e2ce7423a84e859c29a4d37f2','47','public','3b0b5431f4e846438fbcfd8f1f893629','https://dfw.loadbalancers.api.rackspacecloud.com/v1.0','{}',1,'DFW');
INSERT INTO `endpoint` VALUES ('44bd386d54e547cab7254d7f5d5a7605','20','internal','cebeb660339e41fe9cab4ed3ff061a6c','https://internal-all-urls/','{}',1,'ORD');
INSERT INTO `endpoint` VALUES ('44ebe3e5e2d94d678d62d8e2e8633a9f','120','public','70cd7894ac644f83bef3e8fe97684581','https://preprod.ord.servers.api.rackspacecloud.com/v2','{}',1,'ORD');
INSERT INTO `endpoint` VALUES ('4856ab4eb1e64508b5df8c67efb4efb9','39','public','2673429b4a72498088392e838c962b5f','https://','{}',1,'ORD');
INSERT INTO `endpoint` VALUES ('4e53d24f41bb40f4b7bc320e606755c2','64','admin','4fb10470a0e1423b80848ac6e115b4ec','https://ord.images.api.rackspacecloud.com/v1','{}',1,'ORD');
INSERT INTO `endpoint` VALUES ('4e7e480fc93d41cfb0fa476f198d001a','887','internal','23f724d4470b4c32899127939f911113','https://service-internal.com/v1 ','{}',0,'ORD');
INSERT INTO `endpoint` VALUES ('4f7165fd634a4a2ea883e16520493e05','21','public','502bef771ca24744a948596bcb99530c','https://dfw.servers.api.rackspacecloud.com/v2','{}',1,'DFW');
INSERT INTO `endpoint` VALUES ('4fa94d169d224a0b8b3574ef3c1ed419','5','public','6047d506862b81d6d99273b4853adfe81e0478c1','https://storage5.clouddrive.com/v1','{}',0,'ORD');
INSERT INTO `endpoint` VALUES ('5041efbc8b484cfca580bd46f6159f7b','56','public','92f71b49fc774e3093808e30d9b999cb','https://monitoring.api.rackspacecloud.com/v1.0','{}',1,'ORD');
INSERT INTO `endpoint` VALUES ('5055c39bc5204eb28d8b53a176128a91','1031','public','4fb10470a0e1423b80848ac6e115b4ec','https://','{}',1,'LON');
INSERT INTO `endpoint` VALUES ('525796e2249b4fd88c8f3fd0faeebb48','13','public','9e1adf6284ac4599a67a82f3d0aa116e','https://cdn.stg.clouddrive.com/v1','{}',1,'ORD');
INSERT INTO `endpoint` VALUES ('5367a9b88ed9413abce2b6ec7054c0a4','105','public','7cc417f495c64430828309588dad7393','https://api.staging.ord1.clouddb.rackspace.net/v1.0','{}',0,'ORD');
INSERT INTO `endpoint` VALUES ('54e99c0d105044bf888672140b07bc17','107','public','e07bed78618f4df997a5c1d3020578eb','http://api.cbsbeta.ord1.ohthree.com/v2','{}',1,'ORD');
INSERT INTO `endpoint` VALUES ('558519bc68a04c0dac5dbd9d534f915f','138','public','20f6cc8ab08c45e39ca153218f22280d','http://qe.ord.lunr.racklabs.com/v1','{}',1,'ORD');
INSERT INTO `endpoint` VALUES ('5640a65f850d492cad35b8dc78a5dccd','78','public','79964ea548f747f2932ade27a4692b7a','http://api:8774/v2','{}',1,'ORD');
INSERT INTO `endpoint` VALUES ('569554152d5b45e68924faa8dcef7659','32','admin','3b0b5431f4e846438fbcfd8f1f893629','https://staging.ord.loadbalancers.api.rackspacecloud.com/v1.0','{}',0,'DFW');
INSERT INTO `endpoint` VALUES ('574a2c97118a4ab4a1b9554f731ca32c','42','public','09ca2c9b733e4ce38a31116f9e94c020','https://','{}',1,'ORD');
INSERT INTO `endpoint` VALUES ('57a29b9b15ef4054aaf98d96874acf50','3','internal','6047d506862b81d6d99273b4853adfe81e0478c1','https://snet-storage.stg.swift.racklabs.com/v1','{}',1,'ORD');
INSERT INTO `endpoint` VALUES ('57bb3018324f462db7afbe55d5e96de1','1015','public','a45b14e394a57e3fd4e45d59ff3693ead204998b','https://servers.staging.ord1.uk.ccp.rackspace.net/v1.0','{}',1,'LON');
INSERT INTO `endpoint` VALUES ('593336e4c5fc47fa94655d38513cd1ed','1004','public','6047d506862b81d6d99273b4853adfe81e0478c1','https://storage.stg.swift.racklabs.com/v1','{}',0,'ORD');
INSERT INTO `endpoint` VALUES ('5971bce10ed045cdadc45ed5985e41d9','1021','internal','cebeb660339e41fe9cab4ed3ff061a6c','https://internal-all-urls/','{}',1,'ORD');
INSERT INTO `endpoint` VALUES ('59d9242951584cb5a63522de001f5878','111','public','9e1adf6284ac4599a67a82f3d0aa116e','https://cdn.stg.clouddrive.com/v1','{}',1,'ORD');
INSERT INTO `endpoint` VALUES ('5a9cfa60a41f4744add68e53ef042b3a','15','public','a45b14e394a57e3fd4e45d59ff3693ead204998b','https://servers.api.staging.us.ccp.rackspace.net/v1.0','{}',1,'ORD');
INSERT INTO `endpoint` VALUES ('5df2ae50c5b24c0e876bb0792380823e','19','admin','5cae4c279ff54aeb8589d5fdc24a48df','https://admin-mix/','{}',1,'ORD');
INSERT INTO `endpoint` VALUES ('5e728418dc7a49379a9c1b1245460220','114','public','92aec25366af45b58adef9329f8b9da3','https://ord.servers.preview.api.rackspacecloud.com/v2','{}',1,'ORD');
INSERT INTO `endpoint` VALUES ('5eb31ff834164f0d81c65640ba21f0d6','31','public','3b0b5431f4e846438fbcfd8f1f893629','https://','{}',0,'ORD');
INSERT INTO `endpoint` VALUES ('603a72013fb442b3b06276b5d6240fe9','1029','public','4fb10470a0e1423b80848ac6e115b4ec','https://','{}',1,'DFW');
INSERT INTO `endpoint` VALUES ('62ce8daef46341f4b6e6033b2cffa6f9','1009','public','9e1adf6284ac4599a67a82f3d0aa116e','https://cdn.stg.clouddrive.com/v1','{}',1,'DFW');
INSERT INTO `endpoint` VALUES ('635f8366a55b40538d2f2bfb45a437d9','45','public','bcf53d061ef545149f577fd9682dd3cb','https://staging.dnsaas.rackspace.net/v1.0','{}',1,'ORD');
INSERT INTO `endpoint` VALUES ('641ecff9609d4d89a31324381430f706','1007','internal','6047d506862b81d6d99273b4853adfe81e0478c1','https://snet-storage101.dfw1.stg.swift.racklabs.com','{}',1,'DFW');
INSERT INTO `endpoint` VALUES ('66b536bf76444b66a017af07ff5a305b','1020','public','5cae4c279ff54aeb8589d5fdc24a48df','https://public/','{}',1,'ORD');
INSERT INTO `endpoint` VALUES ('6bbf938b274c42b28c31645d6c946894','16','public','a45b14e394a57e3fd4e45d59ff3693ead204998b','https://ord.servers.api.rackspacecloud.com/v1.0','{}',1,'LON');
INSERT INTO `endpoint` VALUES ('6cc8e55efbaa45469d09ba2fa6ba0b07','1034','public','3b0b5431f4e846438fbcfd8f1f893629','https://ord.loadbalancers.api.rackspacecloud.com/v1.0','{}',1,'ORD');
INSERT INTO `endpoint` VALUES ('6dd51e3d250940cd8da6a04fe4298345','75','public','2673429b4a72498088392e838c962b5f','https://','{}',1,'ORD');
INSERT INTO `endpoint` VALUES ('6e76d90d6e9a420580b40b40b7160852','85','public','41779496f06c4cd4a4ae9d60655a3b2c','https://preprod.dfw.images.api.rackspacecloud.com/v1','{}',1,'DFW');
INSERT INTO `endpoint` VALUES ('705a1f0d00e34f38ba343a4a339c42ca','38','admin','09ca2c9b733e4ce38a31116f9e94c020','https://staging.customer.api.rackspacecloud.com/v1/customer_accounts','{}',1,'ORD');
INSERT INTO `endpoint` VALUES ('74b99c7beadc45ee88da9772fe161708','41','admin','72a4100ec2a641399a3938fba7141c69','https://staging.incident.api.rackspacecloud.com/v1','{}',1,'ORD');
INSERT INTO `endpoint` VALUES ('77285842bdf54034a8caa3d4e049bbfb','14','public','9e1adf6284ac4599a67a82f3d0aa116e','https://cdn.stg.clouddrive.com','{}',1,'ORD');
INSERT INTO `endpoint` VALUES ('779a0c304c22440087a31898469b2b16','59','public','5cae4c279ff54aeb8589d5fdc24a48df','https://public/','{}',1,'ORD');
INSERT INTO `endpoint` VALUES ('7814faf2f29b4d9d9422c26c754d3d24','38','public','09ca2c9b733e4ce38a31116f9e94c020','https://','{}',1,'ORD');
INSERT INTO `endpoint` VALUES ('78b2d054ca4b4754992c8425dfe34464','22','public','502bef771ca24744a948596bcb99530c','https://ord.servers.api.rackspacecloud.com/v2','{}',1,'ORD');
INSERT INTO `endpoint` VALUES ('78e7eaa7026e439c977488ffe667a692','36','public','778280ee70664371a0100a1938d8dafe','http://alpha.lon.servers.api.rackspacecloud.com:8774/v1.1','{}',1,'LON');
INSERT INTO `endpoint` VALUES ('79888d889c914016a5716261b3c508b6','34','public','778280ee70664371a0100a1938d8dafe','http://alpha.ord.servers.api.rackspacecloud.com:8774/v1.1','{}',1,'ORD');
INSERT INTO `endpoint` VALUES ('79db7ffff19340de9b2aa53be92c0cd6','131','public','778280ee70664371a0100a1938d8dafe','https://admin.lon.servers.api.rackspacecloud.com/v2','{}',1,'LON');
INSERT INTO `endpoint` VALUES ('7c05d0f4d48b4c8587e5da9f254c7342','74','public','09ca2c9b733e4ce38a31116f9e94c020','https://','{}',1,'ORD');
INSERT INTO `endpoint` VALUES ('7ca9341fb62947b4873acfe84622a136','10','public','9e1adf6284ac4599a67a82f3d0aa116e','https://cdn.stg.clouddrive.com/v1','{}',1,'DFW');
INSERT INTO `endpoint` VALUES ('7d2cf7f269214e708667e2c2b63bfd2f','126','public','9db754ac79c2438a872b3386faeb6822','http://volume-api1.a0001.h48.ohthree.com:8774/v1','{}',1,'ORD');
INSERT INTO `endpoint` VALUES ('7e75542ac6954b64a3e27cebcd8cdded','1012','public','9e1adf6284ac4599a67a82f3d0aa116e','https://cdn.stg.clouddrive.com/v1','{}',1,'LON');
INSERT INTO `endpoint` VALUES ('7f9456b48141401f8c85d07caf2a5811','24','admin','3b324c9c30ba4f2a8d2f8e14e2cea5f0','https://dfw.images.api.rackspacecloud.com/v1','{}',1,'DFW');
INSERT INTO `endpoint` VALUES ('80cb889d7a9444f98b5d8137026010fd','1007','public','6047d506862b81d6d99273b4853adfe81e0478c1','https://storage.stg.swift.racklabs.com/v1','{}',1,'DFW');
INSERT INTO `endpoint` VALUES ('81b7b0a77ef148949e590d62c8d07485','887','public','23f724d4470b4c32899127939f911113','https://service-public.com/v1 ','{}',0,'ORD');
INSERT INTO `endpoint` VALUES ('83b7875b3bde4a958e6f7e01d1373c98','40','public','8bcc248d64274b758871d6982fb3bd3b','https://','{}',1,'ORD');
INSERT INTO `endpoint` VALUES ('83d03b75b8fe4e63817e3ff0e25144fa','79','admin','e5095fa908084151a4032c3eead377f4','http://image:9292/v1','{}',1,'DFW');
INSERT INTO `endpoint` VALUES ('859c89691c254438b493a6107c9a5b43','1028','public','778280ee70664371a0100a1938d8dafe','https://lon.servers.api.rackspacecloud.com/v2','{}',1,'LON');
INSERT INTO `endpoint` VALUES ('85efa96f38fd4000ad12b67b1aa39e4e','1221','internal','6047d506862b81d6d99273b4853adfe81e0478c1','https://otherstorage-snet.clouddrive.com/v1','{}',1,'ORD');
INSERT INTO `endpoint` VALUES ('8910feba2b22402397303821a4dd9295','64','public','4fb10470a0e1423b80848ac6e115b4ec','https://','{}',1,'ORD');
INSERT INTO `endpoint` VALUES ('891e8567854244ec8c56d1e3d14f3b85','18','admin','dd4054bb620a4a4ab6d6a8cd10d13c41','https://admin-only/','{}',1,'ORD');
INSERT INTO `endpoint` VALUES ('8965ff4032424db089f8438eeafb15cf','27','public','613ab2dd9e314ae0854933286cd4c8c1','https://preprod.dfw.servers.api.rackspacecloud.com/v2','{}',1,'DFW');
INSERT INTO `endpoint` VALUES ('899b5cd8d8e8478b86cadd167ab001d7','1','public','6047d506862b81d6d99273b4853adfe81e0478c1','https://storage101.dfw1.stg.swift.racklabs.com/v1/v1','{}',1,'DFW');
INSERT INTO `endpoint` VALUES ('8a910c370c0d479bb0084ca926d030a3','37','admin','778280ee70664371a0100a1938d8dafe','https://incident.api.rackspacecloud.com/v1','{}',1,'ORD');
INSERT INTO `endpoint` VALUES ('8b116a422d0c40d48630956d348c5cdd','1026','public','778280ee70664371a0100a1938d8dafe','https://dfw.servers.api.rackspacecloud.com/v2','{}',1,'DFW');
INSERT INTO `endpoint` VALUES ('8e449d136dc64affa05b37fcb38d8828','77','public','72a4100ec2a641399a3938fba7141c69','https://','{}',1,'ORD');
INSERT INTO `endpoint` VALUES ('8ee035f9263d4c319326efa3f5b099db','65','admin','4fb10470a0e1423b80848ac6e115b4ec','https://lon.images.api.rackspacecloud.com/v1','{}',1,'LON');
INSERT INTO `endpoint` VALUES ('9017f573b2ad427abead57d5f99a2eb2','8','public','6047d506862b81d6d99273b4853adfe81e0478c1','https://storage.stg.swift.racklabs.com/v1/','{}',1,'LON');
INSERT INTO `endpoint` VALUES ('9079cbfc7dd34324afbcf3b8562f86e4','31','admin','3b0b5431f4e846438fbcfd8f1f893629','https://staging.ord.loadbalancers.api.rackspacecloud.com/v1.0','{}',0,'ORD');
INSERT INTO `endpoint` VALUES ('91a9452ecd434af388fd20dbd703a4ea','42','admin','09ca2c9b733e4ce38a31116f9e94c020','https://customer.api.rackspacecloud.com/v1/customer_accounts','{}',1,'ORD');
INSERT INTO `endpoint` VALUES ('92a870334644495b8027606e4edd340b','1004','internal','6047d506862b81d6d99273b4853adfe81e0478c1','https://snet-storage4.stg.swift.racklabs.com','{}',0,'ORD');
INSERT INTO `endpoint` VALUES ('94453aa03d3b46c291089077010213ad','110','public','79964ea548f747f2932ade27a4692b7a','http://api:8774/v2','{}',1,'ORD');
INSERT INTO `endpoint` VALUES ('94b6333a0eac427399f3725803200cde','105','admin','7cc417f495c64430828309588dad7393','https://api.staging.ord1.clouddb.rackspace.net/v1.0','{}',0,'ORD');
INSERT INTO `endpoint` VALUES ('950e2665575d497a9feeb060989cef0d','1020','admin','5cae4c279ff54aeb8589d5fdc24a48df','https://admin-mix/','{}',1,'ORD');
INSERT INTO `endpoint` VALUES ('950fbb7812824b84a341869166279ca9','6','internal','6047d506862b81d6d99273b4853adfe81e0478c1','https://snet-storage.stg.swift.racklabs.com/v1','{}',1,'ORD');
INSERT INTO `endpoint` VALUES ('956488b911ff44b19b617b0a1e763679','103','public','6047d506862b81d6d99273b4853adfe81e0478c1','https://storage.stg.swift.racklabs.com/v1','{}',1,'ORD');
INSERT INTO `endpoint` VALUES ('95e4107a8b6e4c75adaaeea51daa1400','133','public','778280ee70664371a0100a1938d8dafe','https://preprod.ord.servers.api.rackspacecloud.com/v2','{}',1,'ORD');
INSERT INTO `endpoint` VALUES ('95f7ab80590449aa9ffff68bbb238f91','108','public','406983bf5a4248c9ba3a430c764be912','http://volume-api.cbsbeta.ord1.ohthree.com/v1','{}',1,'ORD');
INSERT INTO `endpoint` VALUES ('966a3d2a231a41729c895e1f83127d32','136','public','a45b14e394a57e3fd4e45d59ff3693ead204998b','http://api-n01.qe.ord1.us.cloudcompute.rackspace.net:8080/v1.0','{}',1,'ORD');
INSERT INTO `endpoint` VALUES ('979a5b10e2bd4c9ba4df191cd8e03fc5','44','admin','e5095fa908084151a4032c3eead377f4','http://image:9292/v1','{}',1,'DFW');
INSERT INTO `endpoint` VALUES ('995be14c010a4646ba0732b8446abb4c','1011','public','9e1adf6284ac4599a67a82f3d0aa116e','https://cdn.stg.clouddrive.com/v1','{}',1,'ORD');
INSERT INTO `endpoint` VALUES ('99aaec3ad0a54dba9925ed78fbbbb197','122','public','b1b53e09b2cc4b2d96a7a470f7566774','https://preprod.ord.blockstorage.api.rackspacecloud.com/v1','{}',1,'ORD');
INSERT INTO `endpoint` VALUES ('9b63a382f7c04e279142afd89d8959bb','1002','internal','6047d506862b81d6d99273b4853adfe81e0478c1','https://snet-storage.stg.swift.racklabs.com/v1','{}',0,'ORD');
INSERT INTO `endpoint` VALUES ('9cd1736881cf4de5a31615d4b6f86936','1008','public','6047d506862b81d6d99273b4853adfe81e0478c1','https://storage.stg.swift.racklabs.com/v1','{}',1,'LON');
INSERT INTO `endpoint` VALUES ('9e47e18ceef04873b32a6df686bd3d37','140','public','4864112ffb4f49fe9de5ad3ce50eba8f','http://10.127.7.19/pods/','{}',1,'ORD');
INSERT INTO `endpoint` VALUES ('9fd7da2f05564fb5b95fb00c1f121ecb','1030','admin','4fb10470a0e1423b80848ac6e115b4ec','https://ord.images.api.rackspacecloud.com/v1','{}',1,'ORD');
INSERT INTO `endpoint` VALUES ('a0516a36a2de4edaaf4283beb5788c87','26','admin','3b324c9c30ba4f2a8d2f8e14e2cea5f0','https://lon.images.api.rackspacecloud.com/v1','{}',1,'LON');
INSERT INTO `endpoint` VALUES ('a16c39f6a7d54b3d977d96bc8b675163','1027','public','778280ee70664371a0100a1938d8dafe','https://ord.servers.api.rackspacecloud.com/v2','{}',1,'ORD');
INSERT INTO `endpoint` VALUES ('a207bae52199419ab6fe4b63b8262713','130','public','778280ee70664371a0100a1938d8dafe','https://admin.ord.servers.api.rackspacecloud.com/v2','{}',1,'ORD');
INSERT INTO `endpoint` VALUES ('a2fdeeb9680a4e168e5eb43bedfb1600','1032','public','70cd7894ac644f83bef3e8fe97684581','https://preprod.dfw.servers.api.rackspacecloud.com/v2','{}',1,'DFW');
INSERT INTO `endpoint` VALUES ('a3374993031546f9b3205725e60113f8','1039','public','8bcc248d64274b758871d6982fb3bd3b','https://','{}',1,'ORD');
INSERT INTO `endpoint` VALUES ('a36d594691ed41d6b0f421b584189d14','1030','public','4fb10470a0e1423b80848ac6e115b4ec','https://','{}',1,'ORD');
INSERT INTO `endpoint` VALUES ('a474bf0accd74f27bf39fba69b052001','1016','public','a45b14e394a57e3fd4e45d59ff3693ead204998b','https://ord.servers.api.rackspacecloud.com/v1.0/','{}',1,'LON');
INSERT INTO `endpoint` VALUES ('a4f536f68fa34d0e8879be6b9693c893','134','public','778280ee70664371a0100a1938d8dafe','https://preprod.dfw.servers.api.rackspacecloud.com/v2','{}',1,'DFW');
INSERT INTO `endpoint` VALUES ('a61bdb23ab2c446ca72f416fe3465530','36','admin','778280ee70664371a0100a1938d8dafe','https://usage.api.rackspacecloud.com/v1','{}',1,'LON');
INSERT INTO `endpoint` VALUES ('a6392cd91c794edeb1fdd7e3b2c5263f','35','public','778280ee70664371a0100a1938d8dafe','http://alpha-test.ord.servers.api.rackspacecloud.com:8774/v1.1','{}',1,'ORD');
INSERT INTO `endpoint` VALUES ('a64c66b9146f40589c8b398d3412438f','26','public','3b324c9c30ba4f2a8d2f8e14e2cea5f0','https://','{}',1,'LON');
INSERT INTO `endpoint` VALUES ('a75de98821d2499f83e6c19ba6f73f47','1002','public','6047d506862b81d6d99273b4853adfe81e0478c1','https://storage.stg.swift.racklabs.com/v1','{}',0,'ORD');
INSERT INTO `endpoint` VALUES ('a88fdebfdc414597b500e0864a18b722','1041','public','3b0b5431f4e846438fbcfd8f1f893629','https://staging.lon3.loadbalancers.api.rackspacecloud.com/v1.0','{}',1,'ORD');
INSERT INTO `endpoint` VALUES ('aa43fb0cddb045698a231f43e325b6ec','1036','public','3b0b5431f4e846438fbcfd8f1f893629','https://lon.loadbalancers.api.rackspacecloud.com/v1.0','{}',1,'LON');
INSERT INTO `endpoint` VALUES ('aa4b2ef528ac4a1a9bc46b0190fdc64c','1221','public','6047d506862b81d6d99273b4853adfe81e0478c1','https://otherstorage.clouddrive.com/v1','{}',1,'ORD');
INSERT INTO `endpoint` VALUES ('ac271a1631c2481a966a26da425ebf42','75','admin','2673429b4a72498088392e838c962b5f','https://staging.billing.api.rackspacecloud.com/v1/accounts','{}',1,'ORD');
INSERT INTO `endpoint` VALUES ('ae4b4bca664e4cacbe29f574e174f330','37','public','778280ee70664371a0100a1938d8dafe','http://alpha-test.lon.servers.api.rackspacecloud.com:8774/v1.1','{}',1,'ORD');
INSERT INTO `endpoint` VALUES ('aea24f66cc584ad083a40f14fb70f4c1','63','admin','4fb10470a0e1423b80848ac6e115b4ec','https://dfw.images.api.rackspacecloud.com/v1','{}',1,'DFW');
INSERT INTO `endpoint` VALUES ('b03ebcdcaaba48bc85d406b8a587fdf2','11','public','9e1adf6284ac4599a67a82f3d0aa116e','https://cdn.stg.clouddrive.com/v1','{}',1,'ORD');
INSERT INTO `endpoint` VALUES ('b0e3eaa774cb47949dbcf612f4ca9aa4','8','internal','6047d506862b81d6d99273b4853adfe81e0478c1','https://snet-storage.stg.swift.racklabs.com/v1','{}',1,'LON');
INSERT INTO `endpoint` VALUES ('b220762146c241eab1bfc821dfe28c5e','32','public','3b0b5431f4e846438fbcfd8f1f893629','https://','{}',0,'DFW');
INSERT INTO `endpoint` VALUES ('b24192b38e244d7dbdd6343a59e318ff','59','admin','5cae4c279ff54aeb8589d5fdc24a48df','https://admin-mix/','{}',1,'ORD');
INSERT INTO `endpoint` VALUES ('b4674493aca04b8bbeb544252ba56d0b','116','public','810955c3e53342a3b8a72034e4c312d1','https://preview-ord.servers.api.rackspacecloud.com/v2','{}',1,'ORD');
INSERT INTO `endpoint` VALUES ('b5363eaf43b541e1a07da81fdd67bf82','23','public','502bef771ca24744a948596bcb99530c','https://lon.servers.api.rackspacecloud.com/v2','{}',1,'LON');
INSERT INTO `endpoint` VALUES ('b564422a74124165a9fda8368857aad3','104','admin','7cc417f495c64430828309588dad7393','https://api.staging.ord1.clouddb.rackspace.net/v1.0','{}',0,'DFW');
INSERT INTO `endpoint` VALUES ('b5fd53ccf5924aad886498c602e888af','1033','public','500095b376214c78bd53e3397e8e538b','https://','{}',1,'DFW');
INSERT INTO `endpoint` VALUES ('b78e4ede6ae242e493bebb999c378ecb','100000000','public','c47fbdd0032e465d8809aee5efe3724b','test','{}',1,'ORD');
INSERT INTO `endpoint` VALUES ('bab00899b56940b0b09d40d6d644cea8','1037','public','09ca2c9b733e4ce38a31116f9e94c020','https://','{}',1,'ORD');
INSERT INTO `endpoint` VALUES ('bcd02e366ee2496f82232b7bbf1366fc','888','internal','23f724d4470b4c32899127939f911113','https://service-internal.com/v1 ','{}',1,'ORD');
INSERT INTO `endpoint` VALUES ('bd36b27de44a4dbfb56ae8f5e8492f2c','137','public','20f6cc8ab08c45e39ca153218f22280d','https://qe.ord.lunr.racklabs.com/v1','{}',1,'ORD');
INSERT INTO `endpoint` VALUES ('bd8d661dec2e44289ac473216b7da831','1001','public','6047d506862b81d6d99273b4853adfe81e0478c1','https://storage.stg.swift.racklabs.com/v1','{}',1,'DFW');
INSERT INTO `endpoint` VALUES ('c63b32a69c5b4d7ba256ac1c361fc5d9','76','admin','8bcc248d64274b758871d6982fb3bd3b','https://staging.usage.api.rackspacecloud.com/v1','{}',1,'ORD');
INSERT INTO `endpoint` VALUES ('c70d9d8fd2ea416cb0ffe3c948faa47b','4','public','6047d506862b81d6d99273b4853adfe81e0478c1','https://storage4.clouddrive.com/v1','{}',0,'ORD');
INSERT INTO `endpoint` VALUES ('c9590666315247f8acab5a0794f1bbe4','76','public','8bcc248d64274b758871d6982fb3bd3b','https://','{}',1,'ORD');
INSERT INTO `endpoint` VALUES ('c9dc27efe34f4864af8be849b93fd124','124','public','6598b4f12aa64adab079f346125ad425','https://dfw.blockstorage.api.rackspacecloud.com/v1','{}',1,'DFW');
INSERT INTO `endpoint` VALUES ('c9ff67b8d7ba4e2db114bb9ba53c4c40','46','public','3b0b5431f4e846438fbcfd8f1f893629','https://ord.loadbalancers.api.rackspacecloud.com/v1.0','{}',1,'ORD');
INSERT INTO `endpoint` VALUES ('cad952b3151d49f9a340ebb1406b25b1','888','public','23f724d4470b4c32899127939f911113','https://service-public.com/v1 ','{}',1,'ORD');
INSERT INTO `endpoint` VALUES ('cbafd23257d5468abf339ebf2b53d4c5','1013','public','9e1adf6284ac4599a67a82f3d0aa116e','https://cdn.stg.clouddrive.com/v1','{}',1,'ORD');
INSERT INTO `endpoint` VALUES ('cdbc99bfba034981aa9acd00f5cb417a','66','public','70cd7894ac644f83bef3e8fe97684581','https://preprod.dfw.servers.api.rackspacecloud.com/v2','{}',1,'DFW');
INSERT INTO `endpoint` VALUES ('cddbbab88f674ec1a90638dbe4a1b507','12','public','9e1adf6284ac4599a67a82f3d0aa116e','https://cdn.stg.clouddrive.com/v1','{}',1,'LON');
INSERT INTO `endpoint` VALUES ('cefa7a5175f04a0b8347f9b01b1137b8','44','public','e5095fa908084151a4032c3eead377f4','https://','{}',1,'DFW');
INSERT INTO `endpoint` VALUES ('cfc6b22957fb4ed3b7d229d65cea1bc9','33','public','3b0b5431f4e846438fbcfd8f1f893629','https://lon.loadbalancers.api.rackspacecloud.com/v1.0','{}',1,'LON');
INSERT INTO `endpoint` VALUES ('d0630dccce7b4194a7c771113892c9ad','1006','internal','6047d506862b81d6d99273b4853adfe81e0478c1','https://snet-storage.stg.swift.racklabs.com/v1','{}',1,'ORD');
INSERT INTO `endpoint` VALUES ('d094881670c44d8c872ba21d0926417b','117','public','bb234657064a419ba20cc25e86a52cc9','https://preview-ord.blockstorage.api.rackspacecloud.com/v1','{}',1,'ORD');
INSERT INTO `endpoint` VALUES ('d180494f4bff4bc48b9b361ebb15f799','20','admin','cebeb660339e41fe9cab4ed3ff061a6c','https://admin-all-urls/','{}',1,'ORD');
INSERT INTO `endpoint` VALUES ('d598477be3ed452d9dc8d7dfc0d19142','9','public','9e1adf6284ac4599a67a82f3d0aa116e','https://cdn.stg.clouddrive.com/v1','{}',1,'DFW');
INSERT INTO `endpoint` VALUES ('d5e31752d9874842a72c92b7f151a164','1038','admin','2673429b4a72498088392e838c962b5f','https://billing.api.rackspacecloud.com/v1/accounts','{}',1,'ORD');
INSERT INTO `endpoint` VALUES ('d73f843222f94a49a1e58e0b39e317cc','111','admin','9e1adf6284ac4599a67a82f3d0aa116e','http://image:9292/v1','{}',1,'ORD');
INSERT INTO `endpoint` VALUES ('d889f0c45912438093ee4f37537872fb','1000','internal','c47fbdd0032e465d8809aee5efe3724b','https://otherstorage-snet.clouddrive.com/v1','{}',1,'ORD');
INSERT INTO `endpoint` VALUES ('dcb7bed2272f49ef957bd2951b1aef64','1037','admin','09ca2c9b733e4ce38a31116f9e94c020','https://customer.api.rackspacecloud.com/v1/customer_accounts','{}',1,'ORD');
INSERT INTO `endpoint` VALUES ('dd3109714d46428588f0a817963e7e3d','2000','internal','6047d506862b81d6d99273b4853adfe81e0478c1','https://otherstorage-snet.clouddrive.com/v1','{}',1,'ORD');
INSERT INTO `endpoint` VALUES ('df1418a9eeba4002b6e4d39d54b59d5c','58','public','dd4054bb620a4a4ab6d6a8cd10d13c41','https://','{}',1,'ORD');
INSERT INTO `endpoint` VALUES ('e06042d8a48845afbd38f61d436466fa','109','public','7cc417f495c64430828309588dad7393','https://api.staging.ord1.clouddb.rackspace.net/v1.0','{}',1,'ORD');
INSERT INTO `endpoint` VALUES ('e08c0c298c8945c5a12049766f080279','1006','public','6047d506862b81d6d99273b4853adfe81e0478c1','https://storage.stg.swift.racklabs.com/v1','{}',1,'ORD');
INSERT INTO `endpoint` VALUES ('e2bbcf1c4b52402ca150f9c81f85e6ed','74','admin','09ca2c9b733e4ce38a31116f9e94c020','https://staging.customer.api.rackspacecloud.com/v1/customer_accounts/CLOUD','{}',1,'ORD');
INSERT INTO `endpoint` VALUES ('e42b51f4950145d6b72d39e248859265','1003','public','6047d506862b81d6d99273b4853adfe81e0478c1','https://storage.stg.swift.racklabs.com/v1','{}',1,'ORD');
INSERT INTO `endpoint` VALUES ('e77eac6a42354b8997b18f6952cec561','1014','public','a45b14e394a57e3fd4e45d59ff3693ead204998b','https://servers.api.staging.us.ccp.rackspace.net/v1.0','{}',1,'ORD');
INSERT INTO `endpoint` VALUES ('ead77728cf77400f91ef2fe11ca6ab1e','67','public','500095b376214c78bd53e3397e8e538b','https://','{}',1,'DFW');
INSERT INTO `endpoint` VALUES ('eadf130630204d8aadb6e2c18917efdf','54','public','7cc417f495c64430828309588dad7393','https://dfw.databases.api.rackspacecloud.com/v1.0','{}',1,'DFW');
INSERT INTO `endpoint` VALUES ('eb6b43dd0c4444148563931d8bd998fe','40','admin','8bcc248d64274b758871d6982fb3bd3b','https://staging.usage.api.rackspacecloud.com/v1','{}',1,'ORD');
INSERT INTO `endpoint` VALUES ('ebf0b747e3f14f6f8814f00c1b211d2a','1021','admin','cebeb660339e41fe9cab4ed3ff061a6c','https://admin-all-urls/','{}',1,'ORD');
INSERT INTO `endpoint` VALUES ('ed5a94b63bcd4e528086466ca4e5de60','1029','admin','4fb10470a0e1423b80848ac6e115b4ec','https://dfw.images.api.rackspacecloud.com/v1','{}',1,'DFW');
INSERT INTO `endpoint` VALUES ('ee079d917f0e46359135b554ff2063e5','63','public','4fb10470a0e1423b80848ac6e115b4ec','https://','{}',1,'DFW');
INSERT INTO `endpoint` VALUES ('ef02ed30fc1540f8b3f45371863b57e0','83','public','3b0b5431f4e846438fbcfd8f1f893629','https://staging.ord.loadbalancers.api.rackspacecloud.com/v1.0','{}',1,'ORD');
INSERT INTO `endpoint` VALUES ('f0a40ead88be4e4abccc13e58dae1288','2000','admin','6047d506862b81d6d99273b4853adfe81e0478c1','http://someadmin.com/v1','{}',1,'ORD');
INSERT INTO `endpoint` VALUES ('f1a128d4238945b78a14556f1d503153','17','public','bcf53d061ef545149f577fd9682dd3cb','https://staging.dnsaas.rackspace.net/v1.0','{}',1,'ORD');
INSERT INTO `endpoint` VALUES ('f5474c7539e3491badbb8f8cb98ec89a','132','public','41779496f06c4cd4a4ae9d60655a3b2c','https://','{}',1,'DFW');
INSERT INTO `endpoint` VALUES ('f5d4738bbb914299930961097515405a','65','public','4fb10470a0e1423b80848ac6e115b4ec','https://','{}',1,'LON');
INSERT INTO `endpoint` VALUES ('f5dc8072c835448f84559cd74a15692b','1019','admin','dd4054bb620a4a4ab6d6a8cd10d13c41','https://admin-only/','{}',1,'ORD');
INSERT INTO `endpoint` VALUES ('f6832c29ddb84f2299986ed693dbb9ba','67','admin','500095b376214c78bd53e3397e8e538b','https://staging.preprod.dfw.images.api.rackspacecloud.com/v1','{}',1,'DFW');
INSERT INTO `endpoint` VALUES ('f714f18726ea49089bc9bf9d5df2dd47','2','internal','6047d506862b81d6d99273b4853adfe81e0478c1','https://snet-storage.clouddrive.com/v1','{}',0,'ORD');
INSERT INTO `endpoint` VALUES ('f733052a932e41d2b0fe07de1fb14ae5','106','public','92f71b49fc774e3093808e30d9b999cb','https://monitoring.api.rackspacecloud.com/v1.0','{}',1,'ORD');
INSERT INTO `endpoint` VALUES ('f81393ca160349e4b79865041880f73b','3','public','6047d506862b81d6d99273b4853adfe81e0478c1','https://storage.stg.swift.racklabs.com/v1','{}',1,'ORD');
INSERT INTO `endpoint` VALUES ('f8a818bc9ef145949ad88fc04a4f3678','125','public','79964ea548f747f2932ade27a4692b7a','http://nova-api1.a0001.h48.ohthree.com:8774/v2','{}',1,'ORD');
INSERT INTO `endpoint` VALUES ('fb5145519f3b46e0be376d7b48c9deaa','104','public','7cc417f495c64430828309588dad7393','https://api.staging.ord1.clouddb.rackspace.net/v1.0','{}',0,'DFW');
INSERT INTO `endpoint` VALUES ('febc6aaacbd54a479c4d201d87f10422','79','public','e5095fa908084151a4032c3eead377f4','https://','{}',1,'DFW');
INSERT INTO `endpoint` VALUES ('ff8d0846cdbf49418eb8be6d93eaf93f','35','admin','778280ee70664371a0100a1938d8dafe','https://billing.api.rackspacecloud.com/v1/accounts','{}',1,'ORD');

--
-- Dumping data for table `endpoint_group`
--


--
-- Dumping data for table `endpoint_rax`
--

INSERT INTO `endpoint_rax` VALUES ('0444a8e3ab8347ce85277830512a7d8e','MOSSO','compute',0,0,'Compute',NULL,'1','https://compute.north.public.com/v1/ ','https://compute.north.public.com/');
INSERT INTO `endpoint_rax` VALUES ('048ae13e61f048e28c7bd1495b906f7d','MOSSO','rax:monitor',0,0,'cloudMonitoring',NULL,NULL,NULL,NULL);
INSERT INTO `endpoint_rax` VALUES ('09167b30924441648fdbf9b02d6248a9','NAST','object-store',1,0,'cloudFiles',NULL,NULL,NULL,NULL);
INSERT INTO `endpoint_rax` VALUES ('0ac26aa5bc7c4c22a47420226d7f7af8','MOSSO','compute',0,0,'cloudServersOpenStack',NULL,'2','https://lon.servers.api.rackspacecloud.com/v2','https://lon.servers.api.rackspacecloud.com/');
INSERT INTO `endpoint_rax` VALUES ('0b1b17f2ae8d496f80168c05cd53c34a','MOSSO','rax:incident',0,0,'IncidentService',NULL,NULL,NULL,NULL);
INSERT INTO `endpoint_rax` VALUES ('108a1bab129d47f9ba9e22fee13fbd13','MOSSO','rax:whales',0,0,'rax:whales',NULL,'1',' ',' ');
INSERT INTO `endpoint_rax` VALUES ('1158d4bc2f404b0cb9daa95d3446c0cc','MOSSO','compute',0,0,'openstackHuddle48',NULL,NULL,NULL,NULL);
INSERT INTO `endpoint_rax` VALUES ('11f9a5590eed4068b4430b96782cbc9b','NAST','object-store',0,0,'cloudFiles',NULL,'1','https://api.info.uri.com/v1/','https://api.list.uri.com/v1/');
INSERT INTO `endpoint_rax` VALUES ('13217f94b3d3475588a870ecb93687fa','MOSSO','undefined',0,0,'admin-Only',NULL,NULL,NULL,NULL);
INSERT INTO `endpoint_rax` VALUES ('13d0c96215104e95a004635c9f2b751f','MOSSO','cloudServers',0,0,'cloudServers',NULL,NULL,NULL,NULL);
INSERT INTO `endpoint_rax` VALUES ('13e919cf114244359a2c99f60837422e','MOSSO','image',0,0,'cloudImages',NULL,NULL,NULL,NULL);
INSERT INTO `endpoint_rax` VALUES ('1404fd1bc59749d18c41328cf8c078ff','MOSSO','rax:biling',0,0,'BillingService',NULL,NULL,NULL,NULL);
INSERT INTO `endpoint_rax` VALUES ('1557e86fe4f74e758a1bd65a0a1bbb65','MOSSO','undefined',0,0,'admin-Mix',NULL,NULL,NULL,NULL);
INSERT INTO `endpoint_rax` VALUES ('15a36a8466ee47719713168fb9a40fde','MOSSO','image',0,0,'cloudImagesPublicPreprod',NULL,NULL,NULL,NULL);
INSERT INTO `endpoint_rax` VALUES ('162374335854430db9a52dd172434001','MOSSO','compute',0,0,'openstackHuddle48',NULL,NULL,NULL,NULL);
INSERT INTO `endpoint_rax` VALUES ('17d621258d154e3a8141cad447fb6b10','MOSSO','rax:usage',0,0,'UsageService',NULL,NULL,NULL,NULL);
INSERT INTO `endpoint_rax` VALUES ('1937cca04a0f47a585e55d2d09d6222b','MOSSO','rax:database',0,0,'cloudDatabases',NULL,NULL,NULL,NULL);
INSERT INTO `endpoint_rax` VALUES ('1bc8160c8a4c403fbb1f229d53128e5e','NAST','object-store',0,0,'cloudFiles',NULL,NULL,NULL,NULL);
INSERT INTO `endpoint_rax` VALUES ('1be53909f4af46f881ee7ca7070d770f','NAST','object-store',0,0,'cloudFiles',NULL,NULL,NULL,NULL);
INSERT INTO `endpoint_rax` VALUES ('1d8ab38d191b453586f65cfc9ba3352e','NAST','object-store',0,0,'cloudFiles',NULL,'1','https://api.info.uri.com/v1/','https://api.list.uri.com/v1/');
INSERT INTO `endpoint_rax` VALUES ('1e69263e6ae24052a3c3fd374c55e673','MOSSO','rax:load-balancer',0,0,'cloudLoadBalancers',NULL,NULL,NULL,NULL);
INSERT INTO `endpoint_rax` VALUES ('2019ebb4320d47cf9edd196f5bcc160c','NAST','rax:object-cdn',0,0,'cloudFilesCDN',NULL,NULL,NULL,NULL);
INSERT INTO `endpoint_rax` VALUES ('209b1f3b1265402981a871576025a97b','MOSSO','volume',0,0,'cloudBlockStorageHuddle48',NULL,NULL,NULL,NULL);
INSERT INTO `endpoint_rax` VALUES ('219ba29ea2664560bc89da7123655ea7','MOSSO','undefined',0,0,'all-urls',NULL,NULL,NULL,NULL);
INSERT INTO `endpoint_rax` VALUES ('24dfcf11b52f47748664faeb19ea54df','MOSSO','undefined',0,0,'cloudImages',NULL,NULL,NULL,NULL);
INSERT INTO `endpoint_rax` VALUES ('2688a685db584972915a5d9df61dd0ba','MOSSO','rax:incident',0,0,'IncidentService',NULL,NULL,NULL,NULL);
INSERT INTO `endpoint_rax` VALUES ('28b3759c8a274f3cadcaf800a2721605','MOSSO','undefined',0,0,'cloudImagesPreprod',NULL,NULL,NULL,NULL);
INSERT INTO `endpoint_rax` VALUES ('29c8b540a3664c63be7b72c74c9ad553','MOSSO','rax:monitor',1,0,'cloudMonitoring',NULL,NULL,NULL,NULL);
INSERT INTO `endpoint_rax` VALUES ('2abeb17d0a60450793e38ae828761b8e','MOSSO','undefined',0,0,'cloudImages',NULL,NULL,NULL,NULL);
INSERT INTO `endpoint_rax` VALUES ('2dc8c0e040a8437ba5e06690e6c7f70d','MOSSO','rax:incident',0,0,'IncidentService',NULL,NULL,NULL,NULL);
INSERT INTO `endpoint_rax` VALUES ('30c50ae197a945338841dd7d48a5cabf','MOSSO','undefined',0,0,'cloudImages',NULL,NULL,NULL,NULL);
INSERT INTO `endpoint_rax` VALUES ('3165e848b1a1462198cd441a4ea01427','NAST','object-store',0,0,'cloudFiles',NULL,NULL,NULL,NULL);
INSERT INTO `endpoint_rax` VALUES ('32cc924547a648d3a2688345a92e5347','MOSSO','rax:incident',0,0,'IncidentService',NULL,NULL,NULL,NULL);
INSERT INTO `endpoint_rax` VALUES ('35b0bd1018814a7881127b177bd23d07','MOSSO','image',0,0,'cloudImagesPreprod',NULL,NULL,NULL,NULL);
INSERT INTO `endpoint_rax` VALUES ('364c79eca1f446fd8dd89cccdd5764d1','MOSSO','undefined',0,0,'admin-Only',NULL,NULL,NULL,NULL);
INSERT INTO `endpoint_rax` VALUES ('36f945dffd4e46f6b295e5fd06ed1cd1','MOSSO','undefined',0,0,'admin-Only',NULL,NULL,NULL,NULL);
INSERT INTO `endpoint_rax` VALUES ('37dde4cebfb24a1ea57aa96283b1ed4e','MOSSO','undefined',0,0,'cloudImagesPreprod',NULL,NULL,NULL,NULL);
INSERT INTO `endpoint_rax` VALUES ('39b4dc7a6554417f859454af0227a9b7','NAST','object-store',0,0,'cloudFiles',NULL,NULL,NULL,NULL);
INSERT INTO `endpoint_rax` VALUES ('3a632bae6ce74c219bb1580b1d502801','MOSSO','undefined',0,0,'all-urls',NULL,NULL,NULL,NULL);
INSERT INTO `endpoint_rax` VALUES ('3d3d1f3f033a4c3a8d4fdc4c6f4e2366','MOSSO','cloudServers',0,0,'test',NULL,NULL,NULL,NULL);
INSERT INTO `endpoint_rax` VALUES ('3ef8f99eac584af392ec8b1971e7c894','NAST','object-store',1,0,'cloudFiles',NULL,NULL,NULL,NULL);
INSERT INTO `endpoint_rax` VALUES ('3f052fcc9f3a4ac68fd9954a74941190','MOSSO','compute',0,0,'Compute',NULL,'1','https://compute.north.public.com/v1/ ','https://compute.north.public.com/');
INSERT INTO `endpoint_rax` VALUES ('3f70e9b0d9e64045b301727ef6b41e64','MOSSO','rax:monitor',1,0,'cloudMonitoring',NULL,NULL,NULL,NULL);
INSERT INTO `endpoint_rax` VALUES ('3fcf5db17d1e4d3d993bd865881090cb','NAST','object-store',0,0,'cloudFiles',NULL,NULL,NULL,NULL);
INSERT INTO `endpoint_rax` VALUES ('404f093d07294c48993eb73c3acbeeb1','MOSSO','compute',0,0,'cloudServersPreprodAdmin',NULL,NULL,NULL,NULL);
INSERT INTO `endpoint_rax` VALUES ('4153af43e9d742329e4b03e2834cbefb','MOSSO','volume',0,0,'cloudBlockStorageHuddle48',NULL,NULL,NULL,NULL);
INSERT INTO `endpoint_rax` VALUES ('41828e41ca5b4ddb97120a72d9be9973','MOSSO','object-store',0,0,'cloudFiles',NULL,'1','https://api.info.uri.com/v1/','https://api.list.uri.com/v1/');
INSERT INTO `endpoint_rax` VALUES ('420f921fbdcf41f79a62d32c1e1386b4','MOSSO','rax:biling',0,0,'BillingService',NULL,NULL,NULL,NULL);
INSERT INTO `endpoint_rax` VALUES ('42ba1172ad464cb184c51f75e6186c80','MOSSO','volume',0,0,'cloudBlockStoragePreview',NULL,NULL,NULL,NULL);
INSERT INTO `endpoint_rax` VALUES ('42df97ee2fdd4988a474e3b246d7cf5f','MOSSO','object-store',0,0,'cloudFiles',NULL,'1','https://api.info.uri.com/v1/','https://api.list.uri.com/v1/');
INSERT INTO `endpoint_rax` VALUES ('43802087accc450d8fcfa269e7d01424','MOSSO','object-store',0,0,'cloudFiles',NULL,'1','https://api.info.uri.com/v1/','https://api.list.uri.com/v1/');
INSERT INTO `endpoint_rax` VALUES ('43ed6e5f7be74fd6b6e8288a3cec7825','MOSSO','compute',0,0,'openstackHuddle48',NULL,NULL,NULL,NULL);
INSERT INTO `endpoint_rax` VALUES ('4444694e2ce7423a84e859c29a4d37f2','MOSSO','rax:load-balancer',1,0,'cloudLoadBalancers',NULL,NULL,NULL,NULL);
INSERT INTO `endpoint_rax` VALUES ('44bd386d54e547cab7254d7f5d5a7605','MOSSO','undefined',0,0,'all-urls',NULL,NULL,NULL,NULL);
INSERT INTO `endpoint_rax` VALUES ('44ebe3e5e2d94d678d62d8e2e8633a9f','MOSSO','compute',1,0,'cloudServersPreprod',NULL,NULL,NULL,NULL);
INSERT INTO `endpoint_rax` VALUES ('4856ab4eb1e64508b5df8c67efb4efb9','MOSSO','rax:biling',0,0,'BillingService',NULL,NULL,NULL,NULL);
INSERT INTO `endpoint_rax` VALUES ('4e53d24f41bb40f4b7bc320e606755c2','MOSSO','image',0,0,'cloudImages',NULL,NULL,NULL,NULL);
INSERT INTO `endpoint_rax` VALUES ('4e7e480fc93d41cfb0fa476f198d001a','MOSSO','compute',0,0,'Compute',NULL,'1','https://compute.north.public.com/v1/ ','https://compute.north.public.com/');
INSERT INTO `endpoint_rax` VALUES ('4f7165fd634a4a2ea883e16520493e05','MOSSO','undefined',0,0,'cloudServersOpenStack',NULL,NULL,NULL,NULL);
INSERT INTO `endpoint_rax` VALUES ('4fa94d169d224a0b8b3574ef3c1ed419','MOSSO','object-store',0,0,'cloudFiles',NULL,'1','https://api.info.uri.com/v1/','https://api.list.uri.com/v1/');
INSERT INTO `endpoint_rax` VALUES ('5041efbc8b484cfca580bd46f6159f7b','MOSSO','rax:monitor',1,0,'cloudMonitoring',NULL,NULL,NULL,NULL);
INSERT INTO `endpoint_rax` VALUES ('5055c39bc5204eb28d8b53a176128a91','MOSSO','image',0,0,'cloudImages',NULL,NULL,NULL,NULL);
INSERT INTO `endpoint_rax` VALUES ('525796e2249b4fd88c8f3fd0faeebb48','NAST','rax:object-cdn',0,0,'cloudFilesCDN',NULL,'1','https://api.info.uri.com/v1/','https://api.list.uri.com/v1/');
INSERT INTO `endpoint_rax` VALUES ('5367a9b88ed9413abce2b6ec7054c0a4','MOSSO','rax:database',0,0,'cloudDatabases',NULL,NULL,NULL,NULL);
INSERT INTO `endpoint_rax` VALUES ('54e99c0d105044bf888672140b07bc17','MOSSO','compute',0,0,'cloudServersCBSPreview',NULL,NULL,NULL,NULL);
INSERT INTO `endpoint_rax` VALUES ('558519bc68a04c0dac5dbd9d534f915f','MOSSO','volume',0,0,'cloudBlockStorageQE',NULL,NULL,NULL,NULL);
INSERT INTO `endpoint_rax` VALUES ('5640a65f850d492cad35b8dc78a5dccd','MOSSO','compute',0,0,'openstackHuddle48',NULL,NULL,NULL,NULL);
INSERT INTO `endpoint_rax` VALUES ('569554152d5b45e68924faa8dcef7659','MOSSO','rax:load-balancer',0,0,'cloudLoadBalancers',NULL,NULL,NULL,NULL);
INSERT INTO `endpoint_rax` VALUES ('574a2c97118a4ab4a1b9554f731ca32c','MOSSO','rax:customer',0,0,'CustomerService',NULL,NULL,NULL,NULL);
INSERT INTO `endpoint_rax` VALUES ('57a29b9b15ef4054aaf98d96874acf50','NAST','object-store',1,0,'cloudFiles',NULL,'1','https://api.info.uri.com/v1/','https://api.list.uri.com/v1/');
INSERT INTO `endpoint_rax` VALUES ('57bb3018324f462db7afbe55d5e96de1','MOSSO','compute',1,0,'cloudServers',NULL,NULL,NULL,NULL);
INSERT INTO `endpoint_rax` VALUES ('593336e4c5fc47fa94655d38513cd1ed','NAST','object-store',0,0,'cloudFiles',NULL,NULL,NULL,NULL);
INSERT INTO `endpoint_rax` VALUES ('5971bce10ed045cdadc45ed5985e41d9','MOSSO','undefined',0,0,'all-urls',NULL,NULL,NULL,NULL);
INSERT INTO `endpoint_rax` VALUES ('59d9242951584cb5a63522de001f5878','NAST','rax:object-cdn',1,0,'cloudFilesCDN',NULL,NULL,NULL,NULL);
INSERT INTO `endpoint_rax` VALUES ('5a9cfa60a41f4744add68e53ef042b3a','MOSSO','compute',1,0,'cloudServers',NULL,'1.0','https://servers.api.staging.us.ccp.rackspace.net/v1.0','https://servers.api.staging.us.ccp.rackspace.net/v1.0');
INSERT INTO `endpoint_rax` VALUES ('5df2ae50c5b24c0e876bb0792380823e','MOSSO','undefined',0,0,'admin-Mix',NULL,NULL,NULL,NULL);
INSERT INTO `endpoint_rax` VALUES ('5e728418dc7a49379a9c1b1245460220','MOSSO','compute',0,0,'cloudServersPreview',NULL,NULL,NULL,NULL);
INSERT INTO `endpoint_rax` VALUES ('5eb31ff834164f0d81c65640ba21f0d6','MOSSO','rax:load-balancer',0,0,'cloudLoadBalancers',NULL,NULL,NULL,NULL);
INSERT INTO `endpoint_rax` VALUES ('603a72013fb442b3b06276b5d6240fe9','MOSSO','image',0,0,'cloudImages',NULL,NULL,NULL,NULL);
INSERT INTO `endpoint_rax` VALUES ('62ce8daef46341f4b6e6033b2cffa6f9','NAST','rax:object-cdn',0,0,'cloudFilesCDN',NULL,NULL,NULL,NULL);
INSERT INTO `endpoint_rax` VALUES ('635f8366a55b40538d2f2bfb45a437d9','MOSSO','rax:dns',0,0,'cloudDNS',NULL,NULL,NULL,NULL);
INSERT INTO `endpoint_rax` VALUES ('641ecff9609d4d89a31324381430f706','NAST','object-store',0,0,'cloudFiles',NULL,NULL,NULL,NULL);
INSERT INTO `endpoint_rax` VALUES ('66b536bf76444b66a017af07ff5a305b','MOSSO','undefined',0,0,'admin-Mix',NULL,NULL,NULL,NULL);
INSERT INTO `endpoint_rax` VALUES ('6bbf938b274c42b28c31645d6c946894','MOSSO','compute',0,0,'cloudServers',NULL,NULL,NULL,NULL);
INSERT INTO `endpoint_rax` VALUES ('6cc8e55efbaa45469d09ba2fa6ba0b07','MOSSO','rax:load-balancer',0,0,'cloudLoadBalancers',NULL,NULL,NULL,NULL);
INSERT INTO `endpoint_rax` VALUES ('6dd51e3d250940cd8da6a04fe4298345','MOSSO','rax:biling',0,0,'BillingService',NULL,NULL,NULL,NULL);
INSERT INTO `endpoint_rax` VALUES ('6e76d90d6e9a420580b40b40b7160852','MOSSO','image',0,0,'cloudImagesPublicPreprod',NULL,NULL,NULL,NULL);
INSERT INTO `endpoint_rax` VALUES ('705a1f0d00e34f38ba343a4a339c42ca','MOSSO','rax:customer',0,0,'CustomerService',NULL,NULL,NULL,NULL);
INSERT INTO `endpoint_rax` VALUES ('74b99c7beadc45ee88da9772fe161708','MOSSO','rax:incident',0,0,'IncidentService',NULL,NULL,NULL,NULL);
INSERT INTO `endpoint_rax` VALUES ('77285842bdf54034a8caa3d4e049bbfb','MOSSO','rax:object-cdn',0,0,'cloudFilesCDN',NULL,NULL,NULL,NULL);
INSERT INTO `endpoint_rax` VALUES ('779a0c304c22440087a31898469b2b16','MOSSO','undefined',0,0,'admin-Mix',NULL,NULL,NULL,NULL);
INSERT INTO `endpoint_rax` VALUES ('7814faf2f29b4d9d9422c26c754d3d24','MOSSO','rax:customer',0,0,'CustomerService',NULL,NULL,NULL,NULL);
INSERT INTO `endpoint_rax` VALUES ('78b2d054ca4b4754992c8425dfe34464','MOSSO','undefined',0,0,'cloudServersOpenStack',NULL,NULL,NULL,NULL);
INSERT INTO `endpoint_rax` VALUES ('78e7eaa7026e439c977488ffe667a692','MOSSO','compute',0,0,'cloudServersOpenStack',NULL,NULL,NULL,NULL);
INSERT INTO `endpoint_rax` VALUES ('79888d889c914016a5716261b3c508b6','MOSSO','compute',0,0,'cloudServersOpenStack',NULL,NULL,NULL,NULL);
INSERT INTO `endpoint_rax` VALUES ('79db7ffff19340de9b2aa53be92c0cd6','MOSSO','compute',0,0,'cloudServersOpenStack',NULL,NULL,NULL,NULL);
INSERT INTO `endpoint_rax` VALUES ('7c05d0f4d48b4c8587e5da9f254c7342','MOSSO','rax:customer',0,0,'CustomerService',NULL,NULL,NULL,NULL);
INSERT INTO `endpoint_rax` VALUES ('7ca9341fb62947b4873acfe84622a136','NAST','rax:object-cdn',1,0,'cloudFilesCDN',NULL,'1','https://api.info.uri.com/v1/','https://api.list.uri.com/v1/');
INSERT INTO `endpoint_rax` VALUES ('7d2cf7f269214e708667e2c2b63bfd2f','MOSSO','volume',0,0,'cloudBlockStorageHuddle48',NULL,NULL,NULL,NULL);
INSERT INTO `endpoint_rax` VALUES ('7e75542ac6954b64a3e27cebcd8cdded','NAST','rax:object-cdn',0,0,'cloudFilesCDN',NULL,NULL,NULL,NULL);
INSERT INTO `endpoint_rax` VALUES ('7f9456b48141401f8c85d07caf2a5811','MOSSO','undefined',0,0,'cloudImages',NULL,NULL,NULL,NULL);
INSERT INTO `endpoint_rax` VALUES ('80cb889d7a9444f98b5d8137026010fd','NAST','object-store',0,0,'cloudFiles',NULL,NULL,NULL,NULL);
INSERT INTO `endpoint_rax` VALUES ('81b7b0a77ef148949e590d62c8d07485','MOSSO','compute',0,0,'Compute',NULL,'1','https://compute.north.public.com/v1/ ','https://compute.north.public.com/');
INSERT INTO `endpoint_rax` VALUES ('83b7875b3bde4a958e6f7e01d1373c98','MOSSO','rax:usage',0,0,'UsageService',NULL,NULL,NULL,NULL);
INSERT INTO `endpoint_rax` VALUES ('83d03b75b8fe4e63817e3ff0e25144fa','MOSSO','image',0,0,'cloudImagesHuddle48',NULL,NULL,NULL,NULL);
INSERT INTO `endpoint_rax` VALUES ('859c89691c254438b493a6107c9a5b43','MOSSO','compute',0,0,'cloudServersOpenStack',NULL,'2','https://lon.servers.api.rackspacecloud.com/v2','https://lon.servers.api.rackspacecloud.com/');
INSERT INTO `endpoint_rax` VALUES ('85efa96f38fd4000ad12b67b1aa39e4e','NAST','object-store',0,0,'cloudFiles',NULL,NULL,NULL,NULL);
INSERT INTO `endpoint_rax` VALUES ('8910feba2b22402397303821a4dd9295','MOSSO','image',0,0,'cloudImages',NULL,NULL,NULL,NULL);
INSERT INTO `endpoint_rax` VALUES ('891e8567854244ec8c56d1e3d14f3b85','MOSSO','undefined',0,0,'admin-Only',NULL,NULL,NULL,NULL);
INSERT INTO `endpoint_rax` VALUES ('8965ff4032424db089f8438eeafb15cf','MOSSO','undefined',0,0,'cloudServersPreprod',NULL,NULL,NULL,NULL);
INSERT INTO `endpoint_rax` VALUES ('899b5cd8d8e8478b86cadd167ab001d7','NAST','object-store',0,0,'cloudFiles',NULL,'1','https://api.info.uri.com/v1/','https://api.list.uri.com/v1/');
INSERT INTO `endpoint_rax` VALUES ('8a910c370c0d479bb0084ca926d030a3','MOSSO','compute',0,0,'cloudServersOpenStack',NULL,NULL,NULL,NULL);
INSERT INTO `endpoint_rax` VALUES ('8b116a422d0c40d48630956d348c5cdd','MOSSO','compute',0,0,'cloudServersOpenStack',NULL,'2','https://dfw.servers.api.rackspacecloud.com/v2','https://dfw.servers.api.rackspacecloud.com/');
INSERT INTO `endpoint_rax` VALUES ('8e449d136dc64affa05b37fcb38d8828','MOSSO','rax:incident',0,0,'IncidentService',NULL,NULL,NULL,NULL);
INSERT INTO `endpoint_rax` VALUES ('8ee035f9263d4c319326efa3f5b099db','MOSSO','image',0,0,'cloudImages',NULL,NULL,NULL,NULL);
INSERT INTO `endpoint_rax` VALUES ('9017f573b2ad427abead57d5f99a2eb2','NAST','object-store',0,0,'cloudFiles',NULL,'1','https://api.info.uri.com/v1/','https://api.list.uri.com/v1/');
INSERT INTO `endpoint_rax` VALUES ('9079cbfc7dd34324afbcf3b8562f86e4','MOSSO','rax:load-balancer',0,0,'cloudLoadBalancers',NULL,NULL,NULL,NULL);
INSERT INTO `endpoint_rax` VALUES ('91a9452ecd434af388fd20dbd703a4ea','MOSSO','rax:customer',0,0,'CustomerService',NULL,NULL,NULL,NULL);
INSERT INTO `endpoint_rax` VALUES ('92a870334644495b8027606e4edd340b','NAST','object-store',0,0,'cloudFiles',NULL,NULL,NULL,NULL);
INSERT INTO `endpoint_rax` VALUES ('94453aa03d3b46c291089077010213ad','MOSSO','compute',0,0,'openstackHuddle48',NULL,NULL,NULL,NULL);
INSERT INTO `endpoint_rax` VALUES ('94b6333a0eac427399f3725803200cde','MOSSO','rax:database',0,0,'cloudDatabases',NULL,NULL,NULL,NULL);
INSERT INTO `endpoint_rax` VALUES ('950e2665575d497a9feeb060989cef0d','MOSSO','undefined',0,0,'admin-Mix',NULL,NULL,NULL,NULL);
INSERT INTO `endpoint_rax` VALUES ('950fbb7812824b84a341869166279ca9','NAST','object-store',0,0,'cloudFiles',NULL,'1','https://api.info.uri.com/v1/','https://api.list.uri.com/v1/');
INSERT INTO `endpoint_rax` VALUES ('956488b911ff44b19b617b0a1e763679','NAST','object-store',1,0,'cloudFiles',NULL,NULL,NULL,NULL);
INSERT INTO `endpoint_rax` VALUES ('95e4107a8b6e4c75adaaeea51daa1400','MOSSO','compute',0,0,'cloudServersOpenStack',NULL,NULL,NULL,NULL);
INSERT INTO `endpoint_rax` VALUES ('95f7ab80590449aa9ffff68bbb238f91','MOSSO','volume',0,0,'cloudVolumeCBSPreview',NULL,NULL,NULL,NULL);
INSERT INTO `endpoint_rax` VALUES ('966a3d2a231a41729c895e1f83127d32','MOSSO','compute',0,0,'cloudServers',NULL,'1.0','http://api-n01.qe.ord1.us.cloudcompute.rackspace.net:8080/v1.0','http://api-n01.qe.ord1.us.cloudcompute.rackspace.net:8080/v1.0');
INSERT INTO `endpoint_rax` VALUES ('979a5b10e2bd4c9ba4df191cd8e03fc5','MOSSO','image',0,0,'cloudImagesHuddle48',NULL,NULL,NULL,NULL);
INSERT INTO `endpoint_rax` VALUES ('995be14c010a4646ba0732b8446abb4c','NAST','rax:object-cdn',0,0,'cloudFilesCDN',NULL,NULL,NULL,NULL);
INSERT INTO `endpoint_rax` VALUES ('99aaec3ad0a54dba9925ed78fbbbb197','MOSSO','volume',1,0,'cloudBlockStoragePreprod',NULL,NULL,NULL,NULL);
INSERT INTO `endpoint_rax` VALUES ('9b63a382f7c04e279142afd89d8959bb','NAST','object-store',0,0,'cloudFiles',NULL,NULL,NULL,NULL);
INSERT INTO `endpoint_rax` VALUES ('9cd1736881cf4de5a31615d4b6f86936','NAST','object-store',1,0,'cloudFiles',NULL,NULL,NULL,NULL);
INSERT INTO `endpoint_rax` VALUES ('9e47e18ceef04873b32a6df686bd3d37','MOSSO','rax:whales',0,0,'rax:whales',NULL,'1',' ',' ');
INSERT INTO `endpoint_rax` VALUES ('9fd7da2f05564fb5b95fb00c1f121ecb','MOSSO','image',0,0,'cloudImages',NULL,NULL,NULL,NULL);
INSERT INTO `endpoint_rax` VALUES ('a0516a36a2de4edaaf4283beb5788c87','MOSSO','undefined',0,0,'cloudImages',NULL,NULL,NULL,NULL);
INSERT INTO `endpoint_rax` VALUES ('a16c39f6a7d54b3d977d96bc8b675163','MOSSO','compute',0,0,'cloudServersOpenStack',NULL,'2','https://ord.servers.api.rackspacecloud.com/v2','https://ord.servers.api.rackspacecloud.com/');
INSERT INTO `endpoint_rax` VALUES ('a207bae52199419ab6fe4b63b8262713','MOSSO','compute',0,0,'cloudServersOpenStack',NULL,NULL,NULL,NULL);
INSERT INTO `endpoint_rax` VALUES ('a2fdeeb9680a4e168e5eb43bedfb1600','MOSSO','compute',0,0,'cloudServersPreprod',NULL,NULL,NULL,NULL);
INSERT INTO `endpoint_rax` VALUES ('a3374993031546f9b3205725e60113f8','MOSSO','rax:usage',0,0,'UsageService',NULL,NULL,NULL,NULL);
INSERT INTO `endpoint_rax` VALUES ('a36d594691ed41d6b0f421b584189d14','MOSSO','image',0,0,'cloudImages',NULL,NULL,NULL,NULL);
INSERT INTO `endpoint_rax` VALUES ('a474bf0accd74f27bf39fba69b052001','MOSSO','compute',0,0,'cloudServers',NULL,NULL,NULL,NULL);
INSERT INTO `endpoint_rax` VALUES ('a4f536f68fa34d0e8879be6b9693c893','MOSSO','compute',0,0,'cloudServersOpenStack',NULL,NULL,NULL,NULL);
INSERT INTO `endpoint_rax` VALUES ('a61bdb23ab2c446ca72f416fe3465530','MOSSO','compute',0,0,'cloudServersOpenStack',NULL,NULL,NULL,NULL);
INSERT INTO `endpoint_rax` VALUES ('a6392cd91c794edeb1fdd7e3b2c5263f','MOSSO','compute',0,0,'cloudServersOpenStack',NULL,NULL,NULL,NULL);
INSERT INTO `endpoint_rax` VALUES ('a64c66b9146f40589c8b398d3412438f','MOSSO','undefined',0,0,'cloudImages',NULL,NULL,NULL,NULL);
INSERT INTO `endpoint_rax` VALUES ('a75de98821d2499f83e6c19ba6f73f47','NAST','object-store',0,0,'cloudFiles',NULL,NULL,NULL,NULL);
INSERT INTO `endpoint_rax` VALUES ('a88fdebfdc414597b500e0864a18b722','MOSSO','rax:load-balancer',1,0,'cloudLoadBalancers',NULL,NULL,NULL,NULL);
INSERT INTO `endpoint_rax` VALUES ('aa43fb0cddb045698a231f43e325b6ec','MOSSO','rax:load-balancer',0,0,'cloudLoadBalancers',NULL,NULL,NULL,NULL);
INSERT INTO `endpoint_rax` VALUES ('aa4b2ef528ac4a1a9bc46b0190fdc64c','NAST','object-store',0,0,'cloudFiles',NULL,NULL,NULL,NULL);
INSERT INTO `endpoint_rax` VALUES ('ac271a1631c2481a966a26da425ebf42','MOSSO','rax:biling',0,0,'BillingService',NULL,NULL,NULL,NULL);
INSERT INTO `endpoint_rax` VALUES ('ae4b4bca664e4cacbe29f574e174f330','MOSSO','compute',0,0,'cloudServersOpenStack',NULL,NULL,NULL,NULL);
INSERT INTO `endpoint_rax` VALUES ('aea24f66cc584ad083a40f14fb70f4c1','MOSSO','image',0,0,'cloudImages',NULL,NULL,NULL,NULL);
INSERT INTO `endpoint_rax` VALUES ('b03ebcdcaaba48bc85d406b8a587fdf2','NAST','rax:object-cdn',1,0,'cloudFilesCDN',NULL,'1','https://api.info.uri.com/v1/','https://api.list.uri.com/v1/');
INSERT INTO `endpoint_rax` VALUES ('b0e3eaa774cb47949dbcf612f4ca9aa4','NAST','object-store',0,0,'cloudFiles',NULL,'1','https://api.info.uri.com/v1/','https://api.list.uri.com/v1/');
INSERT INTO `endpoint_rax` VALUES ('b220762146c241eab1bfc821dfe28c5e','MOSSO','rax:load-balancer',0,0,'cloudLoadBalancers',NULL,NULL,NULL,NULL);
INSERT INTO `endpoint_rax` VALUES ('b24192b38e244d7dbdd6343a59e318ff','MOSSO','undefined',0,0,'admin-Mix',NULL,NULL,NULL,NULL);
INSERT INTO `endpoint_rax` VALUES ('b4674493aca04b8bbeb544252ba56d0b','MOSSO','compute',0,0,'cloudServersOpenStackPreview',NULL,NULL,NULL,NULL);
INSERT INTO `endpoint_rax` VALUES ('b5363eaf43b541e1a07da81fdd67bf82','MOSSO','undefined',0,0,'cloudServersOpenStack',NULL,NULL,NULL,NULL);
INSERT INTO `endpoint_rax` VALUES ('b564422a74124165a9fda8368857aad3','MOSSO','rax:database',0,0,'cloudDatabases',NULL,NULL,NULL,NULL);
INSERT INTO `endpoint_rax` VALUES ('b5fd53ccf5924aad886498c602e888af','MOSSO','image',0,0,'cloudImagesPreprod',NULL,NULL,NULL,NULL);
INSERT INTO `endpoint_rax` VALUES ('b78e4ede6ae242e493bebb999c378ecb','NAST','cloudServers',0,0,'test',NULL,NULL,NULL,NULL);
INSERT INTO `endpoint_rax` VALUES ('bab00899b56940b0b09d40d6d644cea8','MOSSO','rax:customer',0,0,'CustomerService',NULL,NULL,NULL,NULL);
INSERT INTO `endpoint_rax` VALUES ('bcd02e366ee2496f82232b7bbf1366fc','MOSSO','compute',0,0,'Compute',NULL,'1','https://compute.north.public.com/v1/ ','https://compute.north.public.com/');
INSERT INTO `endpoint_rax` VALUES ('bd36b27de44a4dbfb56ae8f5e8492f2c','MOSSO','volume',0,0,'cloudBlockStorageQE',NULL,NULL,NULL,NULL);
INSERT INTO `endpoint_rax` VALUES ('bd8d661dec2e44289ac473216b7da831','NAST','object-store',0,0,'cloudFiles',NULL,NULL,NULL,NULL);
INSERT INTO `endpoint_rax` VALUES ('c63b32a69c5b4d7ba256ac1c361fc5d9','MOSSO','rax:usage',0,0,'UsageService',NULL,NULL,NULL,NULL);
INSERT INTO `endpoint_rax` VALUES ('c70d9d8fd2ea416cb0ffe3c948faa47b','MOSSO','object-store',0,0,'cloudFiles',NULL,'1','https://api.info.uri.com/v1/','https://api.list.uri.com/v1/');
INSERT INTO `endpoint_rax` VALUES ('c9590666315247f8acab5a0794f1bbe4','MOSSO','rax:usage',0,0,'UsageService',NULL,NULL,NULL,NULL);
INSERT INTO `endpoint_rax` VALUES ('c9dc27efe34f4864af8be849b93fd124','MOSSO','volume',0,0,'cloudBlockStorage',NULL,NULL,NULL,NULL);
INSERT INTO `endpoint_rax` VALUES ('c9ff67b8d7ba4e2db114bb9ba53c4c40','MOSSO','rax:load-balancer',0,0,'cloudLoadBalancers',NULL,NULL,NULL,NULL);
INSERT INTO `endpoint_rax` VALUES ('cad952b3151d49f9a340ebb1406b25b1','MOSSO','compute',0,0,'Compute',NULL,'1','https://compute.north.public.com/v1/ ','https://compute.north.public.com/');
INSERT INTO `endpoint_rax` VALUES ('cbafd23257d5468abf339ebf2b53d4c5','NAST','rax:object-cdn',1,0,'cloudFilesCDN',NULL,NULL,NULL,NULL);
INSERT INTO `endpoint_rax` VALUES ('cdbc99bfba034981aa9acd00f5cb417a','MOSSO','compute',0,0,'cloudServersPreprod',NULL,NULL,NULL,NULL);
INSERT INTO `endpoint_rax` VALUES ('cddbbab88f674ec1a90638dbe4a1b507','NAST','rax:object-cdn',0,0,'cloudFilesCDN',NULL,'1','https://api.info.uri.com/v1/','https://api.list.uri.com/v1/');
INSERT INTO `endpoint_rax` VALUES ('cefa7a5175f04a0b8347f9b01b1137b8','MOSSO','image',0,0,'cloudImagesHuddle48',NULL,NULL,NULL,NULL);
INSERT INTO `endpoint_rax` VALUES ('cfc6b22957fb4ed3b7d229d65cea1bc9','MOSSO','rax:load-balancer',0,0,'cloudLoadBalancers',NULL,NULL,NULL,NULL);
INSERT INTO `endpoint_rax` VALUES ('d0630dccce7b4194a7c771113892c9ad','NAST','object-store',0,0,'cloudFiles',NULL,NULL,NULL,NULL);
INSERT INTO `endpoint_rax` VALUES ('d094881670c44d8c872ba21d0926417b','MOSSO','volume',0,0,'cloudBlockStoragePreview',NULL,NULL,NULL,NULL);
INSERT INTO `endpoint_rax` VALUES ('d180494f4bff4bc48b9b361ebb15f799','MOSSO','undefined',0,0,'all-urls',NULL,NULL,NULL,NULL);
INSERT INTO `endpoint_rax` VALUES ('d598477be3ed452d9dc8d7dfc0d19142','NAST','rax:object-cdn',0,0,'cloudFilesCDN',NULL,'1','https://api.info.uri.com/v1/','https://api.list.uri.com/v1/');
INSERT INTO `endpoint_rax` VALUES ('d5e31752d9874842a72c92b7f151a164','MOSSO','rax:biling',0,0,'BillingService',NULL,NULL,NULL,NULL);
INSERT INTO `endpoint_rax` VALUES ('d73f843222f94a49a1e58e0b39e317cc','NAST','rax:object-cdn',1,0,'cloudFilesCDN',NULL,NULL,NULL,NULL);
INSERT INTO `endpoint_rax` VALUES ('d889f0c45912438093ee4f37537872fb','MOSSO','cloudServers',0,0,'cloudServers',NULL,NULL,NULL,NULL);
INSERT INTO `endpoint_rax` VALUES ('dcb7bed2272f49ef957bd2951b1aef64','MOSSO','rax:customer',0,0,'CustomerService',NULL,NULL,NULL,NULL);
INSERT INTO `endpoint_rax` VALUES ('dd3109714d46428588f0a817963e7e3d','NAST','object-store',0,0,'cloudFiles',NULL,NULL,NULL,NULL);
INSERT INTO `endpoint_rax` VALUES ('df1418a9eeba4002b6e4d39d54b59d5c','MOSSO','undefined',0,0,'admin-Only',NULL,NULL,NULL,NULL);
INSERT INTO `endpoint_rax` VALUES ('e06042d8a48845afbd38f61d436466fa','MOSSO','rax:database',1,0,'cloudDatabases',NULL,NULL,NULL,NULL);
INSERT INTO `endpoint_rax` VALUES ('e08c0c298c8945c5a12049766f080279','NAST','object-store',0,0,'cloudFiles',NULL,NULL,NULL,NULL);
INSERT INTO `endpoint_rax` VALUES ('e2bbcf1c4b52402ca150f9c81f85e6ed','MOSSO','rax:customer',0,0,'CustomerService',NULL,NULL,NULL,NULL);
INSERT INTO `endpoint_rax` VALUES ('e42b51f4950145d6b72d39e248859265','NAST','object-store',0,0,'cloudFiles',NULL,NULL,NULL,NULL);
INSERT INTO `endpoint_rax` VALUES ('e77eac6a42354b8997b18f6952cec561','MOSSO','compute',0,0,'cloudServers',NULL,'1.0','https://servers.api.staging.us.ccp.rackspace.net/v1.0','https://servers.api.staging.us.ccp.rackspace.net/v1.0');
INSERT INTO `endpoint_rax` VALUES ('ead77728cf77400f91ef2fe11ca6ab1e','MOSSO','image',0,0,'cloudImagesPreprod',NULL,NULL,NULL,NULL);
INSERT INTO `endpoint_rax` VALUES ('eadf130630204d8aadb6e2c18917efdf','MOSSO','rax:database',0,0,'cloudDatabases',NULL,NULL,NULL,NULL);
INSERT INTO `endpoint_rax` VALUES ('eb6b43dd0c4444148563931d8bd998fe','MOSSO','rax:usage',0,0,'UsageService',NULL,NULL,NULL,NULL);
INSERT INTO `endpoint_rax` VALUES ('ebf0b747e3f14f6f8814f00c1b211d2a','MOSSO','undefined',0,0,'all-urls',NULL,NULL,NULL,NULL);
INSERT INTO `endpoint_rax` VALUES ('ed5a94b63bcd4e528086466ca4e5de60','MOSSO','image',0,0,'cloudImages',NULL,NULL,NULL,NULL);
INSERT INTO `endpoint_rax` VALUES ('ee079d917f0e46359135b554ff2063e5','MOSSO','image',0,0,'cloudImages',NULL,NULL,NULL,NULL);
INSERT INTO `endpoint_rax` VALUES ('ef02ed30fc1540f8b3f45371863b57e0','MOSSO','rax:load-balancer',1,0,'cloudLoadBalancers',NULL,NULL,NULL,NULL);
INSERT INTO `endpoint_rax` VALUES ('f0a40ead88be4e4abccc13e58dae1288','NAST','object-store',0,0,'cloudFiles',NULL,NULL,NULL,NULL);
INSERT INTO `endpoint_rax` VALUES ('f1a128d4238945b78a14556f1d503153','MOSSO','rax:dns',1,0,'cloudDNS',NULL,NULL,NULL,NULL);
INSERT INTO `endpoint_rax` VALUES ('f5474c7539e3491badbb8f8cb98ec89a','MOSSO','image',0,0,'cloudImagesPublicPreprod',NULL,NULL,NULL,NULL);
INSERT INTO `endpoint_rax` VALUES ('f5d4738bbb914299930961097515405a','MOSSO','image',0,0,'cloudImages',NULL,NULL,NULL,NULL);
INSERT INTO `endpoint_rax` VALUES ('f5dc8072c835448f84559cd74a15692b','MOSSO','undefined',0,0,'admin-Only',NULL,NULL,NULL,NULL);
INSERT INTO `endpoint_rax` VALUES ('f6832c29ddb84f2299986ed693dbb9ba','MOSSO','image',0,0,'cloudImagesPreprod',NULL,NULL,NULL,NULL);
INSERT INTO `endpoint_rax` VALUES ('f714f18726ea49089bc9bf9d5df2dd47','MOSSO','object-store',0,0,'cloudFiles',NULL,'1','https://api.info.uri.com/v1/','https://api.list.uri.com/v1/');
INSERT INTO `endpoint_rax` VALUES ('f733052a932e41d2b0fe07de1fb14ae5','MOSSO','rax:monitor',0,0,'cloudMonitoring',NULL,NULL,NULL,NULL);
INSERT INTO `endpoint_rax` VALUES ('f81393ca160349e4b79865041880f73b','NAST','object-store',1,0,'cloudFiles',NULL,'1','https://api.info.uri.com/v1/','https://api.list.uri.com/v1/');
INSERT INTO `endpoint_rax` VALUES ('f8a818bc9ef145949ad88fc04a4f3678','MOSSO','compute',0,0,'openstackHuddle48',NULL,NULL,NULL,NULL);
INSERT INTO `endpoint_rax` VALUES ('fb5145519f3b46e0be376d7b48c9deaa','MOSSO','rax:database',0,0,'cloudDatabases',NULL,NULL,NULL,NULL);
INSERT INTO `endpoint_rax` VALUES ('febc6aaacbd54a479c4d201d87f10422','MOSSO','image',0,0,'cloudImagesHuddle48',NULL,NULL,NULL,NULL);
INSERT INTO `endpoint_rax` VALUES ('ff8d0846cdbf49418eb8be6d93eaf93f','MOSSO','compute',0,0,'cloudServersOpenStack',NULL,NULL,NULL,NULL);

--
-- Dumping data for table `federated_role_rax`
--

INSERT INTO `federated_role_rax` VALUES ('0704f5a3e5344f5fbd7851c1ce10f127','5','41fb727456aa4d90a17d3067fa8d0bdf','6047d506862b81d6d99273b4853adfe81e0478c1');
INSERT INTO `federated_role_rax` VALUES ('3bb7c705c17b4f0fbdb6d5d023ffd08a','6','41fb727456aa4d90a17d3067fa8d0bdf','a45b14e394a57e3fd4e45d59ff3693ead204998b');
INSERT INTO `federated_role_rax` VALUES ('aa8807e2e7c346acacbba9aff16d2ad3','2','41fb727456aa4d90a17d3067fa8d0bdf','bde1268ebabeeabb70a0e702a4626977c331d5c4');

--
-- Dumping data for table `federated_role_tenant_membership_rax`
--

INSERT INTO `federated_role_tenant_membership_rax` VALUES ('0704f5a3e5344f5fbd7851c1ce10f127','MossoCloudFS_132885');
INSERT INTO `federated_role_tenant_membership_rax` VALUES ('3bb7c705c17b4f0fbdb6d5d023ffd08a','132885');

--
-- Dumping data for table `federated_user_group_membership_rax`
--

INSERT INTO `federated_user_group_membership_rax` VALUES ('0','41fb727456aa4d90a17d3067fa8d0bdf');

--
-- Dumping data for table `federated_user_rax`
--

INSERT INTO `federated_user_rax` VALUES ('41fb727456aa4d90a17d3067fa8d0bdf','samlUserac1acb2af04b43fb9e4674dea554d245','federated@rackspace.com','ORD',NULL,NULL,'132885','http://test.rackspace.com');

--
-- Dumping data for table `federation_protocol`
--


--
-- Dumping data for table `group`
--

INSERT INTO `group` VALUES ('0','983452','Default','Default Limits','{}');
INSERT INTO `group` VALUES ('1','983452','rax_status_restricted','Terminator Rate Limit Group','{}');

--
-- Dumping data for table `id_mapping`
--


--
-- Dumping data for table `identity_provider`
--


--
-- Dumping data for table `identity_provider_rax`
--

INSERT INTO `identity_provider_rax` VALUES ('dedicated','http://my.rackspace.com','Identity provider for dedicated','-----BEGIN CERTIFICATE-----\nMIIB9TCCAZ+gAwIBAgIJAMpuL8r3peCbMA0GCSqGSIb3DQEBBQUAMFYxCzAJBgNV\nBAYTAlVTMQ4wDAYDVQQIDAVUZXhhczEUMBIGA1UEBwwLU2FuIEFudG9uaW8xITAf\nBgNVBAoMGEludGVybmV0IFdpZGdpdHMgUHR5IEx0ZDAeFw0xMzA3MDkyMjI3NDla\nFw0xNDA3MDkyMjI3NDlaMFYxCzAJBgNVBAYTAlVTMQ4wDAYDVQQIDAVUZXhhczEU\nMBIGA1UEBwwLU2FuIEFudG9uaW8xITAfBgNVBAoMGEludGVybmV0IFdpZGdpdHMg\nUHR5IEx0ZDBcMA0GCSqGSIb3DQEBAQUAA0sAMEgCQQC0tL3PylPxPj1auMN2CNWI\naCsqPcy4LK9OukjxSfUkewOi6kKov9aS2pe0AsC8uwkhPj7Pl+w0lVYyGSrAh58P\nAgMBAAGjUDBOMB0GA1UdDgQWBBQI8Ezg9M8vnXo7it28nUW6xY974jAfBgNVHSME\nGDAWgBQI8Ezg9M8vnXo7it28nUW6xY974jAMBgNVHRMEBTADAQH/MA0GCSqGSIb3\nDQEBBQUAA0EAOo8UpA+lFmFn/DX4lEgShYpcom11O+KS3mf8NJhl2/34wLw0IJ0t\n1Bp6+UKeELUVXUa8eptaQuJnsj6xMbayxw==\n-----END CERTIFICATE-----\n',NULL);
INSERT INTO `identity_provider_rax` VALUES ('identityqe','http://identityqe.rackspace.com','Identity provider for testing','-----BEGIN CERTIFICATE-----\nMIIDkDCCAvmgAwIBAgIJAOJP8rL7wR4oMA0GCSqGSIb3DQEBBQUAMIGNMQswCQYD\nVQQGEwJ1czEOMAwGA1UECBMFdGV4YXMxFDASBgNVBAcTC3NhbiBhbnRvbmlvMRIw\nEAYDVQQKEwlyYWNrc3BhY2UxDjAMBgNVBAsTBWNsb3VkMQswCQYDVQQDEwJxZTEn\nMCUGCSqGSIb3DQEJARYYc2hhbnRoaS52ZWR1bGFAZ21haWwuY29tMB4XDTE0MDcx\nNDIxMzg1MFoXDTI0MDcxMzIxMzg1MFowgY0xCzAJBgNVBAYTAnVzMQ4wDAYDVQQI\nEwV0ZXhhczEUMBIGA1UEBxMLc2FuIGFudG9uaW8xEjAQBgNVBAoTCXJhY2tzcGFj\nZTEOMAwGA1UECxMFY2xvdWQxCzAJBgNVBAMTAnFlMScwJQYJKoZIhvcNAQkBFhhz\naGFudGhpLnZlZHVsYUBnbWFpbC5jb20wgZ8wDQYJKoZIhvcNAQEBBQADgY0AMIGJ\nAoGBAKzYTBfE7RmfnjGdyGYZ5ptOsNfl8A8aUv3w4KTZMotbbaFXK1lQwYzfJ+zy\nkKzrFdAuAU1ukyRLg74rBwNOI8MEqZOF6tbP3VMrJiMTf3GNFt3ni/hSElUcQdMj\nougaPst1pzk4di9N7zHeJRsyjKIFVNMDyIpCj/N0SyTiW0CnAgMBAAGjgfUwgfIw\nHQYDVR0OBBYEFJisiZXA24UB+3n5I7fZVUGzJmMJMIHCBgNVHSMEgbowgbeAFJis\niZXA24UB+3n5I7fZVUGzJmMJoYGTpIGQMIGNMQswCQYDVQQGEwJ1czEOMAwGA1UE\nCBMFdGV4YXMxFDASBgNVBAcTC3NhbiBhbnRvbmlvMRIwEAYDVQQKEwlyYWNrc3Bh\nY2UxDjAMBgNVBAsTBWNsb3VkMQswCQYDVQQDEwJxZTEnMCUGCSqGSIb3DQEJARYY\nc2hhbnRoaS52ZWR1bGFAZ21haWwuY29tggkA4k/ysvvBHigwDAYDVR0TBAUwAwEB\n/zANBgkqhkiG9w0BAQUFAAOBgQB8ObCZ6NwQAi+hqGhp2q1OTUuNdWz4bsjIfZO6\nFQqKPEwQ38kdRsDY8sd7HR+1J2ymwAUFEVIc965avTLt87HxRtNtCJ38YkbTwIUF\nFFm/w3Cwowa0x/JqRBR5sU0DWHROFNQO+78y8aoFxNOuNTSq/usV72KZ5iYb/vI/\nPz3pcw==\n-----END CERTIFICATE-----\n',NULL);
INSERT INTO `identity_provider_rax` VALUES ('rackertest','http://racker.rackspace.com','Identity provider for racker testing','-----BEGIN CERTIFICATE-----\nMIICsDCCAhmgAwIBAgIJAPDLIlBzkeCvMA0GCSqGSIb3DQEBBQUAMEUxCzAJBgNV\nBAYTAkFVMRMwEQYDVQQIEwpTb21lLVN0YXRlMSEwHwYDVQQKExhJbnRlcm5ldCBX\naWRnaXRzIFB0eSBMdGQwHhcNMTQwNTAyMjEzMTM4WhcNMjQwNTAxMjEzMTM4WjBF\nMQswCQYDVQQGEwJBVTETMBEGA1UECBMKU29tZS1TdGF0ZTEhMB8GA1UEChMYSW50\nZXJuZXQgV2lkZ2l0cyBQdHkgTHRkMIGfMA0GCSqGSIb3DQEBAQUAA4GNADCBiQKB\ngQC0BIBp+pFhdwQo5j/809y9+mlM6GCms9u3rXH/s/3S+0bgB81Sve6TOflE1Cst\nfNxfffpX8LC49bsjpuu8yY4jdl3fdSNBsvyiWV7wSVlp3drlcv0dd4jXr1VTUgb4\nPTU7Kq7F49wry3uJfb9mOMTNTt4DMFQF4YczDhtD7GMCTQIDAQABo4GnMIGkMB0G\nA1UdDgQWBBTeQRH9sNNuuBFg7ESvAyVaTrf5QTB1BgNVHSMEbjBsgBTeQRH9sNNu\nuBFg7ESvAyVaTrf5QaFJpEcwRTELMAkGA1UEBhMCQVUxEzARBgNVBAgTClNvbWUt\nU3RhdGUxITAfBgNVBAoTGEludGVybmV0IFdpZGdpdHMgUHR5IEx0ZIIJAPDLIlBz\nkeCvMAwGA1UdEwQFMAMBAf8wDQYJKoZIhvcNAQEFBQADgYEArsYQwqW5qb+LY3tV\nnj8kZug41lCogW9OsjdZLo6v2iLqDUQaw28NF7tJykNHm0arKEG5di/HXntMbG9A\nGa1UKEnOFWpHHfNtX8dxzCO1CvpDUqwnVNKc+An7HrRB0Ccs8GiuRQuI2ROhiZ2t\n3/jYGfAKXGnC4WZCvyz1SHpcKpI=\n-----END CERTIFICATE-----','RACKER');
INSERT INTO `identity_provider_rax` VALUES ('test','http://test.rackspace.com','Identity provider for testing','-----BEGIN CERTIFICATE-----\nMIICsDCCAhmgAwIBAgIJAPDLIlBzkeCvMA0GCSqGSIb3DQEBBQUAMEUxCzAJBgNV\nBAYTAkFVMRMwEQYDVQQIEwpTb21lLVN0YXRlMSEwHwYDVQQKExhJbnRlcm5ldCBX\naWRnaXRzIFB0eSBMdGQwHhcNMTQwNTAyMjEzMTM4WhcNMjQwNTAxMjEzMTM4WjBF\nMQswCQYDVQQGEwJBVTETMBEGA1UECBMKU29tZS1TdGF0ZTEhMB8GA1UEChMYSW50\nZXJuZXQgV2lkZ2l0cyBQdHkgTHRkMIGfMA0GCSqGSIb3DQEBAQUAA4GNADCBiQKB\ngQC0BIBp+pFhdwQo5j/809y9+mlM6GCms9u3rXH/s/3S+0bgB81Sve6TOflE1Cst\nfNxfffpX8LC49bsjpuu8yY4jdl3fdSNBsvyiWV7wSVlp3drlcv0dd4jXr1VTUgb4\nPTU7Kq7F49wry3uJfb9mOMTNTt4DMFQF4YczDhtD7GMCTQIDAQABo4GnMIGkMB0G\nA1UdDgQWBBTeQRH9sNNuuBFg7ESvAyVaTrf5QTB1BgNVHSMEbjBsgBTeQRH9sNNu\nuBFg7ESvAyVaTrf5QaFJpEcwRTELMAkGA1UEBhMCQVUxEzARBgNVBAgTClNvbWUt\nU3RhdGUxITAfBgNVBAoTGEludGVybmV0IFdpZGdpdHMgUHR5IEx0ZIIJAPDLIlBz\nkeCvMAwGA1UdEwQFMAMBAf8wDQYJKoZIhvcNAQEFBQADgYEArsYQwqW5qb+LY3tV\nnj8kZug41lCogW9OsjdZLo6v2iLqDUQaw28NF7tJykNHm0arKEG5di/HXntMbG9A\nGa1UKEnOFWpHHfNtX8dxzCO1CvpDUqwnVNKc+An7HrRB0Ccs8GiuRQuI2ROhiZ2t\n3/jYGfAKXGnC4WZCvyz1SHpcKpI=\n-----END CERTIFICATE-----',NULL);

--
-- Dumping data for table `keyczar_metadata_rax`
--

INSERT INTO `keyczar_metadata_rax` VALUES ('meta','2014-11-13 19:55:19.000000','{\"name\":\"sessionId\",\"purpose\":\"DECRYPT_AND_ENCRYPT\",\"type\":\"AES\",\"versions\":[{\"exportable\":false,\"status\":\"PRIMARY\",\"versionNumber\":1},{\"exportable\":false,\"status\":\"ACTIVE\",\"versionNumber\":2}],\"encrypted\":false}');

--
-- Dumping data for table `keyczar_version_rax`
--

INSERT INTO `keyczar_version_rax` VALUES (1,'meta',NULL,'{\"aesKeyString\":\"NSPi6IekAxLHlJpmT7SXsg\",\"hmacKey\":{\"hmacKeyString\":\"NeVqkm1_ojpaOEm5zmi9X29tOHCXUtcHOOGE9puOapA\",\"size\":256},\"mode\":\"CBC\",\"size\":128}');
INSERT INTO `keyczar_version_rax` VALUES (2,'meta',NULL,'{\"aesKeyString\":\"WwIWqM26_FKKhK8rqcjH1Q\",\"hmacKey\":{\"hmacKeyString\":\"tMrQg7WmCD4SFESMe7JibSelESrhRXZb0Ua3k_WBV-A\",\"size\":256},\"mode\":\"CBC\",\"size\":128}');

--
-- Dumping data for table `mapping`
--


--
-- Dumping data for table `migrate_version`
--

INSERT INTO `migrate_version` VALUES ('endpoint_filter','/Users/bernardo.silva/.pyenv/versions/keystone-rax/lib/python2.7/site-packages/keystone/contrib/endpoint_filter/migrate_repo',2);
INSERT INTO `migrate_version` VALUES ('endpoint_policy','/Users/bernardo.silva/.pyenv/versions/keystone-rax/lib/python2.7/site-packages/keystone/contrib/endpoint_policy/migrate_repo',1);
INSERT INTO `migrate_version` VALUES ('federation','/Users/bernardo.silva/.pyenv/versions/keystone-rax/lib/python2.7/site-packages/keystone/contrib/federation/migrate_repo',6);
INSERT INTO `migrate_version` VALUES ('keystone','/Users/bernardo.silva/.pyenv/versions/keystone-rax/lib/python2.7/site-packages/keystone/common/sql/migrate_repo',66);
INSERT INTO `migrate_version` VALUES ('oauth1','/Users/bernardo.silva/.pyenv/versions/keystone-rax/lib/python2.7/site-packages/keystone/contrib/oauth1/migrate_repo',5);
INSERT INTO `migrate_version` VALUES ('revoke','/Users/bernardo.silva/.pyenv/versions/keystone-rax/lib/python2.7/site-packages/keystone/contrib/revoke/migrate_repo',2);

--
-- Dumping data for table `mobile_phone_rax`
--

INSERT INTO `mobile_phone_rax` VALUES ('fb6c00852e404263b745419dd761d968','+1 201-555-0104','+1 201-555-0104','DP1GRI1GJU52GWCOI2N6');

--
-- Dumping data for table `otp_device_rax`
--


--
-- Dumping data for table `pattern_rax`
--

INSERT INTO `pattern_rax` VALUES ('1','username','^[A-Za-z0-9][a-zA-Z0-9-_.@]*','Username must begin with an alphanumeric character, have no spaces, and only contain the following valid special characters: - _ . @','AlphaNumeric w/ some special characters (- | _ | @ | .)');
INSERT INTO `pattern_rax` VALUES ('2','phone','[0-9]*','Phone number has invalid characters.','Checks for invalid characters on a phone number.');
INSERT INTO `pattern_rax` VALUES ('3','password','^(?=.*\\d)(?=.*[a-z])(?=.*[A-Z])[a-zA-Z\\d=+`|\\(){}\\[\\]:;\"\'<>,.?/\\\\\\\\~!@#%^&$*_ -]{8,}$','Password must be at least 8 characters in length, must contain at least one uppercase letter, one lowercase letter, and one numeric character.','Checks for invalid characters on a phone number.');
INSERT INTO `pattern_rax` VALUES ('4','token','^[A-Za-z0-9-]+$','Invalid token','Checks for invalid characters on a token.');
INSERT INTO `pattern_rax` VALUES ('5','email','^[a-zA-Z0-9._%+-]+@[a-zA-Z0-9.-]+\\.[A-Za-z]+','Expecting valid email address','');

--
-- Dumping data for table `policy`
--

INSERT INTO `policy` VALUES ('100000000','type','blob','{}');
INSERT INTO `policy` VALUES ('1039','type','blob','{}');
INSERT INTO `policy` VALUES ('1041','type','blob','{}');
INSERT INTO `policy` VALUES ('3043','type','blob','{}');

--
-- Dumping data for table `policy_association`
--


--
-- Dumping data for table `policy_endpoint_rax`
--

INSERT INTO `policy_endpoint_rax` VALUES ('11f9a5590eed4068b4430b96782cbc9b','3043');
INSERT INTO `policy_endpoint_rax` VALUES ('13d0c96215104e95a004635c9f2b751f','1039');
INSERT INTO `policy_endpoint_rax` VALUES ('13d0c96215104e95a004635c9f2b751f','1041');
INSERT INTO `policy_endpoint_rax` VALUES ('39b4dc7a6554417f859454af0227a9b7','1039');
INSERT INTO `policy_endpoint_rax` VALUES ('39b4dc7a6554417f859454af0227a9b7','1041');
INSERT INTO `policy_endpoint_rax` VALUES ('3d3d1f3f033a4c3a8d4fdc4c6f4e2366','100000000');
INSERT INTO `policy_endpoint_rax` VALUES ('899b5cd8d8e8478b86cadd167ab001d7','3043');
INSERT INTO `policy_endpoint_rax` VALUES ('b78e4ede6ae242e493bebb999c378ecb','100000000');
INSERT INTO `policy_endpoint_rax` VALUES ('d889f0c45912438093ee4f37537872fb','1039');
INSERT INTO `policy_endpoint_rax` VALUES ('d889f0c45912438093ee4f37537872fb','1041');
INSERT INTO `policy_endpoint_rax` VALUES ('dd3109714d46428588f0a817963e7e3d','1039');
INSERT INTO `policy_endpoint_rax` VALUES ('dd3109714d46428588f0a817963e7e3d','1041');
INSERT INTO `policy_endpoint_rax` VALUES ('f0a40ead88be4e4abccc13e58dae1288','1039');
INSERT INTO `policy_endpoint_rax` VALUES ('f0a40ead88be4e4abccc13e58dae1288','1041');

--
-- Dumping data for table `policy_rax`
--

INSERT INTO `policy_rax` VALUES ('100000000','name',0,0,'description');
INSERT INTO `policy_rax` VALUES ('1039','name',0,0,'description');
INSERT INTO `policy_rax` VALUES ('1041','name',0,0,'description');
INSERT INTO `policy_rax` VALUES ('3043','name',0,0,'description');

--
-- Dumping data for table `project`
--

INSERT INTO `project` VALUES ('132885','132885','{}',NULL,1,'132885',NULL);
INSERT INTO `project` VALUES ('32035123','32035123','{}',NULL,1,'32035123',NULL);
INSERT INTO `project` VALUES ('78543985','78543985','{}',NULL,1,'78543985',NULL);
INSERT INTO `project` VALUES ('78543987','78543987','{}',NULL,1,'78543987',NULL);
INSERT INTO `project` VALUES ('78543988','78543988','{}',NULL,1,'78543988',NULL);
INSERT INTO `project` VALUES ('78543990','78543990','{}',NULL,1,'78543990',NULL);
INSERT INTO `project` VALUES ('78543995','78543995','{}',NULL,1,'78543995',NULL);
INSERT INTO `project` VALUES ('983452','983452','{}',NULL,1,'983452',NULL);
INSERT INTO `project` VALUES ('identity','identity','{}',NULL,1,'983452',NULL);
INSERT INTO `project` VALUES ('MossoCloudFS_132885','MossoCloudFS_132885','{}',NULL,1,'132885',NULL);
INSERT INTO `project` VALUES ('MossoCloudFS_32035123','MossoCloudFS_32035123','{}',NULL,1,'32035123',NULL);
INSERT INTO `project` VALUES ('MossoCloudFS_78543985','MossoCloudFS_78543985','{}',NULL,1,'78543985',NULL);
INSERT INTO `project` VALUES ('MossoCloudFS_78543987','MossoCloudFS_78543987','{}',NULL,1,'78543987',NULL);
INSERT INTO `project` VALUES ('MossoCloudFS_78543988','MossoCloudFS_78543988','{}',NULL,1,'78543988',NULL);
INSERT INTO `project` VALUES ('MossoCloudFS_78543990','MossoCloudFS_78543990','{}',NULL,1,'78543990',NULL);
INSERT INTO `project` VALUES ('MossoCloudFS_78543995','MossoCloudFS_78543995','{}',NULL,1,'78543995',NULL);
INSERT INTO `project` VALUES ('StagingUS_ed361067-aebd-45b7-92a3-353edacb0e09','StagingUS_ed361067-aebd-45b7-92a3-353edacb0e09','{}',NULL,1,'983452',NULL);

--
-- Dumping data for table `project_endpoint`
--

INSERT INTO `project_endpoint` VALUES ('00aa5feb3a5c4faab9bba932c0b122b6','132885');
INSERT INTO `project_endpoint` VALUES ('00aa5feb3a5c4faab9bba932c0b122b6','32035123');
INSERT INTO `project_endpoint` VALUES ('00aa5feb3a5c4faab9bba932c0b122b6','78543985');
INSERT INTO `project_endpoint` VALUES ('00aa5feb3a5c4faab9bba932c0b122b6','78543987');
INSERT INTO `project_endpoint` VALUES ('00aa5feb3a5c4faab9bba932c0b122b6','78543988');
INSERT INTO `project_endpoint` VALUES ('00aa5feb3a5c4faab9bba932c0b122b6','78543990');
INSERT INTO `project_endpoint` VALUES ('00aa5feb3a5c4faab9bba932c0b122b6','78543995');
INSERT INTO `project_endpoint` VALUES ('00aa5feb3a5c4faab9bba932c0b122b6','983452');
INSERT INTO `project_endpoint` VALUES ('096846fcbad44fe695aed8ba8b8793b1','MossoCloudFS_132885');
INSERT INTO `project_endpoint` VALUES ('096846fcbad44fe695aed8ba8b8793b1','MossoCloudFS_32035123');
INSERT INTO `project_endpoint` VALUES ('096846fcbad44fe695aed8ba8b8793b1','MossoCloudFS_78543985');
INSERT INTO `project_endpoint` VALUES ('096846fcbad44fe695aed8ba8b8793b1','MossoCloudFS_78543987');
INSERT INTO `project_endpoint` VALUES ('096846fcbad44fe695aed8ba8b8793b1','MossoCloudFS_78543988');
INSERT INTO `project_endpoint` VALUES ('096846fcbad44fe695aed8ba8b8793b1','MossoCloudFS_78543990');
INSERT INTO `project_endpoint` VALUES ('096846fcbad44fe695aed8ba8b8793b1','MossoCloudFS_78543995');
INSERT INTO `project_endpoint` VALUES ('1360d23777df45f08f9cbb11161be05f','132885');
INSERT INTO `project_endpoint` VALUES ('1360d23777df45f08f9cbb11161be05f','32035123');
INSERT INTO `project_endpoint` VALUES ('1360d23777df45f08f9cbb11161be05f','78543985');
INSERT INTO `project_endpoint` VALUES ('1360d23777df45f08f9cbb11161be05f','78543987');
INSERT INTO `project_endpoint` VALUES ('1360d23777df45f08f9cbb11161be05f','78543988');
INSERT INTO `project_endpoint` VALUES ('1360d23777df45f08f9cbb11161be05f','78543990');
INSERT INTO `project_endpoint` VALUES ('1360d23777df45f08f9cbb11161be05f','78543995');
INSERT INTO `project_endpoint` VALUES ('1360d23777df45f08f9cbb11161be05f','983452');
INSERT INTO `project_endpoint` VALUES ('151473dd0f084f7ebc26097921377b81','MossoCloudFS_132885');
INSERT INTO `project_endpoint` VALUES ('151473dd0f084f7ebc26097921377b81','MossoCloudFS_32035123');
INSERT INTO `project_endpoint` VALUES ('151473dd0f084f7ebc26097921377b81','MossoCloudFS_78543985');
INSERT INTO `project_endpoint` VALUES ('151473dd0f084f7ebc26097921377b81','MossoCloudFS_78543987');
INSERT INTO `project_endpoint` VALUES ('151473dd0f084f7ebc26097921377b81','MossoCloudFS_78543988');
INSERT INTO `project_endpoint` VALUES ('151473dd0f084f7ebc26097921377b81','MossoCloudFS_78543990');
INSERT INTO `project_endpoint` VALUES ('151473dd0f084f7ebc26097921377b81','MossoCloudFS_78543995');
INSERT INTO `project_endpoint` VALUES ('151473dd0f084f7ebc26097921377b81','StagingUS_ed361067-aebd-45b7-92a3-353edacb0e09');
INSERT INTO `project_endpoint` VALUES ('29c8b540a3664c63be7b72c74c9ad553','132885');
INSERT INTO `project_endpoint` VALUES ('29c8b540a3664c63be7b72c74c9ad553','32035123');
INSERT INTO `project_endpoint` VALUES ('29c8b540a3664c63be7b72c74c9ad553','78543985');
INSERT INTO `project_endpoint` VALUES ('29c8b540a3664c63be7b72c74c9ad553','78543987');
INSERT INTO `project_endpoint` VALUES ('29c8b540a3664c63be7b72c74c9ad553','78543988');
INSERT INTO `project_endpoint` VALUES ('29c8b540a3664c63be7b72c74c9ad553','78543990');
INSERT INTO `project_endpoint` VALUES ('29c8b540a3664c63be7b72c74c9ad553','78543995');
INSERT INTO `project_endpoint` VALUES ('325d1052bcbe4b3ea2e6530476a7e87d','MossoCloudFS_132885');
INSERT INTO `project_endpoint` VALUES ('325d1052bcbe4b3ea2e6530476a7e87d','MossoCloudFS_32035123');
INSERT INTO `project_endpoint` VALUES ('325d1052bcbe4b3ea2e6530476a7e87d','MossoCloudFS_78543985');
INSERT INTO `project_endpoint` VALUES ('325d1052bcbe4b3ea2e6530476a7e87d','MossoCloudFS_78543987');
INSERT INTO `project_endpoint` VALUES ('325d1052bcbe4b3ea2e6530476a7e87d','MossoCloudFS_78543988');
INSERT INTO `project_endpoint` VALUES ('325d1052bcbe4b3ea2e6530476a7e87d','MossoCloudFS_78543990');
INSERT INTO `project_endpoint` VALUES ('325d1052bcbe4b3ea2e6530476a7e87d','MossoCloudFS_78543995');
INSERT INTO `project_endpoint` VALUES ('325d1052bcbe4b3ea2e6530476a7e87d','StagingUS_ed361067-aebd-45b7-92a3-353edacb0e09');
INSERT INTO `project_endpoint` VALUES ('3ef8f99eac584af392ec8b1971e7c894','MossoCloudFS_132885');
INSERT INTO `project_endpoint` VALUES ('3ef8f99eac584af392ec8b1971e7c894','MossoCloudFS_32035123');
INSERT INTO `project_endpoint` VALUES ('3ef8f99eac584af392ec8b1971e7c894','MossoCloudFS_78543985');
INSERT INTO `project_endpoint` VALUES ('3ef8f99eac584af392ec8b1971e7c894','MossoCloudFS_78543987');
INSERT INTO `project_endpoint` VALUES ('3ef8f99eac584af392ec8b1971e7c894','MossoCloudFS_78543988');
INSERT INTO `project_endpoint` VALUES ('3ef8f99eac584af392ec8b1971e7c894','MossoCloudFS_78543990');
INSERT INTO `project_endpoint` VALUES ('3ef8f99eac584af392ec8b1971e7c894','MossoCloudFS_78543995');
INSERT INTO `project_endpoint` VALUES ('3ef8f99eac584af392ec8b1971e7c894','StagingUS_ed361067-aebd-45b7-92a3-353edacb0e09');
INSERT INTO `project_endpoint` VALUES ('3f70e9b0d9e64045b301727ef6b41e64','132885');
INSERT INTO `project_endpoint` VALUES ('3f70e9b0d9e64045b301727ef6b41e64','32035123');
INSERT INTO `project_endpoint` VALUES ('3f70e9b0d9e64045b301727ef6b41e64','78543985');
INSERT INTO `project_endpoint` VALUES ('3f70e9b0d9e64045b301727ef6b41e64','78543987');
INSERT INTO `project_endpoint` VALUES ('3f70e9b0d9e64045b301727ef6b41e64','78543988');
INSERT INTO `project_endpoint` VALUES ('3f70e9b0d9e64045b301727ef6b41e64','78543990');
INSERT INTO `project_endpoint` VALUES ('3f70e9b0d9e64045b301727ef6b41e64','78543995');
INSERT INTO `project_endpoint` VALUES ('3f70e9b0d9e64045b301727ef6b41e64','983452');
INSERT INTO `project_endpoint` VALUES ('40fb2cab88dc404f8f7ec52a7687daf8','MossoCloudFS_132885');
INSERT INTO `project_endpoint` VALUES ('40fb2cab88dc404f8f7ec52a7687daf8','MossoCloudFS_32035123');
INSERT INTO `project_endpoint` VALUES ('40fb2cab88dc404f8f7ec52a7687daf8','MossoCloudFS_78543985');
INSERT INTO `project_endpoint` VALUES ('40fb2cab88dc404f8f7ec52a7687daf8','MossoCloudFS_78543987');
INSERT INTO `project_endpoint` VALUES ('40fb2cab88dc404f8f7ec52a7687daf8','MossoCloudFS_78543988');
INSERT INTO `project_endpoint` VALUES ('40fb2cab88dc404f8f7ec52a7687daf8','MossoCloudFS_78543990');
INSERT INTO `project_endpoint` VALUES ('40fb2cab88dc404f8f7ec52a7687daf8','MossoCloudFS_78543995');
INSERT INTO `project_endpoint` VALUES ('4444694e2ce7423a84e859c29a4d37f2','132885');
INSERT INTO `project_endpoint` VALUES ('4444694e2ce7423a84e859c29a4d37f2','32035123');
INSERT INTO `project_endpoint` VALUES ('4444694e2ce7423a84e859c29a4d37f2','78543985');
INSERT INTO `project_endpoint` VALUES ('4444694e2ce7423a84e859c29a4d37f2','78543987');
INSERT INTO `project_endpoint` VALUES ('4444694e2ce7423a84e859c29a4d37f2','78543988');
INSERT INTO `project_endpoint` VALUES ('4444694e2ce7423a84e859c29a4d37f2','78543990');
INSERT INTO `project_endpoint` VALUES ('4444694e2ce7423a84e859c29a4d37f2','78543995');
INSERT INTO `project_endpoint` VALUES ('4444694e2ce7423a84e859c29a4d37f2','983452');
INSERT INTO `project_endpoint` VALUES ('44ebe3e5e2d94d678d62d8e2e8633a9f','132885');
INSERT INTO `project_endpoint` VALUES ('44ebe3e5e2d94d678d62d8e2e8633a9f','32035123');
INSERT INTO `project_endpoint` VALUES ('44ebe3e5e2d94d678d62d8e2e8633a9f','78543985');
INSERT INTO `project_endpoint` VALUES ('44ebe3e5e2d94d678d62d8e2e8633a9f','78543987');
INSERT INTO `project_endpoint` VALUES ('44ebe3e5e2d94d678d62d8e2e8633a9f','78543988');
INSERT INTO `project_endpoint` VALUES ('44ebe3e5e2d94d678d62d8e2e8633a9f','78543990');
INSERT INTO `project_endpoint` VALUES ('44ebe3e5e2d94d678d62d8e2e8633a9f','78543995');
INSERT INTO `project_endpoint` VALUES ('44ebe3e5e2d94d678d62d8e2e8633a9f','983452');
INSERT INTO `project_endpoint` VALUES ('493afbe674f741c8aac56695a340194f','MossoCloudFS_132885');
INSERT INTO `project_endpoint` VALUES ('493afbe674f741c8aac56695a340194f','MossoCloudFS_32035123');
INSERT INTO `project_endpoint` VALUES ('493afbe674f741c8aac56695a340194f','MossoCloudFS_78543985');
INSERT INTO `project_endpoint` VALUES ('493afbe674f741c8aac56695a340194f','MossoCloudFS_78543987');
INSERT INTO `project_endpoint` VALUES ('493afbe674f741c8aac56695a340194f','MossoCloudFS_78543988');
INSERT INTO `project_endpoint` VALUES ('493afbe674f741c8aac56695a340194f','MossoCloudFS_78543990');
INSERT INTO `project_endpoint` VALUES ('493afbe674f741c8aac56695a340194f','MossoCloudFS_78543995');
INSERT INTO `project_endpoint` VALUES ('493afbe674f741c8aac56695a340194f','StagingUS_ed361067-aebd-45b7-92a3-353edacb0e09');
INSERT INTO `project_endpoint` VALUES ('4c1f4de835354598b2e407fa918ec462','132885');
INSERT INTO `project_endpoint` VALUES ('4c1f4de835354598b2e407fa918ec462','32035123');
INSERT INTO `project_endpoint` VALUES ('4c1f4de835354598b2e407fa918ec462','78543985');
INSERT INTO `project_endpoint` VALUES ('4c1f4de835354598b2e407fa918ec462','78543987');
INSERT INTO `project_endpoint` VALUES ('4c1f4de835354598b2e407fa918ec462','78543988');
INSERT INTO `project_endpoint` VALUES ('4c1f4de835354598b2e407fa918ec462','78543990');
INSERT INTO `project_endpoint` VALUES ('4c1f4de835354598b2e407fa918ec462','78543995');
INSERT INTO `project_endpoint` VALUES ('5041efbc8b484cfca580bd46f6159f7b','132885');
INSERT INTO `project_endpoint` VALUES ('5041efbc8b484cfca580bd46f6159f7b','32035123');
INSERT INTO `project_endpoint` VALUES ('5041efbc8b484cfca580bd46f6159f7b','78543985');
INSERT INTO `project_endpoint` VALUES ('5041efbc8b484cfca580bd46f6159f7b','78543987');
INSERT INTO `project_endpoint` VALUES ('5041efbc8b484cfca580bd46f6159f7b','78543988');
INSERT INTO `project_endpoint` VALUES ('5041efbc8b484cfca580bd46f6159f7b','78543990');
INSERT INTO `project_endpoint` VALUES ('5041efbc8b484cfca580bd46f6159f7b','78543995');
INSERT INTO `project_endpoint` VALUES ('5041efbc8b484cfca580bd46f6159f7b','983452');
INSERT INTO `project_endpoint` VALUES ('51f8d6346bc347b5ae88d611450386be','132885');
INSERT INTO `project_endpoint` VALUES ('51f8d6346bc347b5ae88d611450386be','32035123');
INSERT INTO `project_endpoint` VALUES ('51f8d6346bc347b5ae88d611450386be','78543985');
INSERT INTO `project_endpoint` VALUES ('51f8d6346bc347b5ae88d611450386be','78543987');
INSERT INTO `project_endpoint` VALUES ('51f8d6346bc347b5ae88d611450386be','78543988');
INSERT INTO `project_endpoint` VALUES ('51f8d6346bc347b5ae88d611450386be','78543990');
INSERT INTO `project_endpoint` VALUES ('51f8d6346bc347b5ae88d611450386be','78543995');
INSERT INTO `project_endpoint` VALUES ('52d92004a6924b3e8509ff02ad318a26','132885');
INSERT INTO `project_endpoint` VALUES ('52d92004a6924b3e8509ff02ad318a26','32035123');
INSERT INTO `project_endpoint` VALUES ('52d92004a6924b3e8509ff02ad318a26','78543985');
INSERT INTO `project_endpoint` VALUES ('52d92004a6924b3e8509ff02ad318a26','78543987');
INSERT INTO `project_endpoint` VALUES ('52d92004a6924b3e8509ff02ad318a26','78543988');
INSERT INTO `project_endpoint` VALUES ('52d92004a6924b3e8509ff02ad318a26','78543990');
INSERT INTO `project_endpoint` VALUES ('52d92004a6924b3e8509ff02ad318a26','78543995');
INSERT INTO `project_endpoint` VALUES ('5567e822e67e449d8c2643e0ae4693f1','MossoCloudFS_132885');
INSERT INTO `project_endpoint` VALUES ('5567e822e67e449d8c2643e0ae4693f1','MossoCloudFS_32035123');
INSERT INTO `project_endpoint` VALUES ('5567e822e67e449d8c2643e0ae4693f1','MossoCloudFS_78543985');
INSERT INTO `project_endpoint` VALUES ('5567e822e67e449d8c2643e0ae4693f1','MossoCloudFS_78543987');
INSERT INTO `project_endpoint` VALUES ('5567e822e67e449d8c2643e0ae4693f1','MossoCloudFS_78543988');
INSERT INTO `project_endpoint` VALUES ('5567e822e67e449d8c2643e0ae4693f1','MossoCloudFS_78543990');
INSERT INTO `project_endpoint` VALUES ('5567e822e67e449d8c2643e0ae4693f1','MossoCloudFS_78543995');
INSERT INTO `project_endpoint` VALUES ('5567e822e67e449d8c2643e0ae4693f1','StagingUS_ed361067-aebd-45b7-92a3-353edacb0e09');
INSERT INTO `project_endpoint` VALUES ('557e1408f0bf4f9aa720ff6a6fd56329','132885');
INSERT INTO `project_endpoint` VALUES ('557e1408f0bf4f9aa720ff6a6fd56329','32035123');
INSERT INTO `project_endpoint` VALUES ('557e1408f0bf4f9aa720ff6a6fd56329','78543985');
INSERT INTO `project_endpoint` VALUES ('557e1408f0bf4f9aa720ff6a6fd56329','78543987');
INSERT INTO `project_endpoint` VALUES ('557e1408f0bf4f9aa720ff6a6fd56329','78543988');
INSERT INTO `project_endpoint` VALUES ('557e1408f0bf4f9aa720ff6a6fd56329','78543990');
INSERT INTO `project_endpoint` VALUES ('557e1408f0bf4f9aa720ff6a6fd56329','78543995');
INSERT INTO `project_endpoint` VALUES ('557e1408f0bf4f9aa720ff6a6fd56329','983452');
INSERT INTO `project_endpoint` VALUES ('55ba30774451467980c09bdfbaee13c9','132885');
INSERT INTO `project_endpoint` VALUES ('55ba30774451467980c09bdfbaee13c9','32035123');
INSERT INTO `project_endpoint` VALUES ('55ba30774451467980c09bdfbaee13c9','78543985');
INSERT INTO `project_endpoint` VALUES ('55ba30774451467980c09bdfbaee13c9','78543987');
INSERT INTO `project_endpoint` VALUES ('55ba30774451467980c09bdfbaee13c9','78543988');
INSERT INTO `project_endpoint` VALUES ('55ba30774451467980c09bdfbaee13c9','78543990');
INSERT INTO `project_endpoint` VALUES ('55ba30774451467980c09bdfbaee13c9','78543995');
INSERT INTO `project_endpoint` VALUES ('55ba30774451467980c09bdfbaee13c9','983452');
INSERT INTO `project_endpoint` VALUES ('57a29b9b15ef4054aaf98d96874acf50','MossoCloudFS_132885');
INSERT INTO `project_endpoint` VALUES ('57a29b9b15ef4054aaf98d96874acf50','MossoCloudFS_32035123');
INSERT INTO `project_endpoint` VALUES ('57a29b9b15ef4054aaf98d96874acf50','MossoCloudFS_78543985');
INSERT INTO `project_endpoint` VALUES ('57a29b9b15ef4054aaf98d96874acf50','MossoCloudFS_78543987');
INSERT INTO `project_endpoint` VALUES ('57a29b9b15ef4054aaf98d96874acf50','MossoCloudFS_78543988');
INSERT INTO `project_endpoint` VALUES ('57a29b9b15ef4054aaf98d96874acf50','MossoCloudFS_78543990');
INSERT INTO `project_endpoint` VALUES ('57a29b9b15ef4054aaf98d96874acf50','MossoCloudFS_78543995');
INSERT INTO `project_endpoint` VALUES ('57a29b9b15ef4054aaf98d96874acf50','StagingUS_ed361067-aebd-45b7-92a3-353edacb0e09');
INSERT INTO `project_endpoint` VALUES ('57ea3e33aaec4f1ea33c658e0f7d6732','132885');
INSERT INTO `project_endpoint` VALUES ('57ea3e33aaec4f1ea33c658e0f7d6732','32035123');
INSERT INTO `project_endpoint` VALUES ('57ea3e33aaec4f1ea33c658e0f7d6732','78543985');
INSERT INTO `project_endpoint` VALUES ('57ea3e33aaec4f1ea33c658e0f7d6732','78543987');
INSERT INTO `project_endpoint` VALUES ('57ea3e33aaec4f1ea33c658e0f7d6732','78543988');
INSERT INTO `project_endpoint` VALUES ('57ea3e33aaec4f1ea33c658e0f7d6732','78543990');
INSERT INTO `project_endpoint` VALUES ('57ea3e33aaec4f1ea33c658e0f7d6732','78543995');
INSERT INTO `project_endpoint` VALUES ('59d9242951584cb5a63522de001f5878','MossoCloudFS_132885');
INSERT INTO `project_endpoint` VALUES ('59d9242951584cb5a63522de001f5878','MossoCloudFS_32035123');
INSERT INTO `project_endpoint` VALUES ('59d9242951584cb5a63522de001f5878','MossoCloudFS_78543985');
INSERT INTO `project_endpoint` VALUES ('59d9242951584cb5a63522de001f5878','MossoCloudFS_78543987');
INSERT INTO `project_endpoint` VALUES ('59d9242951584cb5a63522de001f5878','MossoCloudFS_78543988');
INSERT INTO `project_endpoint` VALUES ('59d9242951584cb5a63522de001f5878','MossoCloudFS_78543990');
INSERT INTO `project_endpoint` VALUES ('59d9242951584cb5a63522de001f5878','MossoCloudFS_78543995');
INSERT INTO `project_endpoint` VALUES ('59d9242951584cb5a63522de001f5878','StagingUS_ed361067-aebd-45b7-92a3-353edacb0e09');
INSERT INTO `project_endpoint` VALUES ('5a9cfa60a41f4744add68e53ef042b3a','132885');
INSERT INTO `project_endpoint` VALUES ('5a9cfa60a41f4744add68e53ef042b3a','32035123');
INSERT INTO `project_endpoint` VALUES ('5a9cfa60a41f4744add68e53ef042b3a','78543985');
INSERT INTO `project_endpoint` VALUES ('5a9cfa60a41f4744add68e53ef042b3a','78543987');
INSERT INTO `project_endpoint` VALUES ('5a9cfa60a41f4744add68e53ef042b3a','78543988');
INSERT INTO `project_endpoint` VALUES ('5a9cfa60a41f4744add68e53ef042b3a','78543990');
INSERT INTO `project_endpoint` VALUES ('5a9cfa60a41f4744add68e53ef042b3a','78543995');
INSERT INTO `project_endpoint` VALUES ('5a9cfa60a41f4744add68e53ef042b3a','983452');
INSERT INTO `project_endpoint` VALUES ('753d191352b1400c85ee5a972b6f2690','132885');
INSERT INTO `project_endpoint` VALUES ('753d191352b1400c85ee5a972b6f2690','32035123');
INSERT INTO `project_endpoint` VALUES ('753d191352b1400c85ee5a972b6f2690','78543985');
INSERT INTO `project_endpoint` VALUES ('753d191352b1400c85ee5a972b6f2690','78543987');
INSERT INTO `project_endpoint` VALUES ('753d191352b1400c85ee5a972b6f2690','78543988');
INSERT INTO `project_endpoint` VALUES ('753d191352b1400c85ee5a972b6f2690','78543990');
INSERT INTO `project_endpoint` VALUES ('753d191352b1400c85ee5a972b6f2690','78543995');
INSERT INTO `project_endpoint` VALUES ('753d191352b1400c85ee5a972b6f2690','983452');
INSERT INTO `project_endpoint` VALUES ('7ca9341fb62947b4873acfe84622a136','MossoCloudFS_132885');
INSERT INTO `project_endpoint` VALUES ('7ca9341fb62947b4873acfe84622a136','MossoCloudFS_32035123');
INSERT INTO `project_endpoint` VALUES ('7ca9341fb62947b4873acfe84622a136','MossoCloudFS_78543985');
INSERT INTO `project_endpoint` VALUES ('7ca9341fb62947b4873acfe84622a136','MossoCloudFS_78543987');
INSERT INTO `project_endpoint` VALUES ('7ca9341fb62947b4873acfe84622a136','MossoCloudFS_78543988');
INSERT INTO `project_endpoint` VALUES ('7ca9341fb62947b4873acfe84622a136','MossoCloudFS_78543990');
INSERT INTO `project_endpoint` VALUES ('7ca9341fb62947b4873acfe84622a136','MossoCloudFS_78543995');
INSERT INTO `project_endpoint` VALUES ('7ca9341fb62947b4873acfe84622a136','StagingUS_ed361067-aebd-45b7-92a3-353edacb0e09');
INSERT INTO `project_endpoint` VALUES ('8ea7e68720554f37987c4a2ad1d6ebf5','132885');
INSERT INTO `project_endpoint` VALUES ('8ea7e68720554f37987c4a2ad1d6ebf5','32035123');
INSERT INTO `project_endpoint` VALUES ('8ea7e68720554f37987c4a2ad1d6ebf5','78543985');
INSERT INTO `project_endpoint` VALUES ('8ea7e68720554f37987c4a2ad1d6ebf5','78543987');
INSERT INTO `project_endpoint` VALUES ('8ea7e68720554f37987c4a2ad1d6ebf5','78543988');
INSERT INTO `project_endpoint` VALUES ('8ea7e68720554f37987c4a2ad1d6ebf5','78543990');
INSERT INTO `project_endpoint` VALUES ('8ea7e68720554f37987c4a2ad1d6ebf5','78543995');
INSERT INTO `project_endpoint` VALUES ('8ea7e68720554f37987c4a2ad1d6ebf5','983452');
INSERT INTO `project_endpoint` VALUES ('94ae635db83b403eb45bd135b555058f','132885');
INSERT INTO `project_endpoint` VALUES ('94ae635db83b403eb45bd135b555058f','32035123');
INSERT INTO `project_endpoint` VALUES ('94ae635db83b403eb45bd135b555058f','78543985');
INSERT INTO `project_endpoint` VALUES ('94ae635db83b403eb45bd135b555058f','78543987');
INSERT INTO `project_endpoint` VALUES ('94ae635db83b403eb45bd135b555058f','78543988');
INSERT INTO `project_endpoint` VALUES ('94ae635db83b403eb45bd135b555058f','78543990');
INSERT INTO `project_endpoint` VALUES ('94ae635db83b403eb45bd135b555058f','78543995');
INSERT INTO `project_endpoint` VALUES ('94ae635db83b403eb45bd135b555058f','983452');
INSERT INTO `project_endpoint` VALUES ('956488b911ff44b19b617b0a1e763679','MossoCloudFS_132885');
INSERT INTO `project_endpoint` VALUES ('956488b911ff44b19b617b0a1e763679','MossoCloudFS_32035123');
INSERT INTO `project_endpoint` VALUES ('956488b911ff44b19b617b0a1e763679','MossoCloudFS_78543985');
INSERT INTO `project_endpoint` VALUES ('956488b911ff44b19b617b0a1e763679','MossoCloudFS_78543987');
INSERT INTO `project_endpoint` VALUES ('956488b911ff44b19b617b0a1e763679','MossoCloudFS_78543988');
INSERT INTO `project_endpoint` VALUES ('956488b911ff44b19b617b0a1e763679','MossoCloudFS_78543990');
INSERT INTO `project_endpoint` VALUES ('956488b911ff44b19b617b0a1e763679','MossoCloudFS_78543995');
INSERT INTO `project_endpoint` VALUES ('956488b911ff44b19b617b0a1e763679','StagingUS_ed361067-aebd-45b7-92a3-353edacb0e09');
INSERT INTO `project_endpoint` VALUES ('95b96464381248b3b2c1b6fd1ead067f','132885');
INSERT INTO `project_endpoint` VALUES ('95b96464381248b3b2c1b6fd1ead067f','32035123');
INSERT INTO `project_endpoint` VALUES ('95b96464381248b3b2c1b6fd1ead067f','78543985');
INSERT INTO `project_endpoint` VALUES ('95b96464381248b3b2c1b6fd1ead067f','78543987');
INSERT INTO `project_endpoint` VALUES ('95b96464381248b3b2c1b6fd1ead067f','78543988');
INSERT INTO `project_endpoint` VALUES ('95b96464381248b3b2c1b6fd1ead067f','78543990');
INSERT INTO `project_endpoint` VALUES ('95b96464381248b3b2c1b6fd1ead067f','78543995');
INSERT INTO `project_endpoint` VALUES ('95b96464381248b3b2c1b6fd1ead067f','983452');
INSERT INTO `project_endpoint` VALUES ('97cf4d46f3a04e26b2e919cd8f5203a3','132885');
INSERT INTO `project_endpoint` VALUES ('97cf4d46f3a04e26b2e919cd8f5203a3','32035123');
INSERT INTO `project_endpoint` VALUES ('97cf4d46f3a04e26b2e919cd8f5203a3','78543985');
INSERT INTO `project_endpoint` VALUES ('97cf4d46f3a04e26b2e919cd8f5203a3','78543987');
INSERT INTO `project_endpoint` VALUES ('97cf4d46f3a04e26b2e919cd8f5203a3','78543988');
INSERT INTO `project_endpoint` VALUES ('97cf4d46f3a04e26b2e919cd8f5203a3','78543990');
INSERT INTO `project_endpoint` VALUES ('97cf4d46f3a04e26b2e919cd8f5203a3','78543995');
INSERT INTO `project_endpoint` VALUES ('97cf4d46f3a04e26b2e919cd8f5203a3','983452');
INSERT INTO `project_endpoint` VALUES ('99aaec3ad0a54dba9925ed78fbbbb197','132885');
INSERT INTO `project_endpoint` VALUES ('99aaec3ad0a54dba9925ed78fbbbb197','32035123');
INSERT INTO `project_endpoint` VALUES ('99aaec3ad0a54dba9925ed78fbbbb197','78543985');
INSERT INTO `project_endpoint` VALUES ('99aaec3ad0a54dba9925ed78fbbbb197','78543987');
INSERT INTO `project_endpoint` VALUES ('99aaec3ad0a54dba9925ed78fbbbb197','78543988');
INSERT INTO `project_endpoint` VALUES ('99aaec3ad0a54dba9925ed78fbbbb197','78543990');
INSERT INTO `project_endpoint` VALUES ('99aaec3ad0a54dba9925ed78fbbbb197','78543995');
INSERT INTO `project_endpoint` VALUES ('99aaec3ad0a54dba9925ed78fbbbb197','983452');
INSERT INTO `project_endpoint` VALUES ('9d0a7d2b06ed470494c9b5e5bb4006d0','132885');
INSERT INTO `project_endpoint` VALUES ('9d0a7d2b06ed470494c9b5e5bb4006d0','32035123');
INSERT INTO `project_endpoint` VALUES ('9d0a7d2b06ed470494c9b5e5bb4006d0','78543985');
INSERT INTO `project_endpoint` VALUES ('9d0a7d2b06ed470494c9b5e5bb4006d0','78543987');
INSERT INTO `project_endpoint` VALUES ('9d0a7d2b06ed470494c9b5e5bb4006d0','78543988');
INSERT INTO `project_endpoint` VALUES ('9d0a7d2b06ed470494c9b5e5bb4006d0','78543990');
INSERT INTO `project_endpoint` VALUES ('9d0a7d2b06ed470494c9b5e5bb4006d0','78543995');
INSERT INTO `project_endpoint` VALUES ('9d0a7d2b06ed470494c9b5e5bb4006d0','983452');
INSERT INTO `project_endpoint` VALUES ('a88fdebfdc414597b500e0864a18b722','132885');
INSERT INTO `project_endpoint` VALUES ('a88fdebfdc414597b500e0864a18b722','32035123');
INSERT INTO `project_endpoint` VALUES ('a88fdebfdc414597b500e0864a18b722','78543985');
INSERT INTO `project_endpoint` VALUES ('a88fdebfdc414597b500e0864a18b722','78543987');
INSERT INTO `project_endpoint` VALUES ('a88fdebfdc414597b500e0864a18b722','78543988');
INSERT INTO `project_endpoint` VALUES ('a88fdebfdc414597b500e0864a18b722','78543990');
INSERT INTO `project_endpoint` VALUES ('a88fdebfdc414597b500e0864a18b722','78543995');
INSERT INTO `project_endpoint` VALUES ('b03ebcdcaaba48bc85d406b8a587fdf2','MossoCloudFS_132885');
INSERT INTO `project_endpoint` VALUES ('b03ebcdcaaba48bc85d406b8a587fdf2','MossoCloudFS_32035123');
INSERT INTO `project_endpoint` VALUES ('b03ebcdcaaba48bc85d406b8a587fdf2','MossoCloudFS_78543985');
INSERT INTO `project_endpoint` VALUES ('b03ebcdcaaba48bc85d406b8a587fdf2','MossoCloudFS_78543987');
INSERT INTO `project_endpoint` VALUES ('b03ebcdcaaba48bc85d406b8a587fdf2','MossoCloudFS_78543988');
INSERT INTO `project_endpoint` VALUES ('b03ebcdcaaba48bc85d406b8a587fdf2','MossoCloudFS_78543990');
INSERT INTO `project_endpoint` VALUES ('b03ebcdcaaba48bc85d406b8a587fdf2','MossoCloudFS_78543995');
INSERT INTO `project_endpoint` VALUES ('b03ebcdcaaba48bc85d406b8a587fdf2','StagingUS_ed361067-aebd-45b7-92a3-353edacb0e09');
INSERT INTO `project_endpoint` VALUES ('b04e6b1b4ff34f869ed5758195a2099d','132885');
INSERT INTO `project_endpoint` VALUES ('b04e6b1b4ff34f869ed5758195a2099d','32035123');
INSERT INTO `project_endpoint` VALUES ('b04e6b1b4ff34f869ed5758195a2099d','78543985');
INSERT INTO `project_endpoint` VALUES ('b04e6b1b4ff34f869ed5758195a2099d','78543987');
INSERT INTO `project_endpoint` VALUES ('b04e6b1b4ff34f869ed5758195a2099d','78543988');
INSERT INTO `project_endpoint` VALUES ('b04e6b1b4ff34f869ed5758195a2099d','78543990');
INSERT INTO `project_endpoint` VALUES ('b04e6b1b4ff34f869ed5758195a2099d','78543995');
INSERT INTO `project_endpoint` VALUES ('b04e6b1b4ff34f869ed5758195a2099d','983452');
INSERT INTO `project_endpoint` VALUES ('bbe02c88b5a44438a3b7381ef1c39e81','132885');
INSERT INTO `project_endpoint` VALUES ('bbe02c88b5a44438a3b7381ef1c39e81','32035123');
INSERT INTO `project_endpoint` VALUES ('bbe02c88b5a44438a3b7381ef1c39e81','78543985');
INSERT INTO `project_endpoint` VALUES ('bbe02c88b5a44438a3b7381ef1c39e81','78543987');
INSERT INTO `project_endpoint` VALUES ('bbe02c88b5a44438a3b7381ef1c39e81','78543988');
INSERT INTO `project_endpoint` VALUES ('bbe02c88b5a44438a3b7381ef1c39e81','78543990');
INSERT INTO `project_endpoint` VALUES ('bbe02c88b5a44438a3b7381ef1c39e81','78543995');
INSERT INTO `project_endpoint` VALUES ('bbe02c88b5a44438a3b7381ef1c39e81','983452');
INSERT INTO `project_endpoint` VALUES ('bd69b7ef629c4ceb8ee96e4e0c49ab79','MossoCloudFS_132885');
INSERT INTO `project_endpoint` VALUES ('bd69b7ef629c4ceb8ee96e4e0c49ab79','MossoCloudFS_32035123');
INSERT INTO `project_endpoint` VALUES ('bd69b7ef629c4ceb8ee96e4e0c49ab79','MossoCloudFS_78543985');
INSERT INTO `project_endpoint` VALUES ('bd69b7ef629c4ceb8ee96e4e0c49ab79','MossoCloudFS_78543987');
INSERT INTO `project_endpoint` VALUES ('bd69b7ef629c4ceb8ee96e4e0c49ab79','MossoCloudFS_78543988');
INSERT INTO `project_endpoint` VALUES ('bd69b7ef629c4ceb8ee96e4e0c49ab79','MossoCloudFS_78543990');
INSERT INTO `project_endpoint` VALUES ('bd69b7ef629c4ceb8ee96e4e0c49ab79','MossoCloudFS_78543995');
INSERT INTO `project_endpoint` VALUES ('bd69b7ef629c4ceb8ee96e4e0c49ab79','StagingUS_ed361067-aebd-45b7-92a3-353edacb0e09');
INSERT INTO `project_endpoint` VALUES ('c0c708a560d146368f88f868c63ce6c8','132885');
INSERT INTO `project_endpoint` VALUES ('c0c708a560d146368f88f868c63ce6c8','32035123');
INSERT INTO `project_endpoint` VALUES ('c0c708a560d146368f88f868c63ce6c8','78543985');
INSERT INTO `project_endpoint` VALUES ('c0c708a560d146368f88f868c63ce6c8','78543987');
INSERT INTO `project_endpoint` VALUES ('c0c708a560d146368f88f868c63ce6c8','78543988');
INSERT INTO `project_endpoint` VALUES ('c0c708a560d146368f88f868c63ce6c8','78543990');
INSERT INTO `project_endpoint` VALUES ('c0c708a560d146368f88f868c63ce6c8','78543995');
INSERT INTO `project_endpoint` VALUES ('c0c708a560d146368f88f868c63ce6c8','983452');
INSERT INTO `project_endpoint` VALUES ('c34305bd4d7d4f2b95998ff9cfb9aa5b','132885');
INSERT INTO `project_endpoint` VALUES ('c34305bd4d7d4f2b95998ff9cfb9aa5b','32035123');
INSERT INTO `project_endpoint` VALUES ('c34305bd4d7d4f2b95998ff9cfb9aa5b','78543985');
INSERT INTO `project_endpoint` VALUES ('c34305bd4d7d4f2b95998ff9cfb9aa5b','78543987');
INSERT INTO `project_endpoint` VALUES ('c34305bd4d7d4f2b95998ff9cfb9aa5b','78543988');
INSERT INTO `project_endpoint` VALUES ('c34305bd4d7d4f2b95998ff9cfb9aa5b','78543990');
INSERT INTO `project_endpoint` VALUES ('c34305bd4d7d4f2b95998ff9cfb9aa5b','78543995');
INSERT INTO `project_endpoint` VALUES ('c34305bd4d7d4f2b95998ff9cfb9aa5b','983452');
INSERT INTO `project_endpoint` VALUES ('c6b9dd8f357e4d04a9358d39bed8f9d0','MossoCloudFS_132885');
INSERT INTO `project_endpoint` VALUES ('c6b9dd8f357e4d04a9358d39bed8f9d0','MossoCloudFS_32035123');
INSERT INTO `project_endpoint` VALUES ('c6b9dd8f357e4d04a9358d39bed8f9d0','MossoCloudFS_78543985');
INSERT INTO `project_endpoint` VALUES ('c6b9dd8f357e4d04a9358d39bed8f9d0','MossoCloudFS_78543987');
INSERT INTO `project_endpoint` VALUES ('c6b9dd8f357e4d04a9358d39bed8f9d0','MossoCloudFS_78543988');
INSERT INTO `project_endpoint` VALUES ('c6b9dd8f357e4d04a9358d39bed8f9d0','MossoCloudFS_78543990');
INSERT INTO `project_endpoint` VALUES ('c6b9dd8f357e4d04a9358d39bed8f9d0','MossoCloudFS_78543995');
INSERT INTO `project_endpoint` VALUES ('c6b9dd8f357e4d04a9358d39bed8f9d0','StagingUS_ed361067-aebd-45b7-92a3-353edacb0e09');
INSERT INTO `project_endpoint` VALUES ('cbafd23257d5468abf339ebf2b53d4c5','MossoCloudFS_132885');
INSERT INTO `project_endpoint` VALUES ('cbafd23257d5468abf339ebf2b53d4c5','MossoCloudFS_32035123');
INSERT INTO `project_endpoint` VALUES ('cbafd23257d5468abf339ebf2b53d4c5','MossoCloudFS_78543985');
INSERT INTO `project_endpoint` VALUES ('cbafd23257d5468abf339ebf2b53d4c5','MossoCloudFS_78543987');
INSERT INTO `project_endpoint` VALUES ('cbafd23257d5468abf339ebf2b53d4c5','MossoCloudFS_78543988');
INSERT INTO `project_endpoint` VALUES ('cbafd23257d5468abf339ebf2b53d4c5','MossoCloudFS_78543990');
INSERT INTO `project_endpoint` VALUES ('cbafd23257d5468abf339ebf2b53d4c5','MossoCloudFS_78543995');
INSERT INTO `project_endpoint` VALUES ('d73f843222f94a49a1e58e0b39e317cc','MossoCloudFS_132885');
INSERT INTO `project_endpoint` VALUES ('d73f843222f94a49a1e58e0b39e317cc','MossoCloudFS_32035123');
INSERT INTO `project_endpoint` VALUES ('d73f843222f94a49a1e58e0b39e317cc','MossoCloudFS_78543985');
INSERT INTO `project_endpoint` VALUES ('d73f843222f94a49a1e58e0b39e317cc','MossoCloudFS_78543987');
INSERT INTO `project_endpoint` VALUES ('d73f843222f94a49a1e58e0b39e317cc','MossoCloudFS_78543988');
INSERT INTO `project_endpoint` VALUES ('d73f843222f94a49a1e58e0b39e317cc','MossoCloudFS_78543990');
INSERT INTO `project_endpoint` VALUES ('d73f843222f94a49a1e58e0b39e317cc','MossoCloudFS_78543995');
INSERT INTO `project_endpoint` VALUES ('d73f843222f94a49a1e58e0b39e317cc','StagingUS_ed361067-aebd-45b7-92a3-353edacb0e09');
INSERT INTO `project_endpoint` VALUES ('e06042d8a48845afbd38f61d436466fa','132885');
INSERT INTO `project_endpoint` VALUES ('e06042d8a48845afbd38f61d436466fa','32035123');
INSERT INTO `project_endpoint` VALUES ('e06042d8a48845afbd38f61d436466fa','78543985');
INSERT INTO `project_endpoint` VALUES ('e06042d8a48845afbd38f61d436466fa','78543987');
INSERT INTO `project_endpoint` VALUES ('e06042d8a48845afbd38f61d436466fa','78543988');
INSERT INTO `project_endpoint` VALUES ('e06042d8a48845afbd38f61d436466fa','78543990');
INSERT INTO `project_endpoint` VALUES ('e06042d8a48845afbd38f61d436466fa','78543995');
INSERT INTO `project_endpoint` VALUES ('e06042d8a48845afbd38f61d436466fa','983452');
INSERT INTO `project_endpoint` VALUES ('e5d44b16ff6e4f5fbaf33ad6666dd765','132885');
INSERT INTO `project_endpoint` VALUES ('e5d44b16ff6e4f5fbaf33ad6666dd765','32035123');
INSERT INTO `project_endpoint` VALUES ('e5d44b16ff6e4f5fbaf33ad6666dd765','78543985');
INSERT INTO `project_endpoint` VALUES ('e5d44b16ff6e4f5fbaf33ad6666dd765','78543987');
INSERT INTO `project_endpoint` VALUES ('e5d44b16ff6e4f5fbaf33ad6666dd765','78543988');
INSERT INTO `project_endpoint` VALUES ('e5d44b16ff6e4f5fbaf33ad6666dd765','78543990');
INSERT INTO `project_endpoint` VALUES ('e5d44b16ff6e4f5fbaf33ad6666dd765','78543995');
INSERT INTO `project_endpoint` VALUES ('e5d44b16ff6e4f5fbaf33ad6666dd765','983452');
INSERT INTO `project_endpoint` VALUES ('ec4e934c484849e496365a57e92f3a41','132885');
INSERT INTO `project_endpoint` VALUES ('ec4e934c484849e496365a57e92f3a41','32035123');
INSERT INTO `project_endpoint` VALUES ('ec4e934c484849e496365a57e92f3a41','78543985');
INSERT INTO `project_endpoint` VALUES ('ec4e934c484849e496365a57e92f3a41','78543987');
INSERT INTO `project_endpoint` VALUES ('ec4e934c484849e496365a57e92f3a41','78543988');
INSERT INTO `project_endpoint` VALUES ('ec4e934c484849e496365a57e92f3a41','78543990');
INSERT INTO `project_endpoint` VALUES ('ec4e934c484849e496365a57e92f3a41','78543995');
INSERT INTO `project_endpoint` VALUES ('ec4e934c484849e496365a57e92f3a41','983452');
INSERT INTO `project_endpoint` VALUES ('ede61d72844d439987d34ba17f14511c','MossoCloudFS_132885');
INSERT INTO `project_endpoint` VALUES ('ede61d72844d439987d34ba17f14511c','MossoCloudFS_32035123');
INSERT INTO `project_endpoint` VALUES ('ede61d72844d439987d34ba17f14511c','MossoCloudFS_78543985');
INSERT INTO `project_endpoint` VALUES ('ede61d72844d439987d34ba17f14511c','MossoCloudFS_78543987');
INSERT INTO `project_endpoint` VALUES ('ede61d72844d439987d34ba17f14511c','MossoCloudFS_78543988');
INSERT INTO `project_endpoint` VALUES ('ede61d72844d439987d34ba17f14511c','MossoCloudFS_78543990');
INSERT INTO `project_endpoint` VALUES ('ede61d72844d439987d34ba17f14511c','MossoCloudFS_78543995');
INSERT INTO `project_endpoint` VALUES ('ede61d72844d439987d34ba17f14511c','StagingUS_ed361067-aebd-45b7-92a3-353edacb0e09');
INSERT INTO `project_endpoint` VALUES ('ef02ed30fc1540f8b3f45371863b57e0','132885');
INSERT INTO `project_endpoint` VALUES ('ef02ed30fc1540f8b3f45371863b57e0','32035123');
INSERT INTO `project_endpoint` VALUES ('ef02ed30fc1540f8b3f45371863b57e0','78543985');
INSERT INTO `project_endpoint` VALUES ('ef02ed30fc1540f8b3f45371863b57e0','78543987');
INSERT INTO `project_endpoint` VALUES ('ef02ed30fc1540f8b3f45371863b57e0','78543988');
INSERT INTO `project_endpoint` VALUES ('ef02ed30fc1540f8b3f45371863b57e0','78543990');
INSERT INTO `project_endpoint` VALUES ('ef02ed30fc1540f8b3f45371863b57e0','78543995');
INSERT INTO `project_endpoint` VALUES ('ef02ed30fc1540f8b3f45371863b57e0','983452');
INSERT INTO `project_endpoint` VALUES ('f1a128d4238945b78a14556f1d503153','132885');
INSERT INTO `project_endpoint` VALUES ('f1a128d4238945b78a14556f1d503153','32035123');
INSERT INTO `project_endpoint` VALUES ('f1a128d4238945b78a14556f1d503153','78543985');
INSERT INTO `project_endpoint` VALUES ('f1a128d4238945b78a14556f1d503153','78543987');
INSERT INTO `project_endpoint` VALUES ('f1a128d4238945b78a14556f1d503153','78543988');
INSERT INTO `project_endpoint` VALUES ('f1a128d4238945b78a14556f1d503153','78543990');
INSERT INTO `project_endpoint` VALUES ('f1a128d4238945b78a14556f1d503153','78543995');
INSERT INTO `project_endpoint` VALUES ('f1a128d4238945b78a14556f1d503153','983452');
INSERT INTO `project_endpoint` VALUES ('f7a1e831f4bc4d8b8afb8ded473ea698','132885');
INSERT INTO `project_endpoint` VALUES ('f7a1e831f4bc4d8b8afb8ded473ea698','32035123');
INSERT INTO `project_endpoint` VALUES ('f7a1e831f4bc4d8b8afb8ded473ea698','78543985');
INSERT INTO `project_endpoint` VALUES ('f7a1e831f4bc4d8b8afb8ded473ea698','78543987');
INSERT INTO `project_endpoint` VALUES ('f7a1e831f4bc4d8b8afb8ded473ea698','78543988');
INSERT INTO `project_endpoint` VALUES ('f7a1e831f4bc4d8b8afb8ded473ea698','78543990');
INSERT INTO `project_endpoint` VALUES ('f7a1e831f4bc4d8b8afb8ded473ea698','78543995');
INSERT INTO `project_endpoint` VALUES ('f7a1e831f4bc4d8b8afb8ded473ea698','983452');
INSERT INTO `project_endpoint` VALUES ('f81393ca160349e4b79865041880f73b','MossoCloudFS_132885');
INSERT INTO `project_endpoint` VALUES ('f81393ca160349e4b79865041880f73b','MossoCloudFS_32035123');
INSERT INTO `project_endpoint` VALUES ('f81393ca160349e4b79865041880f73b','MossoCloudFS_78543985');
INSERT INTO `project_endpoint` VALUES ('f81393ca160349e4b79865041880f73b','MossoCloudFS_78543987');
INSERT INTO `project_endpoint` VALUES ('f81393ca160349e4b79865041880f73b','MossoCloudFS_78543988');
INSERT INTO `project_endpoint` VALUES ('f81393ca160349e4b79865041880f73b','MossoCloudFS_78543990');
INSERT INTO `project_endpoint` VALUES ('f81393ca160349e4b79865041880f73b','MossoCloudFS_78543995');
INSERT INTO `project_endpoint` VALUES ('f81393ca160349e4b79865041880f73b','StagingUS_ed361067-aebd-45b7-92a3-353edacb0e09');
INSERT INTO `project_endpoint` VALUES ('fee23333343e40fcb51b32bc9f03ff0b','132885');
INSERT INTO `project_endpoint` VALUES ('fee23333343e40fcb51b32bc9f03ff0b','32035123');
INSERT INTO `project_endpoint` VALUES ('fee23333343e40fcb51b32bc9f03ff0b','78543985');
INSERT INTO `project_endpoint` VALUES ('fee23333343e40fcb51b32bc9f03ff0b','78543987');
INSERT INTO `project_endpoint` VALUES ('fee23333343e40fcb51b32bc9f03ff0b','78543988');
INSERT INTO `project_endpoint` VALUES ('fee23333343e40fcb51b32bc9f03ff0b','78543990');
INSERT INTO `project_endpoint` VALUES ('fee23333343e40fcb51b32bc9f03ff0b','78543995');
INSERT INTO `project_endpoint` VALUES ('fee23333343e40fcb51b32bc9f03ff0b','983452');

--
-- Dumping data for table `project_endpoint_group`
--


--
-- Dumping data for table `project_endpoint_rax`
--

INSERT INTO `project_endpoint_rax` VALUES ('00aa5feb3a5c4faab9bba932c0b122b6','132885');
INSERT INTO `project_endpoint_rax` VALUES ('00aa5feb3a5c4faab9bba932c0b122b6','32035123');
INSERT INTO `project_endpoint_rax` VALUES ('00aa5feb3a5c4faab9bba932c0b122b6','78543985');
INSERT INTO `project_endpoint_rax` VALUES ('00aa5feb3a5c4faab9bba932c0b122b6','78543987');
INSERT INTO `project_endpoint_rax` VALUES ('00aa5feb3a5c4faab9bba932c0b122b6','78543988');
INSERT INTO `project_endpoint_rax` VALUES ('00aa5feb3a5c4faab9bba932c0b122b6','78543990');
INSERT INTO `project_endpoint_rax` VALUES ('00aa5feb3a5c4faab9bba932c0b122b6','78543995');
INSERT INTO `project_endpoint_rax` VALUES ('00aa5feb3a5c4faab9bba932c0b122b6','983452');
INSERT INTO `project_endpoint_rax` VALUES ('3ef8f99eac584af392ec8b1971e7c894','MossoCloudFS_132885');
INSERT INTO `project_endpoint_rax` VALUES ('3ef8f99eac584af392ec8b1971e7c894','MossoCloudFS_32035123');
INSERT INTO `project_endpoint_rax` VALUES ('3ef8f99eac584af392ec8b1971e7c894','MossoCloudFS_78543985');
INSERT INTO `project_endpoint_rax` VALUES ('3ef8f99eac584af392ec8b1971e7c894','MossoCloudFS_78543987');
INSERT INTO `project_endpoint_rax` VALUES ('3ef8f99eac584af392ec8b1971e7c894','MossoCloudFS_78543988');
INSERT INTO `project_endpoint_rax` VALUES ('3ef8f99eac584af392ec8b1971e7c894','MossoCloudFS_78543990');
INSERT INTO `project_endpoint_rax` VALUES ('3ef8f99eac584af392ec8b1971e7c894','MossoCloudFS_78543995');
INSERT INTO `project_endpoint_rax` VALUES ('3ef8f99eac584af392ec8b1971e7c894','StagingUS_ed361067-aebd-45b7-92a3-353edacb0e09');
INSERT INTO `project_endpoint_rax` VALUES ('44ebe3e5e2d94d678d62d8e2e8633a9f','132885');
INSERT INTO `project_endpoint_rax` VALUES ('44ebe3e5e2d94d678d62d8e2e8633a9f','32035123');
INSERT INTO `project_endpoint_rax` VALUES ('44ebe3e5e2d94d678d62d8e2e8633a9f','78543985');
INSERT INTO `project_endpoint_rax` VALUES ('44ebe3e5e2d94d678d62d8e2e8633a9f','78543987');
INSERT INTO `project_endpoint_rax` VALUES ('44ebe3e5e2d94d678d62d8e2e8633a9f','78543988');
INSERT INTO `project_endpoint_rax` VALUES ('44ebe3e5e2d94d678d62d8e2e8633a9f','78543990');
INSERT INTO `project_endpoint_rax` VALUES ('44ebe3e5e2d94d678d62d8e2e8633a9f','78543995');
INSERT INTO `project_endpoint_rax` VALUES ('44ebe3e5e2d94d678d62d8e2e8633a9f','983452');
INSERT INTO `project_endpoint_rax` VALUES ('493afbe674f741c8aac56695a340194f','MossoCloudFS_132885');
INSERT INTO `project_endpoint_rax` VALUES ('493afbe674f741c8aac56695a340194f','MossoCloudFS_32035123');
INSERT INTO `project_endpoint_rax` VALUES ('493afbe674f741c8aac56695a340194f','MossoCloudFS_78543985');
INSERT INTO `project_endpoint_rax` VALUES ('493afbe674f741c8aac56695a340194f','MossoCloudFS_78543987');
INSERT INTO `project_endpoint_rax` VALUES ('493afbe674f741c8aac56695a340194f','MossoCloudFS_78543988');
INSERT INTO `project_endpoint_rax` VALUES ('493afbe674f741c8aac56695a340194f','MossoCloudFS_78543990');
INSERT INTO `project_endpoint_rax` VALUES ('493afbe674f741c8aac56695a340194f','MossoCloudFS_78543995');
INSERT INTO `project_endpoint_rax` VALUES ('493afbe674f741c8aac56695a340194f','StagingUS_ed361067-aebd-45b7-92a3-353edacb0e09');
INSERT INTO `project_endpoint_rax` VALUES ('59d9242951584cb5a63522de001f5878','MossoCloudFS_132885');
INSERT INTO `project_endpoint_rax` VALUES ('59d9242951584cb5a63522de001f5878','MossoCloudFS_32035123');
INSERT INTO `project_endpoint_rax` VALUES ('59d9242951584cb5a63522de001f5878','MossoCloudFS_78543985');
INSERT INTO `project_endpoint_rax` VALUES ('59d9242951584cb5a63522de001f5878','MossoCloudFS_78543987');
INSERT INTO `project_endpoint_rax` VALUES ('59d9242951584cb5a63522de001f5878','MossoCloudFS_78543988');
INSERT INTO `project_endpoint_rax` VALUES ('59d9242951584cb5a63522de001f5878','MossoCloudFS_78543990');
INSERT INTO `project_endpoint_rax` VALUES ('59d9242951584cb5a63522de001f5878','MossoCloudFS_78543995');
INSERT INTO `project_endpoint_rax` VALUES ('59d9242951584cb5a63522de001f5878','StagingUS_ed361067-aebd-45b7-92a3-353edacb0e09');
INSERT INTO `project_endpoint_rax` VALUES ('5a9cfa60a41f4744add68e53ef042b3a','132885');
INSERT INTO `project_endpoint_rax` VALUES ('5a9cfa60a41f4744add68e53ef042b3a','32035123');
INSERT INTO `project_endpoint_rax` VALUES ('5a9cfa60a41f4744add68e53ef042b3a','78543985');
INSERT INTO `project_endpoint_rax` VALUES ('5a9cfa60a41f4744add68e53ef042b3a','78543987');
INSERT INTO `project_endpoint_rax` VALUES ('5a9cfa60a41f4744add68e53ef042b3a','78543988');
INSERT INTO `project_endpoint_rax` VALUES ('5a9cfa60a41f4744add68e53ef042b3a','78543990');
INSERT INTO `project_endpoint_rax` VALUES ('5a9cfa60a41f4744add68e53ef042b3a','78543995');
INSERT INTO `project_endpoint_rax` VALUES ('5a9cfa60a41f4744add68e53ef042b3a','983452');
INSERT INTO `project_endpoint_rax` VALUES ('94ae635db83b403eb45bd135b555058f','132885');
INSERT INTO `project_endpoint_rax` VALUES ('94ae635db83b403eb45bd135b555058f','32035123');
INSERT INTO `project_endpoint_rax` VALUES ('94ae635db83b403eb45bd135b555058f','78543985');
INSERT INTO `project_endpoint_rax` VALUES ('94ae635db83b403eb45bd135b555058f','78543987');
INSERT INTO `project_endpoint_rax` VALUES ('94ae635db83b403eb45bd135b555058f','78543988');
INSERT INTO `project_endpoint_rax` VALUES ('94ae635db83b403eb45bd135b555058f','78543990');
INSERT INTO `project_endpoint_rax` VALUES ('94ae635db83b403eb45bd135b555058f','78543995');
INSERT INTO `project_endpoint_rax` VALUES ('94ae635db83b403eb45bd135b555058f','983452');
INSERT INTO `project_endpoint_rax` VALUES ('956488b911ff44b19b617b0a1e763679','MossoCloudFS_132885');
INSERT INTO `project_endpoint_rax` VALUES ('956488b911ff44b19b617b0a1e763679','MossoCloudFS_32035123');
INSERT INTO `project_endpoint_rax` VALUES ('956488b911ff44b19b617b0a1e763679','MossoCloudFS_78543985');
INSERT INTO `project_endpoint_rax` VALUES ('956488b911ff44b19b617b0a1e763679','MossoCloudFS_78543987');
INSERT INTO `project_endpoint_rax` VALUES ('956488b911ff44b19b617b0a1e763679','MossoCloudFS_78543988');
INSERT INTO `project_endpoint_rax` VALUES ('956488b911ff44b19b617b0a1e763679','MossoCloudFS_78543990');
INSERT INTO `project_endpoint_rax` VALUES ('956488b911ff44b19b617b0a1e763679','MossoCloudFS_78543995');
INSERT INTO `project_endpoint_rax` VALUES ('956488b911ff44b19b617b0a1e763679','StagingUS_ed361067-aebd-45b7-92a3-353edacb0e09');
INSERT INTO `project_endpoint_rax` VALUES ('bd69b7ef629c4ceb8ee96e4e0c49ab79','MossoCloudFS_132885');
INSERT INTO `project_endpoint_rax` VALUES ('bd69b7ef629c4ceb8ee96e4e0c49ab79','MossoCloudFS_32035123');
INSERT INTO `project_endpoint_rax` VALUES ('bd69b7ef629c4ceb8ee96e4e0c49ab79','MossoCloudFS_78543985');
INSERT INTO `project_endpoint_rax` VALUES ('bd69b7ef629c4ceb8ee96e4e0c49ab79','MossoCloudFS_78543987');
INSERT INTO `project_endpoint_rax` VALUES ('bd69b7ef629c4ceb8ee96e4e0c49ab79','MossoCloudFS_78543988');
INSERT INTO `project_endpoint_rax` VALUES ('bd69b7ef629c4ceb8ee96e4e0c49ab79','MossoCloudFS_78543990');
INSERT INTO `project_endpoint_rax` VALUES ('bd69b7ef629c4ceb8ee96e4e0c49ab79','MossoCloudFS_78543995');
INSERT INTO `project_endpoint_rax` VALUES ('bd69b7ef629c4ceb8ee96e4e0c49ab79','StagingUS_ed361067-aebd-45b7-92a3-353edacb0e09');
INSERT INTO `project_endpoint_rax` VALUES ('c34305bd4d7d4f2b95998ff9cfb9aa5b','132885');
INSERT INTO `project_endpoint_rax` VALUES ('c34305bd4d7d4f2b95998ff9cfb9aa5b','32035123');
INSERT INTO `project_endpoint_rax` VALUES ('c34305bd4d7d4f2b95998ff9cfb9aa5b','78543985');
INSERT INTO `project_endpoint_rax` VALUES ('c34305bd4d7d4f2b95998ff9cfb9aa5b','78543987');
INSERT INTO `project_endpoint_rax` VALUES ('c34305bd4d7d4f2b95998ff9cfb9aa5b','78543988');
INSERT INTO `project_endpoint_rax` VALUES ('c34305bd4d7d4f2b95998ff9cfb9aa5b','78543990');
INSERT INTO `project_endpoint_rax` VALUES ('c34305bd4d7d4f2b95998ff9cfb9aa5b','78543995');
INSERT INTO `project_endpoint_rax` VALUES ('c34305bd4d7d4f2b95998ff9cfb9aa5b','983452');
INSERT INTO `project_endpoint_rax` VALUES ('d73f843222f94a49a1e58e0b39e317cc','MossoCloudFS_132885');
INSERT INTO `project_endpoint_rax` VALUES ('d73f843222f94a49a1e58e0b39e317cc','MossoCloudFS_32035123');
INSERT INTO `project_endpoint_rax` VALUES ('d73f843222f94a49a1e58e0b39e317cc','MossoCloudFS_78543985');
INSERT INTO `project_endpoint_rax` VALUES ('d73f843222f94a49a1e58e0b39e317cc','MossoCloudFS_78543987');
INSERT INTO `project_endpoint_rax` VALUES ('d73f843222f94a49a1e58e0b39e317cc','MossoCloudFS_78543988');
INSERT INTO `project_endpoint_rax` VALUES ('d73f843222f94a49a1e58e0b39e317cc','MossoCloudFS_78543990');
INSERT INTO `project_endpoint_rax` VALUES ('d73f843222f94a49a1e58e0b39e317cc','MossoCloudFS_78543995');
INSERT INTO `project_endpoint_rax` VALUES ('d73f843222f94a49a1e58e0b39e317cc','StagingUS_ed361067-aebd-45b7-92a3-353edacb0e09');
INSERT INTO `project_endpoint_rax` VALUES ('ec4e934c484849e496365a57e92f3a41','132885');
INSERT INTO `project_endpoint_rax` VALUES ('ec4e934c484849e496365a57e92f3a41','32035123');
INSERT INTO `project_endpoint_rax` VALUES ('ec4e934c484849e496365a57e92f3a41','78543985');
INSERT INTO `project_endpoint_rax` VALUES ('ec4e934c484849e496365a57e92f3a41','78543987');
INSERT INTO `project_endpoint_rax` VALUES ('ec4e934c484849e496365a57e92f3a41','78543988');
INSERT INTO `project_endpoint_rax` VALUES ('ec4e934c484849e496365a57e92f3a41','78543990');
INSERT INTO `project_endpoint_rax` VALUES ('ec4e934c484849e496365a57e92f3a41','78543995');
INSERT INTO `project_endpoint_rax` VALUES ('ec4e934c484849e496365a57e92f3a41','983452');

--
-- Dumping data for table `property_rax`
--

INSERT INTO `property_rax` VALUES ('encryptionVersionId','0');

--
-- Dumping data for table `question_rax`
--

INSERT INTO `question_rax` VALUES ('1','What is the location of a dream vacation?');
INSERT INTO `question_rax` VALUES ('2','Where is the best place to live?');
INSERT INTO `question_rax` VALUES ('3','What is your favorite book?');
INSERT INTO `question_rax` VALUES ('4','What is your favorite color?');
INSERT INTO `question_rax` VALUES ('5','Who let the dogs out?');
INSERT INTO `question_rax` VALUES ('6','What is your pass phrase?');

--
-- Dumping data for table `region`
--

INSERT INTO `region` VALUES ('DEFAULT','',NULL,'{}');
INSERT INTO `region` VALUES ('DFW','',NULL,'{}');
INSERT INTO `region` VALUES ('IAD','',NULL,'{}');
INSERT INTO `region` VALUES ('LON','',NULL,'{}');
INSERT INTO `region` VALUES ('ORD','',NULL,'{}');

--
-- Dumping data for table `region_rax`
--

INSERT INTO `region_rax` VALUES ('DEFAULT',1,'US',0);
INSERT INTO `region_rax` VALUES ('DFW',1,'US',0);
INSERT INTO `region_rax` VALUES ('IAD',1,'US',0);
INSERT INTO `region_rax` VALUES ('LON',1,'UK',1);
INSERT INTO `region_rax` VALUES ('ORD',1,'US',1);

--
-- Dumping data for table `request_token`
--


--
-- Dumping data for table `revocation_event`
--


--
-- Dumping data for table `revocation_event_authenticated_by_rax`
--


--
-- Dumping data for table `revocation_event_token_rax`
--


--
-- Dumping data for table `role`
--

INSERT INTO `role` VALUES ('1','identity:admin','{}');
INSERT INTO `role` VALUES ('10','Super Admin','{}');
INSERT INTO `role` VALUES ('10010175','nova:observer','{}');
INSERT INTO `role` VALUES ('10010176','nova:creator','{}');
INSERT INTO `role` VALUES ('10053953','Role 100','{}');
INSERT INTO `role` VALUES ('10053954','Role 500','{}');
INSERT INTO `role` VALUES ('10053955','Role 1000','{}');
INSERT INTO `role` VALUES ('10053956','Role 2000','{}');
INSERT INTO `role` VALUES ('11','Customer Admin','{}');
INSERT INTO `role` VALUES ('12','identity:validate-token-global','{}');
INSERT INTO `role` VALUES ('122776','rbacRole2','{}');
INSERT INTO `role` VALUES ('13','identity:get-token-endpoint-global','{}');
INSERT INTO `role` VALUES ('14','identity:get-user-roles-global','{}');
INSERT INTO `role` VALUES ('15','identity:get-user-groups-global','{}');
INSERT INTO `role` VALUES ('16','identity:repose-standard','{}');
INSERT INTO `role` VALUES ('2','identity:default','{}');
INSERT INTO `role` VALUES ('22776','rbacRole1','{}');
INSERT INTO `role` VALUES ('249','rax_managed','{}');
INSERT INTO `role` VALUES ('250','rack_connect','{}');
INSERT INTO `role` VALUES ('3','identity:user-admin','{}');
INSERT INTO `role` VALUES ('4','identity:service-admin','{}');
INSERT INTO `role` VALUES ('5','object-store:default','{}');
INSERT INTO `role` VALUES ('6','compute:default','{}');
INSERT INTO `role` VALUES ('7','identity:user-manage','{}');
INSERT INTO `role` VALUES ('8','identity:multifactor_beta','{}');
INSERT INTO `role` VALUES ('9','Racker','{}');

--
-- Dumping data for table `role_rax`
--

INSERT INTO `role_rax` VALUES ('1','Admin Role.',100,0,'bde1268ebabeeabb70a0e702a4626977c331d5c4');
INSERT INTO `role_rax` VALUES ('10','A role that allows a user/application full access to Global Auth',0,0,'18e7a7032733486cd32f472d7bd58f709ac0d221');
INSERT INTO `role_rax` VALUES ('10010175','Nova Observer Role for Account User',1000,0,'bde1268ebabeeabb70a0e702a4626977c331d5c4');
INSERT INTO `role_rax` VALUES ('10010176','Nova Creator Role for Account User',1000,0,'bde1268ebabeeabb70a0e702a4626977c331d5c4');
INSERT INTO `role_rax` VALUES ('10053953','Role for testing',100,0,'bde1268ebabeeabb70a0e702a4626977c331d5c4');
INSERT INTO `role_rax` VALUES ('10053954','Role for testing',500,0,'bde1268ebabeeabb70a0e702a4626977c331d5c4');
INSERT INTO `role_rax` VALUES ('10053955','Role for testing',1000,0,'bde1268ebabeeabb70a0e702a4626977c331d5c4');
INSERT INTO `role_rax` VALUES ('10053956','Role for testing',2000,0,'bde1268ebabeeabb70a0e702a4626977c331d5c4');
INSERT INTO `role_rax` VALUES ('11','A Role that allows a user to Admin other users in his customer',1000,0,'18e7a7032733486cd32f472d7bd58f709ac0d221');
INSERT INTO `role_rax` VALUES ('12','Role to allow validation of any token',50,0,'bde1268ebabeeabb70a0e702a4626977c331d5c4');
INSERT INTO `role_rax` VALUES ('122776','A random rbac role part II',1000,0,'bde1268ebabeeabb70a0e702a4626977c331d5c4');
INSERT INTO `role_rax` VALUES ('13','Role to allow a user to get the endpoints related to any token',50,0,'bde1268ebabeeabb70a0e702a4626977c331d5c4');
INSERT INTO `role_rax` VALUES ('14','Role to allow a user to get the roles of any other user',50,0,'bde1268ebabeeabb70a0e702a4626977c331d5c4');
INSERT INTO `role_rax` VALUES ('15','Role to allow a user to get the groups of any other user',50,0,'bde1268ebabeeabb70a0e702a4626977c331d5c4');
INSERT INTO `role_rax` VALUES ('16','Role for repose users that allows them to use the standard repose required calls within identity',50,0,'bde1268ebabeeabb70a0e702a4626977c331d5c4');
INSERT INTO `role_rax` VALUES ('2','Default Role.',2000,0,'bde1268ebabeeabb70a0e702a4626977c331d5c4');
INSERT INTO `role_rax` VALUES ('22776','A random rbac role',1000,0,'bde1268ebabeeabb70a0e702a4626977c331d5c4');
INSERT INTO `role_rax` VALUES ('249','Rackspace Managed Cloud Customer',500,1,'bde1268ebabeeabb70a0e702a4626977c331d5c4');
INSERT INTO `role_rax` VALUES ('250','Rackspace RackConnect Customer',500,1,'bde1268ebabeeabb70a0e702a4626977c331d5c4');
INSERT INTO `role_rax` VALUES ('3','User Admin Role.',750,0,'bde1268ebabeeabb70a0e702a4626977c331d5c4');
INSERT INTO `role_rax` VALUES ('4','Super Admin Role.',0,0,'bde1268ebabeeabb70a0e702a4626977c331d5c4');
INSERT INTO `role_rax` VALUES ('5','A Role that allows a user access to keystone Service methods',500,1,'6047d506862b81d6d99273b4853adfe81e0478c1');
INSERT INTO `role_rax` VALUES ('6','A Role that allows a user access to keystone Service methods',500,1,'a45b14e394a57e3fd4e45d59ff3693ead204998b');
INSERT INTO `role_rax` VALUES ('7','User manage role',900,0,'bde1268ebabeeabb70a0e702a4626977c331d5c4');
INSERT INTO `role_rax` VALUES ('8','Multi-Factor BETA',500,0,'bde1268ebabeeabb70a0e702a4626977c331d5c4');
INSERT INTO `role_rax` VALUES ('9','Defines a user as being a Racker',100,0,'18e7a7032733486cd32f472d7bd58f709ac0d221');

--
-- Dumping data for table `sensitive_config`
--


--
-- Dumping data for table `service`
--

INSERT INTO `service` VALUES ('02aec197e76448b6b3730725ccbc2c3c','undefined',1,'{\"name\": \"cloudImagesPreprod\"}');
INSERT INTO `service` VALUES ('09ca2c9b733e4ce38a31116f9e94c020','rax:customer',1,'{\"name\": \"CustomerService\"}');
INSERT INTO `service` VALUES ('18e7a7032733486cd32f472d7bd58f709ac0d221','identity',1,'{\"name\": \"Customer Idm\", \"description\": \"Our description here ...\"}');
INSERT INTO `service` VALUES ('20f6cc8ab08c45e39ca153218f22280d','volume',1,'{\"name\": \"cloudBlockStorageQE\"}');
INSERT INTO `service` VALUES ('23f724d4470b4c32899127939f911113','compute',1,'{\"name\": \"Compute\"}');
INSERT INTO `service` VALUES ('2673429b4a72498088392e838c962b5f','rax:biling',1,'{\"name\": \"BillingService\"}');
INSERT INTO `service` VALUES ('3b0b5431f4e846438fbcfd8f1f893629','rax:load-balancer',1,'{\"name\": \"cloudLoadBalancers\"}');
INSERT INTO `service` VALUES ('3b324c9c30ba4f2a8d2f8e14e2cea5f0','undefined',1,'{\"name\": \"cloudImages\"}');
INSERT INTO `service` VALUES ('406983bf5a4248c9ba3a430c764be912','volume',1,'{\"name\": \"cloudVolumeCBSPreview\"}');
INSERT INTO `service` VALUES ('41779496f06c4cd4a4ae9d60655a3b2c','image',1,'{\"name\": \"cloudImagesPublicPreprod\"}');
INSERT INTO `service` VALUES ('4864112ffb4f49fe9de5ad3ce50eba8f','rax:whales',1,'{\"name\": \"rax:whales\"}');
INSERT INTO `service` VALUES ('4fb10470a0e1423b80848ac6e115b4ec','image',1,'{\"name\": \"cloudImages\"}');
INSERT INTO `service` VALUES ('500095b376214c78bd53e3397e8e538b','image',1,'{\"name\": \"cloudImagesPreprod\"}');
INSERT INTO `service` VALUES ('502bef771ca24744a948596bcb99530c','undefined',1,'{\"name\": \"cloudServersOpenStack\"}');
INSERT INTO `service` VALUES ('5cae4c279ff54aeb8589d5fdc24a48df','undefined',1,'{\"name\": \"admin-Mix\"}');
INSERT INTO `service` VALUES ('6047d506862b81d6d99273b4853adfe81e0478c1','object-store',1,'{\"name\": \"cloudFiles\"}');
INSERT INTO `service` VALUES ('613ab2dd9e314ae0854933286cd4c8c1','undefined',1,'{\"name\": \"cloudServersPreprod\"}');
INSERT INTO `service` VALUES ('6598b4f12aa64adab079f346125ad425','volume',1,'{\"name\": \"cloudBlockStorage\"}');
INSERT INTO `service` VALUES ('6ae999552a0d2dca14d62e2bc8b764d377b1dd6c','identity',0,'{\"name\": \"Identity Global Roles\", \"description\": \"Identity Global Roles\"}');
INSERT INTO `service` VALUES ('70cd7894ac644f83bef3e8fe97684581','compute',1,'{\"name\": \"cloudServersPreprod\"}');
INSERT INTO `service` VALUES ('72a4100ec2a641399a3938fba7141c69','rax:incident',1,'{\"name\": \"IncidentService\"}');
INSERT INTO `service` VALUES ('778280ee70664371a0100a1938d8dafe','compute',1,'{\"name\": \"cloudServersOpenStack\"}');
INSERT INTO `service` VALUES ('79964ea548f747f2932ade27a4692b7a','compute',1,'{\"name\": \"openstackHuddle48\"}');
INSERT INTO `service` VALUES ('7cc417f495c64430828309588dad7393','rax:database',1,'{\"name\": \"cloudDatabases\"}');
INSERT INTO `service` VALUES ('810955c3e53342a3b8a72034e4c312d1','compute',1,'{\"name\": \"cloudServersOpenStackPreview\"}');
INSERT INTO `service` VALUES ('8bcc248d64274b758871d6982fb3bd3b','rax:usage',1,'{\"name\": \"UsageService\"}');
INSERT INTO `service` VALUES ('92aec25366af45b58adef9329f8b9da3','compute',1,'{\"name\": \"cloudServersPreview\"}');
INSERT INTO `service` VALUES ('92f71b49fc774e3093808e30d9b999cb','rax:monitor',1,'{\"name\": \"cloudMonitoring\"}');
INSERT INTO `service` VALUES ('959f12e90eb14309ac43f5b102dd9a1f','compute',1,'{\"name\": \"cloudServersPreprodAdmin\"}');
INSERT INTO `service` VALUES ('9db754ac79c2438a872b3386faeb6822','volume',1,'{\"name\": \"cloudBlockStorageHuddle48\"}');
INSERT INTO `service` VALUES ('9e1adf6284ac4599a67a82f3d0aa116e','rax:object-cdn',1,'{\"name\": \"cloudFilesCDN\"}');
INSERT INTO `service` VALUES ('a45b14e394a57e3fd4e45d59ff3693ead204998b','compute',1,'{\"name\": \"cloudServers\"}');
INSERT INTO `service` VALUES ('b1b53e09b2cc4b2d96a7a470f7566774','volume',1,'{\"name\": \"cloudBlockStoragePreprod\"}');
INSERT INTO `service` VALUES ('bb234657064a419ba20cc25e86a52cc9','volume',1,'{\"name\": \"cloudBlockStoragePreview\"}');
INSERT INTO `service` VALUES ('bcf53d061ef545149f577fd9682dd3cb','rax:dns',1,'{\"name\": \"cloudDNS\"}');
INSERT INTO `service` VALUES ('bde1268ebabeeabb70a0e702a4626977c331d5c4','identity',1,'{\"name\": \"Cloud Auth Service\"}');
INSERT INTO `service` VALUES ('c47fbdd0032e465d8809aee5efe3724b','cloudServers',1,'{\"name\": \"test\"}');
INSERT INTO `service` VALUES ('cebeb660339e41fe9cab4ed3ff061a6c','undefined',1,'{\"name\": \"all-urls\"}');
INSERT INTO `service` VALUES ('dd4054bb620a4a4ab6d6a8cd10d13c41','undefined',1,'{\"name\": \"admin-Only\"}');
INSERT INTO `service` VALUES ('e07bed78618f4df997a5c1d3020578eb','compute',1,'{\"name\": \"cloudServersCBSPreview\"}');
INSERT INTO `service` VALUES ('e5095fa908084151a4032c3eead377f4','image',1,'{\"name\": \"cloudImagesHuddle48\"}');

--
-- Dumping data for table `service_provider`
--


--
-- Dumping data for table `service_rax`
--

INSERT INTO `service_rax` VALUES ('02aec197e76448b6b3730725ccbc2c3c',0);
INSERT INTO `service_rax` VALUES ('09ca2c9b733e4ce38a31116f9e94c020',0);
INSERT INTO `service_rax` VALUES ('18e7a7032733486cd32f472d7bd58f709ac0d221',0);
INSERT INTO `service_rax` VALUES ('20f6cc8ab08c45e39ca153218f22280d',0);
INSERT INTO `service_rax` VALUES ('23f724d4470b4c32899127939f911113',0);
INSERT INTO `service_rax` VALUES ('2673429b4a72498088392e838c962b5f',0);
INSERT INTO `service_rax` VALUES ('3b0b5431f4e846438fbcfd8f1f893629',0);
INSERT INTO `service_rax` VALUES ('3b324c9c30ba4f2a8d2f8e14e2cea5f0',0);
INSERT INTO `service_rax` VALUES ('406983bf5a4248c9ba3a430c764be912',0);
INSERT INTO `service_rax` VALUES ('41779496f06c4cd4a4ae9d60655a3b2c',0);
INSERT INTO `service_rax` VALUES ('4864112ffb4f49fe9de5ad3ce50eba8f',0);
INSERT INTO `service_rax` VALUES ('4fb10470a0e1423b80848ac6e115b4ec',0);
INSERT INTO `service_rax` VALUES ('500095b376214c78bd53e3397e8e538b',0);
INSERT INTO `service_rax` VALUES ('502bef771ca24744a948596bcb99530c',0);
INSERT INTO `service_rax` VALUES ('5cae4c279ff54aeb8589d5fdc24a48df',0);
INSERT INTO `service_rax` VALUES ('6047d506862b81d6d99273b4853adfe81e0478c1',0);
INSERT INTO `service_rax` VALUES ('613ab2dd9e314ae0854933286cd4c8c1',0);
INSERT INTO `service_rax` VALUES ('6598b4f12aa64adab079f346125ad425',0);
INSERT INTO `service_rax` VALUES ('6ae999552a0d2dca14d62e2bc8b764d377b1dd6c',0);
INSERT INTO `service_rax` VALUES ('70cd7894ac644f83bef3e8fe97684581',0);
INSERT INTO `service_rax` VALUES ('72a4100ec2a641399a3938fba7141c69',0);
INSERT INTO `service_rax` VALUES ('778280ee70664371a0100a1938d8dafe',0);
INSERT INTO `service_rax` VALUES ('79964ea548f747f2932ade27a4692b7a',0);
INSERT INTO `service_rax` VALUES ('7cc417f495c64430828309588dad7393',0);
INSERT INTO `service_rax` VALUES ('810955c3e53342a3b8a72034e4c312d1',0);
INSERT INTO `service_rax` VALUES ('8bcc248d64274b758871d6982fb3bd3b',0);
INSERT INTO `service_rax` VALUES ('92aec25366af45b58adef9329f8b9da3',0);
INSERT INTO `service_rax` VALUES ('92f71b49fc774e3093808e30d9b999cb',0);
INSERT INTO `service_rax` VALUES ('959f12e90eb14309ac43f5b102dd9a1f',0);
INSERT INTO `service_rax` VALUES ('9db754ac79c2438a872b3386faeb6822',0);
INSERT INTO `service_rax` VALUES ('9e1adf6284ac4599a67a82f3d0aa116e',0);
INSERT INTO `service_rax` VALUES ('a45b14e394a57e3fd4e45d59ff3693ead204998b',0);
INSERT INTO `service_rax` VALUES ('b1b53e09b2cc4b2d96a7a470f7566774',0);
INSERT INTO `service_rax` VALUES ('bb234657064a419ba20cc25e86a52cc9',0);
INSERT INTO `service_rax` VALUES ('bcf53d061ef545149f577fd9682dd3cb',0);
INSERT INTO `service_rax` VALUES ('bde1268ebabeeabb70a0e702a4626977c331d5c4',0);
INSERT INTO `service_rax` VALUES ('c47fbdd0032e465d8809aee5efe3724b',0);
INSERT INTO `service_rax` VALUES ('cebeb660339e41fe9cab4ed3ff061a6c',0);
INSERT INTO `service_rax` VALUES ('dd4054bb620a4a4ab6d6a8cd10d13c41',0);
INSERT INTO `service_rax` VALUES ('e07bed78618f4df997a5c1d3020578eb',0);
INSERT INTO `service_rax` VALUES ('e5095fa908084151a4032c3eead377f4',0);

--
-- Dumping data for table `token`
--


--
-- Dumping data for table `trust`
--


--
-- Dumping data for table `trust_role`
--


--
-- Dumping data for table `user`
--

INSERT INTO `user` VALUES ('10022623','kurtDefaultUser','{\"email\": \"k@example.com\"}','{SSHA512}ej+i+M1f4fEQQMwSF/iz32ppvp7z2Wg8rnRhpt+M0iuJU+dO2flSxZ9BmP080rlcyD3Mud9/U1Ad8FIIRb3c2LkOe4s=',1,'32035123',NULL);
INSERT INTO `user` VALUES ('10022837','hectorUserAdmin','{\"email\": \"john.smith@example.org\"}','{SSHA512}p3hYI8bUm4ciUEZ0iuFvt/4HVFUbbxSMfHEjbvKG+vB0kRHvvvDKuWRtnY/YP+ltOS675dVHjypV1Nnnw+N3aGP0avo=',1,'32035123',NULL);
INSERT INTO `user` VALUES ('10043250','testServiceAdmin_doNotDelete','{\"email\": \"testEmail@rackspace.com\"}','{SSHA512}XnKfwm1hiQbTNxTObpm7mI21caR2T9vK/6KRmgb+io6Pt2HT4Jts01ZFv8qnx2ch3BHSwk42NSqQhj88mvJ1e3fCAtE=',1,'e40c19ae84254aaaae4e670789bc85ea',NULL);
INSERT INTO `user` VALUES ('10043490','testDisabledUser_doNotDelete','{\"email\": \"testEmail@rackspace.com\"}','{SSHA512}0L3YXuC3aluPyPjEWEYDU0scnUb+5VW7kdlf5lMlR44ka4ZrhCKqL0xhiBX0uExYYc9mPcGqKLqQvAYC7lchs7f80vE=',0,'41d4b4f276db4630b731e3477635d430',NULL);
INSERT INTO `user` VALUES ('10044477','testIdentityAdmin_doNotDelete','{\"email\": \"testEmail@rackspace.com\"}','{SSHA512}09y37gXSy8nv4CuIRw8oqB/x+zcDs944ytOvVOWYeh1GkTTgLf/T83x6MrjwXsuwi+pHpoTzrnfYEjUJNHply8keUq4=',1,'938e0ee4e8ce4fe7a179db79cadd245a',NULL);
INSERT INTO `user` VALUES ('10044550','testUserAdmin_doNotDelete','{\"email\": \"testuser@example.org\"}','{SSHA512}aE2fQnQ5jCMcPy6CKs7Zbq2jRFN1NDkbyeAC0BTtqWds60d/aRz6w7iUwmMKOTwvybGs8KlSJnzYF26UfZ8EOSQ1cMM=',1,'135792468',NULL);
INSERT INTO `user` VALUES ('10044551','testUserNoRoles_doNotDelete','{\"email\": \"testEmail@rackspace.com\"}','{SSHA512}JskKc+Ud0q8FAuPLlb9ylGE+N2pNBehjMu7mZV5LUg2zMHlKWPLcjN9MEmgtRp7c5YXhbMYGnu2ehDDvBFCZzNIyolM=',1,'135792468',NULL);
INSERT INTO `user` VALUES ('10046995','testDefaultUser_doNotDelete','{\"email\": \"testEmail@rackspace.com\"}','{SSHA512}QRtJi12bue/ZTNzZUieelqacz3sNF3nZD7PxpbgvsmN622blGqGEoDfazK1rhnBwXRt9noW3EAwNIjQoGb0QUdISaOw=',1,'135792468',NULL);
INSERT INTO `user` VALUES ('10071819','cloud10User_DoNotDelete','{}','{SSHA512}CucSTNtrNnFlAJcnAiLS3Hl9Z+Wmc9RJGKYzcv26hS8L+jBHcEFhEtAcoaZ/+2gcbeCYapHo9Nq40juE/WTy9ZfEpIE=',1,'-543569094',NULL);
INSERT INTO `user` VALUES ('173189','auth','{\"email\": \"auth@rackspace.com\"}','{SSHA512}gXOGDl/oKt+IB9NYUdMHoga0hoI/ml7Yl8KZ+WAjN3qiotYsXPSlMLbFXlUDa8hjnSzV5vGpzmGpGr4Mzh0vBRUaRjk=',1,'7f5e09ff78ed465a9609ef8f2816af5b',NULL);
INSERT INTO `user` VALUES ('173190','authQE','{\"email\": \"auth@rackspace.com\"}','{SSHA512}iFi1s2vu+kZ/91dxtC6DAU9IVDAQ6uktuaIyjCQDbE18eWv2EzGRbI1fGF1cRATu73zpTUHY6L5rL+WUk+BoECDjd/I=',1,'15f080741fc24768bd235d696776afde',NULL);
INSERT INTO `user` VALUES ('173195','authQE2','{\"email\": \"auth@rackspace.com\"}','{SSHA512}FanKfppz11U5LJeUGrMKUEx0Qda/MckZT7WigVMZ8kB6xw2m+aoH6EyPmOjcV/PNSqhWX0eowQ3b+GzL/4N7+w0zuC0=',1,'d3db20a9e22c4c9cba2c22c577deb906',NULL);
INSERT INTO `user` VALUES ('1c5a89a8d99b4e34998f7143d76d99e2','keystone_mfa_enabled_user_admin','{}','{SSHA512}xzscjAWtRx8WvXpueBodCAQyL3hEli1XnUZWi3UhF02n2x5p+2OLD+tuf/eYI2FSwZBQSvCTTawtGjEASeGwHZZJ5f4=',1,'78543990','78543990');
INSERT INTO `user` VALUES ('3a4407a6b3e349998478409c5b7eda14','cloudCafeUserAdmin','{}','{SSHA512}aV7cSVt0C2Es2efBtEI7U7gVhlN+zS6APHlaKh2rGJqgb1J7jgcLlmEqm8Cc5ffWzmDYjUxnEbejNwfA5CCvNQOBPU0=',1,'983452','983452');
INSERT INTO `user` VALUES ('4e997592aad24e2183e51bd013f223c5','keystone_user_admin','{}','{SSHA512}0d2ldlhL6wuErFZYqazvZnAbyN87geeZO8+DBTBz/MivZnK5xUt0EZ1s4Z/9FpPk95yinR9KBYzJzH8uLjkUcHL5R30=',1,'78543988','78543988');
INSERT INTO `user` VALUES ('6ffe3875d15b44d5b8b2d285790c89ec','keystone_service_admin','{}','{SSHA512}e3tFeg+IBMSSyH2tl8YKf4LoqqaNdVD0YC5eZSbfa/oWAapukBGJx+SOLtcS91oMY3K2QQcp1M7x7XTU4EgtS3DPI5U=',1,'78543987','78543987');
INSERT INTO `user` VALUES ('868dea5a32934749a3fb9a47e80f12a4','keystone_default_user','{\"email\": \"shanthi.vedula@rackspace.com\"}','{SSHA512}Lj7hm59v2o28pGmgXNjqhQHGzn0FL/SYi5Ofyrzsgu0Vgw4TiHuMzIyEdd0W2e98to0AAUmaD50bUsTMu6mAz49fQxk=',1,'78543988','78543988');
INSERT INTO `user` VALUES ('af455d1387ab4281873ceae5bc400e50','identityAdmin5ac28fdd56b14020965350b907c7dfb7','{\"email\": \"identityAdmin5ac28fdd56b14020965350b907c7dfb7@rackspace.com\"}','{SSHA512}D+l5P03t15k2pawaEscnWNK0IGnzgS7ezNZimLW8KvaSTPIkZGMhNOHoQKMdBWUrTpFmpN4YvC6T/4nwYXLJgcDb4YI=',1,'077d6644f58145cf831361bc08301a1e',NULL);
INSERT INTO `user` VALUES ('c90d35db77d14133b05fdc576a4f4ffb','userAdmin80235dc928bf4854863193257a80da64','{\"email\": \"email@email.com\"}','{SSHA512}9dMk+TEOHGvZ9Xt6ZCPnMQuZvW5obdqbaDxcUnz6jQu+i8wV9AUdFwDUqFnQHhLYtSJWv8GTORd1MK9o+WTbMMJVslM=',1,'132885','132885');
INSERT INTO `user` VALUES ('d14b1195cbe045d9905c25317dd1f924','cloudIdentitySA1','{\"email\": \"new_email_1_614979@test.com\"}','{SSHA512}3ezkZfEsxKeRKztpWvSuEU/1MKEv1D0nNVnccGSQyYLTJ/5btnOZf4bM1R5eQeWYOxIg2joiKSlE4mUI2tsREy0cPCY=',1,'ee6b1988a42e48469166260629f1326a',NULL);
INSERT INTO `user` VALUES ('d2d1adee553144ada948e03d1f5503f1','keystone_user_manage','{\"email\": \"shanthi.vedula@rackspace.com\"}','{SSHA512}yVlg6itAMPH2IuT+ILigihCVPJpADt9Y5zbanGwV0Hi8ueFLKGyh1gJoZqsUqkmwemG8Gt6MpxEKCM3ck8LSSnOW8Y4=',1,'78543988','78543988');
INSERT INTO `user` VALUES ('d8f1b8df14c844d9919aee4e19a2f6f9','keystone_mfa_user_admin','{}','{SSHA512}6NmWxePZPI101gxL3FuyoEDE95yAWvHPQOodY9/EYmx5L3MO1BOAA8hxTC59kvOMgIm3MmBylzFxoxhNHvXN8ATq9+g=',1,'78543995','78543995');
INSERT INTO `user` VALUES ('e2655b97cfe848b796097c2073b174e7','cloudIdentitySA2','{\"email\": \"new_email_2_814159@example.com\"}','{SSHA512}k1xmvdFrf5WRgmZobev5WZXuF3uGRx15hE5ZKYCX3HTEluP2JfHQFmdSIq1wuAfgd1PE8FZ+X+pcgIHI5KrwtFuzrwQ=',1,'f7c212c05efc44a9957bc8b48d0a071a',NULL);
INSERT INTO `user` VALUES ('fa9ddbf7cc904a75b8bd40c26bc738cd','keystone_identity_admin','{}','{SSHA512}orFD4KiiB2w6X+iC/iEkS/DWetQL1wGtcQDd+tjrV1sqNRvqCnOYatbzj+FJyEVS/nTfoIaesRpxfAXWuFace3akz9k=',1,'78543985','78543985');

--
-- Dumping data for table `user_certificate_rax`
--

INSERT INTO `user_certificate_rax` VALUES ('17a9347c1408448fb89857d71c0ee497','identityqe',0x3082039F30820308A003020102020900F80368ED17A6047A300D06092A864886F70D0101050500308192310B3009060355040613027573310E300C060355040813057465786173311430120603550407130B73616E20616E746F6E696F31123010060355040A13097261636B7370616365310E300C060355040B1305636C6F7564310C300A06035504031303716534312B302906092A864886F70D010901161C7368616E7468692E766564756C61407261636B73706163652E636F6D301E170D3134303830373136333235375A170D3234303830363136333235375A308192310B3009060355040613027573310E300C060355040813057465786173311430120603550407130B73616E20616E746F6E696F31123010060355040A13097261636B7370616365310E300C060355040B1305636C6F7564310C300A06035504031303716534312B302906092A864886F70D010901161C7368616E7468692E766564756C61407261636B73706163652E636F6D30819F300D06092A864886F70D010101050003818D0030818902818100B820506913F2FFB298182DFBCF0611AE8ED00C5A32B44EA8A01C6AEF7981F19B74762EACA1D4377DA30082B0914EEA49665A35CBAD14429C41894D9A89DAF866910879ACFFA2A8650A985E260DABCDE47A496274B664272C42FF09C92EC6EE6B058538D7D2EB49A7DEC6CC18B18C95A589B40E567628EB1EA81F42CF219550570203010001A381FA3081F7301D0603551D0E0416041437EC84A1FC0DF3464A1CFF0B76F1FFCC0B1519983081C70603551D230481BF3081BC801437EC84A1FC0DF3464A1CFF0B76F1FFCC0B151998A18198A48195308192310B3009060355040613027573310E300C060355040813057465786173311430120603550407130B73616E20616E746F6E696F31123010060355040A13097261636B7370616365310E300C060355040B1305636C6F7564310C300A06035504031303716534312B302906092A864886F70D010901161C7368616E7468692E766564756C61407261636B73706163652E636F6D820900F80368ED17A6047A300C0603551D13040530030101FF300D06092A864886F70D0101050500038181007A3C58E1C863985EB11738103E625972D7298B1CCD567A9A458B2A0FC45383E03E4538EC939E74CCFAD270A75D70B6150C9F7444C68992F8CE8B4E08F75AAE0D839090BDD49C7C9C09753D82D864A7A288CBA67A4C31166F82F0ED16BFBFE971B81F2CDC16F7F5BF8515E3EEEFFAF2A59D1B619E50103FF46E8F11DC273E4BC7);
INSERT INTO `user_certificate_rax` VALUES ('1980699a3f9a4096a485544ba09d1a57','identityqe',0x3082039F30820308A003020102020900DDB8940B2C9A557F300D06092A864886F70D0101050500308192310B3009060355040613027573310E300C060355040813057465786173311430120603550407130B73616E20616E746F6E696F31123010060355040A13097261636B7370616365310E300C060355040B1305636C6F7564310C300A06035504031303716532312B302906092A864886F70D010901161C7368616E7468692E766564756C61407261636B73706163652E636F6D301E170D3134303830373136333133375A170D3234303830363136333133375A308192310B3009060355040613027573310E300C060355040813057465786173311430120603550407130B73616E20616E746F6E696F31123010060355040A13097261636B7370616365310E300C060355040B1305636C6F7564310C300A06035504031303716532312B302906092A864886F70D010901161C7368616E7468692E766564756C61407261636B73706163652E636F6D30819F300D06092A864886F70D010101050003818D0030818902818100D7C1011D36618D40FB4EF476AC1925A28734D5F0CBBEF2AA7A535B9C2AAE940E91F77BE1EFE4633AB763712BE4339B2B597FFA002698D6EB75C97B005765746478BD4AE17B9F6AE9CD352B958A816D82B2B106B9861D2BA041F6457DC8078C2B3BEB35014CFDB681737D71CD278BD0C1FBB798B261BD3C193897865D611435410203010001A381FA3081F7301D0603551D0E041604146357F27650E086B55803C1D5DDAA88FFBE84B4953081C70603551D230481BF3081BC80146357F27650E086B55803C1D5DDAA88FFBE84B495A18198A48195308192310B3009060355040613027573310E300C060355040813057465786173311430120603550407130B73616E20616E746F6E696F31123010060355040A13097261636B7370616365310E300C060355040B1305636C6F7564310C300A06035504031303716532312B302906092A864886F70D010901161C7368616E7468692E766564756C61407261636B73706163652E636F6D820900DDB8940B2C9A557F300C0603551D13040530030101FF300D06092A864886F70D0101050500038181009494A52091CF3B6C9C7C3D229CEA5AD252BF98FBDFD5B31B9B631007C7E96026D4AE5EA339F9FA41E87B6DFD20E110339F214FC8BD8121A30EEA5D19CAFCDF4DBB7A3B87B187060C6CB9E05D4AF4DD17881FC42B31545D0E466AF4636574A4CC2D2EB98D7108EEBDA01813F8DA328436BCA033924A262DC37FBAB32CC3D95478);
INSERT INTO `user_certificate_rax` VALUES ('30100f3f88544d3ab26ecd3bc9cc65ca','dedicated',0x308201F53082019FA003020102020900CA6E2FCAF7A5E09B300D06092A864886F70D01010505003056310B3009060355040613025553310E300C06035504080C0554657861733114301206035504070C0B53616E20416E746F6E696F3121301F060355040A0C18496E7465726E6574205769646769747320507479204C7464301E170D3133303730393232323734395A170D3134303730393232323734395A3056310B3009060355040613025553310E300C06035504080C0554657861733114301206035504070C0B53616E20416E746F6E696F3121301F060355040A0C18496E7465726E6574205769646769747320507479204C7464305C300D06092A864886F70D0101010500034B003048024100B4B4BDCFCA53F13E3D5AB8C37608D588682B2A3DCCB82CAF4EBA48F149F5247B03A2EA42A8BFD692DA97B402C0BCBB09213E3ECF97EC34955632192AC0879F0F0203010001A350304E301D0603551D0E0416041408F04CE0F4CF2F9D7A3B8ADDBC9D45BAC58F7BE2301F0603551D2304183016801408F04CE0F4CF2F9D7A3B8ADDBC9D45BAC58F7BE2300C0603551D13040530030101FF300D06092A864886F70D01010505000341003A8F14A40FA5166167FC35F8944812858A5CA26D753BE292DE67FC349865DBFDF8C0BC34209D2DD41A7AF9429E10B5155D46BC7A9B5A42E267B23EB131B6B2C7);
INSERT INTO `user_certificate_rax` VALUES ('6ab6f554659c44deb52c9d8b19b8d3a9','test',0x308202B030820219A003020102020900F0CB22507391E0AF300D06092A864886F70D01010505003045310B3009060355040613024155311330110603550408130A536F6D652D53746174653121301F060355040A1318496E7465726E6574205769646769747320507479204C7464301E170D3134303530323231333133385A170D3234303530313231333133385A3045310B3009060355040613024155311330110603550408130A536F6D652D53746174653121301F060355040A1318496E7465726E6574205769646769747320507479204C746430819F300D06092A864886F70D010101050003818D0030818902818100B4048069FA9161770428E63FFCD3DCBDFA694CE860A6B3DBB7AD71FFB3FDD2FB46E007CD52BDEE9339F944D42B2D7CDC5F7DFA57F0B0B8F5BB23A6EBBCC98E23765DDF752341B2FCA2595EF0495969DDDAE572FD1D7788D7AF55535206F83D353B2AAEC5E3DC2BCB7B897DBF6638C4CD4EDE03305405E187330E1B43EC63024D0203010001A381A73081A4301D0603551D0E04160414DE4111FDB0D36EB81160EC44AF03255A4EB7F94130750603551D23046E306C8014DE4111FDB0D36EB81160EC44AF03255A4EB7F941A149A4473045310B3009060355040613024155311330110603550408130A536F6D652D53746174653121301F060355040A1318496E7465726E6574205769646769747320507479204C7464820900F0CB22507391E0AF300C0603551D13040530030101FF300D06092A864886F70D010105050003818100AEC610C2A5B9A9BF8B637B559E3F2466E838D650A8816F4EB237592E8EAFDA22EA0D441AC36F0D17BB49CA43479B46AB2841B9762FC75E7B4C6C6F4019AD542849CE156A471DF36D5FC771CC23B50AFA4352AC2754D29CF809FB1EB441D0272CF068AE450B88D913A1899DADDFF8D819F00A5C69C2E16642BF2CF5487A5C2A92);
INSERT INTO `user_certificate_rax` VALUES ('6bd0ba9c716c4f9db5e7c1b5a229432a','rackertest',0x308202B030820219A003020102020900F0CB22507391E0AF300D06092A864886F70D01010505003045310B3009060355040613024155311330110603550408130A536F6D652D53746174653121301F060355040A1318496E7465726E6574205769646769747320507479204C7464301E170D3134303530323231333133385A170D3234303530313231333133385A3045310B3009060355040613024155311330110603550408130A536F6D652D53746174653121301F060355040A1318496E7465726E6574205769646769747320507479204C746430819F300D06092A864886F70D010101050003818D0030818902818100B4048069FA9161770428E63FFCD3DCBDFA694CE860A6B3DBB7AD71FFB3FDD2FB46E007CD52BDEE9339F944D42B2D7CDC5F7DFA57F0B0B8F5BB23A6EBBCC98E23765DDF752341B2FCA2595EF0495969DDDAE572FD1D7788D7AF55535206F83D353B2AAEC5E3DC2BCB7B897DBF6638C4CD4EDE03305405E187330E1B43EC63024D0203010001A381A73081A4301D0603551D0E04160414DE4111FDB0D36EB81160EC44AF03255A4EB7F94130750603551D23046E306C8014DE4111FDB0D36EB81160EC44AF03255A4EB7F941A149A4473045310B3009060355040613024155311330110603550408130A536F6D652D53746174653121301F060355040A1318496E7465726E6574205769646769747320507479204C7464820900F0CB22507391E0AF300C0603551D13040530030101FF300D06092A864886F70D010105050003818100AEC610C2A5B9A9BF8B637B559E3F2466E838D650A8816F4EB237592E8EAFDA22EA0D441AC36F0D17BB49CA43479B46AB2841B9762FC75E7B4C6C6F4019AD542849CE156A471DF36D5FC771CC23B50AFA4352AC2754D29CF809FB1EB441D0272CF068AE450B88D913A1899DADDFF8D819F00A5C69C2E16642BF2CF5487A5C2A92);
INSERT INTO `user_certificate_rax` VALUES ('a1e3969df8a54e34879a5fd25deb1d37','identityqe',0x3082039F30820308A0030201020209009D5DADD222420EC4300D06092A864886F70D0101050500308192310B3009060355040613027573310E300C060355040813057465786173311430120603550407130B73616E20616E746F6E696F31123010060355040A13097261636B7370616365310E300C060355040B1305636C6F7564310C300A06035504031303716533312B302906092A864886F70D010901161C7368616E7468692E766564756C61407261636B73706163652E636F6D301E170D3134303830373136333230385A170D3234303830363136333230385A308192310B3009060355040613027573310E300C060355040813057465786173311430120603550407130B73616E20616E746F6E696F31123010060355040A13097261636B7370616365310E300C060355040B1305636C6F7564310C300A06035504031303716533312B302906092A864886F70D010901161C7368616E7468692E766564756C61407261636B73706163652E636F6D30819F300D06092A864886F70D010101050003818D0030818902818100AB29BA714965D485223EE503348C78236B20214B308D30EC036F3BE4BA5437DDF9AE5C4441E79316C6F1FBC638CE534A4E48F9E492FF0F7AC2F5AD68E21D09355E98541349BC4C9C5B11D2983F4C4AE323D687F65623CCC4026D1F79644CA46E4588A86C3709DC302E6AC8E6FBDA99C0FF321C04204650E0265E5A448EEB314D0203010001A381FA3081F7301D0603551D0E04160414F06BBCEC1581D9D78551CE92CCECC8442209D1613081C70603551D230481BF3081BC8014F06BBCEC1581D9D78551CE92CCECC8442209D161A18198A48195308192310B3009060355040613027573310E300C060355040813057465786173311430120603550407130B73616E20616E746F6E696F31123010060355040A13097261636B7370616365310E300C060355040B1305636C6F7564310C300A06035504031303716533312B302906092A864886F70D010901161C7368616E7468692E766564756C61407261636B73706163652E636F6D8209009D5DADD222420EC4300C0603551D13040530030101FF300D06092A864886F70D01010505000381810039F0155FD4297715FF7F33F2183068BD978D330A154DC9F9E07FAAF48BAE4CBDD24AA4D4F211B64822F51281CE5A1706201F5FB42A2EDD4C218F7E86EF42C7CF124228D61D784BCF5FF4102C74082B989880DCE823727C35DEAA72D613163D960CE442CB04D780644759449DDDCAE13BC3F809E46548B833714A7F4CC911430A);
INSERT INTO `user_certificate_rax` VALUES ('a3e165e5cd114be8a84598730f5b4019','identityqe',0x30820390308202F9A003020102020900E24FF2B2FBC11E28300D06092A864886F70D010105050030818D310B3009060355040613027573310E300C060355040813057465786173311430120603550407130B73616E20616E746F6E696F31123010060355040A13097261636B7370616365310E300C060355040B1305636C6F7564310B30090603550403130271653127302506092A864886F70D01090116187368616E7468692E766564756C6140676D61696C2E636F6D301E170D3134303731343231333835305A170D3234303731333231333835305A30818D310B3009060355040613027573310E300C060355040813057465786173311430120603550407130B73616E20616E746F6E696F31123010060355040A13097261636B7370616365310E300C060355040B1305636C6F7564310B30090603550403130271653127302506092A864886F70D01090116187368616E7468692E766564756C6140676D61696C2E636F6D30819F300D06092A864886F70D010101050003818D0030818902818100ACD84C17C4ED199F9E319DC86619E69B4EB0D7E5F00F1A52FDF0E0A4D9328B5B6DA1572B5950C18CDF27ECF290ACEB15D02E014D6E93244B83BE2B07034E23C304A99385EAD6CFDD532B2623137F718D16DDE78BF85212551C41D323A2E81A3ECB75A73938762F4DEF31DE251B328CA20554D303C88A428FF3744B24E25B40A70203010001A381F53081F2301D0603551D0E0416041498AC8995C0DB8501FB79F923B7D95541B32663093081C20603551D230481BA3081B7801498AC8995C0DB8501FB79F923B7D95541B3266309A18193A4819030818D310B3009060355040613027573310E300C060355040813057465786173311430120603550407130B73616E20616E746F6E696F31123010060355040A13097261636B7370616365310E300C060355040B1305636C6F7564310B30090603550403130271653127302506092A864886F70D01090116187368616E7468692E766564756C6140676D61696C2E636F6D820900E24FF2B2FBC11E28300C0603551D13040530030101FF300D06092A864886F70D0101050500038181007C39B099E8DC10022FA1A86869DAAD4E4D4B8D756CF86EC8C87D93BA150A8A3C4C10DFC91D46C0D8F2C77B1D1FB5276CA6C0050511521CF7AE5ABD32EDF3B1F146D36D089DFC6246D3C085051459BFC370B0A306B4C7F26A441479B14D0358744E14D40EFBBF32F1AA05C4D3AE3534AAFEEB15EF6299E6261BFEF23F3F3DE973);
INSERT INTO `user_certificate_rax` VALUES ('f3a34c630fd54c77a219a6d220745757','rackertest',0x30820390308202F9A003020102020900E24FF2B2FBC11E28300D06092A864886F70D010105050030818D310B3009060355040613027573310E300C060355040813057465786173311430120603550407130B73616E20616E746F6E696F31123010060355040A13097261636B7370616365310E300C060355040B1305636C6F7564310B30090603550403130271653127302506092A864886F70D01090116187368616E7468692E766564756C6140676D61696C2E636F6D301E170D3134303731343231333835305A170D3234303731333231333835305A30818D310B3009060355040613027573310E300C060355040813057465786173311430120603550407130B73616E20616E746F6E696F31123010060355040A13097261636B7370616365310E300C060355040B1305636C6F7564310B30090603550403130271653127302506092A864886F70D01090116187368616E7468692E766564756C6140676D61696C2E636F6D30819F300D06092A864886F70D010101050003818D0030818902818100ACD84C17C4ED199F9E319DC86619E69B4EB0D7E5F00F1A52FDF0E0A4D9328B5B6DA1572B5950C18CDF27ECF290ACEB15D02E014D6E93244B83BE2B07034E23C304A99385EAD6CFDD532B2623137F718D16DDE78BF85212551C41D323A2E81A3ECB75A73938762F4DEF31DE251B328CA20554D303C88A428FF3744B24E25B40A70203010001A381F53081F2301D0603551D0E0416041498AC8995C0DB8501FB79F923B7D95541B32663093081C20603551D230481BA3081B7801498AC8995C0DB8501FB79F923B7D95541B3266309A18193A4819030818D310B3009060355040613027573310E300C060355040813057465786173311430120603550407130B73616E20616E746F6E696F31123010060355040A13097261636B7370616365310E300C060355040B1305636C6F7564310B30090603550403130271653127302506092A864886F70D01090116187368616E7468692E766564756C6140676D61696C2E636F6D820900E24FF2B2FBC11E28300C0603551D13040530030101FF300D06092A864886F70D0101050500038181007C39B099E8DC10022FA1A86869DAAD4E4D4B8D756CF86EC8C87D93BA150A8A3C4C10DFC91D46C0D8F2C77B1D1FB5276CA6C0050511521CF7AE5ABD32EDF3B1F146D36D089DFC6246D3C085051459BFC370B0A306B4C7F26A441479B14D0358744E14D40EFBBF32F1AA05C4D3AE3534AAFEEB15EF6299E6261BFEF23F3F3DE973);

--
-- Dumping data for table `user_group_membership`
--

INSERT INTO `user_group_membership` VALUES ('c90d35db77d14133b05fdc576a4f4ffb','0');

--
-- Dumping data for table `user_rax`
--

INSERT INTO `user_rax` VALUES ('10022623',NULL,NULL,'2012-06-27 23:09:33.000000',0,NULL,NULL,NULL,NULL,NULL,'0p5Hq3v9YYI4c2yPHmegVg==','asdfgh1234','US',NULL,NULL,NULL,NULL,NULL,NULL,NULL,NULL,0,0,NULL,NULL,NULL,NULL,NULL,NULL);
INSERT INTO `user_rax` VALUES ('10022837',NULL,NULL,'2012-06-28 15:36:16.000000',0,NULL,NULL,NULL,NULL,NULL,NULL,NULL,NULL,NULL,NULL,NULL,NULL,NULL,NULL,NULL,NULL,0,0,NULL,NULL,NULL,NULL,NULL,NULL);
INSERT INTO `user_rax` VALUES ('10043250',NULL,NULL,'2012-09-14 23:23:53.000000',0,NULL,NULL,NULL,NULL,NULL,NULL,NULL,NULL,NULL,NULL,NULL,NULL,NULL,NULL,NULL,NULL,0,0,NULL,NULL,NULL,NULL,NULL,NULL);
INSERT INTO `user_rax` VALUES ('10043490',NULL,NULL,'2012-09-18 15:45:08.000000',0,NULL,NULL,NULL,NULL,NULL,NULL,NULL,NULL,NULL,NULL,NULL,NULL,NULL,NULL,NULL,NULL,0,0,NULL,NULL,NULL,NULL,NULL,NULL);
INSERT INTO `user_rax` VALUES ('10044477',NULL,NULL,'2012-09-20 18:10:26.000000',0,NULL,NULL,NULL,NULL,NULL,NULL,NULL,NULL,NULL,NULL,NULL,NULL,NULL,NULL,NULL,NULL,0,0,NULL,NULL,NULL,NULL,NULL,NULL);
INSERT INTO `user_rax` VALUES ('10044550',NULL,NULL,'2012-09-24 21:19:54.000000',0,NULL,NULL,NULL,NULL,NULL,NULL,NULL,NULL,NULL,NULL,NULL,NULL,NULL,NULL,NULL,NULL,0,0,NULL,NULL,NULL,NULL,NULL,NULL);
INSERT INTO `user_rax` VALUES ('10044551',NULL,NULL,'2012-09-24 21:19:57.000000',0,NULL,NULL,NULL,NULL,NULL,NULL,NULL,NULL,NULL,NULL,NULL,NULL,NULL,NULL,NULL,NULL,0,0,NULL,NULL,NULL,NULL,NULL,NULL);
INSERT INTO `user_rax` VALUES ('10046995',NULL,NULL,'2012-10-12 20:25:21.000000',0,NULL,NULL,NULL,NULL,NULL,NULL,NULL,NULL,NULL,NULL,NULL,NULL,NULL,NULL,NULL,NULL,0,0,NULL,NULL,NULL,NULL,NULL,NULL);
INSERT INTO `user_rax` VALUES ('10071819',NULL,NULL,'2013-03-22 14:50:56.000000',0,NULL,NULL,NULL,NULL,NULL,'Is2/L0NNUM3svnnjOcEqVg==','StagingUS_e99825fd-b069-4987-bf46-42766bf79fd3','ORD',NULL,NULL,NULL,NULL,NULL,NULL,NULL,NULL,0,0,NULL,NULL,NULL,NULL,NULL,NULL);
INSERT INTO `user_rax` VALUES ('173189','18e7a7032733486cd32f472d7bd58f709ac0d221',NULL,'2012-09-19 15:39:31.000000',0,NULL,'C5WykLHFtUz6bdFvapQ3pw==','L0EuPN+S7sRR739Wqqhv6g==',NULL,'F/J7NK9Jv2H4w2Xg2xuJjQ==','cBoF/yUr7bFU8DrFOGNiEw==','MossoCloudFS_6eee84c5-54a4-4217-a895-8308da81feb3','ORD',NULL,NULL,NULL,NULL,NULL,NULL,NULL,NULL,0,0,NULL,NULL,NULL,NULL,NULL,NULL);
INSERT INTO `user_rax` VALUES ('173190','18e7a7032733486cd32f472d7bd58f709ac0d221',NULL,'2012-03-12 18:20:51.000000',0,NULL,'C5WykLHFtUz6bdFvapQ3pw==','L0EuPN+S7sRR739Wqqhv6g==',NULL,'F/J7NK9Jv2H4w2Xg2xuJjQ==',NULL,'MossoCloudFS_6eee84c5-54a4-4217-a895-8308da81feb3','ORD',NULL,NULL,NULL,NULL,NULL,NULL,NULL,NULL,0,0,NULL,NULL,NULL,NULL,NULL,NULL);
INSERT INTO `user_rax` VALUES ('173195','18e7a7032733486cd32f472d7bd58f709ac0d221',NULL,'2012-03-12 18:20:51.000000',0,NULL,'C5WykLHFtUz6bdFvapQ3pw==','L0EuPN+S7sRR739Wqqhv6g==',NULL,'F/J7NK9Jv2H4w2Xg2xuJjQ==','Is2/L0NNUM3svnnjOcEqVg==',NULL,'ORD',NULL,NULL,NULL,NULL,NULL,NULL,NULL,NULL,0,0,NULL,NULL,NULL,NULL,NULL,NULL);
INSERT INTO `user_rax` VALUES ('1c5a89a8d99b4e34998f7143d76d99e2',NULL,NULL,'2014-10-20 19:35:54.000000',0,'0',NULL,NULL,NULL,NULL,'322AoChiP+yo//bTIBmi+tdj9VhLdbjnEJRLBngf33AqB4z4DkFozRNcNZ6rvYwt','MossoCloudFS_78543990','ORD',NULL,NULL,NULL,'17 bc e2 ff 90 b1 1f 8c 88 13 b8 90 44 4d 92 9e',NULL,'791d2b1521224f329f98b7910c63508c',NULL,NULL,1,1,'DUKT752N0LU37VBIZUBV','ACTIVE',NULL,NULL,NULL,NULL);
INSERT INTO `user_rax` VALUES ('3a4407a6b3e349998478409c5b7eda14',NULL,NULL,'2013-11-07 01:13:25.000000',0,'0','KqVIjuJ4KSJdTahVxy+yw0lcP4kzcwuizjYfX7ciwOy+QKjv9heiA+bVF7j7EvzZdFjU9Bdmh3S+qHUWGp1hEw==','Uv1LGk0mZpLhrbYoASrOeg==','gOtvzwQZ4QhZIQ/PnebrYg==',NULL,'2/DFjhASk0f9SBMdaW457jLCoO7nxvvwDjiSmHDSbUkymcryUT6U0yWGOJVGB6Kw','StagingUS_ed361067-aebd-45b7-92a3-353edacb0e09','ORD',NULL,NULL,NULL,'e3 1b 06 4c 50 3f 7e ed 91 2f f7 91 47 ae 93',NULL,NULL,NULL,NULL,0,0,NULL,NULL,NULL,NULL,NULL,NULL);
INSERT INTO `user_rax` VALUES ('4e997592aad24e2183e51bd013f223c5',NULL,NULL,'2014-10-06 19:11:19.000000',0,'0',NULL,NULL,NULL,NULL,'iG9M5xFRpttxIeTvbx1aiwI95c5/IYJ8I4ZKShvIwXqPN+D7dhoNzdkm2KTbZ6VH','MossoCloudFS_78543988','ORD',NULL,NULL,NULL,'10 4a 89 d2 7d 47 b7 bc 42 82 79 5b 22 3d 14 7a',NULL,NULL,NULL,NULL,0,0,NULL,NULL,NULL,NULL,NULL,NULL);
INSERT INTO `user_rax` VALUES ('6ffe3875d15b44d5b8b2d285790c89ec',NULL,NULL,'2014-10-02 16:59:00.000000',0,'0',NULL,NULL,NULL,NULL,'kPO7i3QqskNkFNFhMPBLeDl84XZXkhD4vkSVAcUOxPeW7DWYRgx1Iy4qqH57/KFh','MossoCloudFS_78543987','ORD',NULL,NULL,NULL,'a1 90 22 b4 67 49 62 1e ef 49 62 48 f3 d3 3a',NULL,NULL,NULL,NULL,0,0,NULL,NULL,NULL,NULL,NULL,NULL);
INSERT INTO `user_rax` VALUES ('868dea5a32934749a3fb9a47e80f12a4',NULL,NULL,'2014-10-06 20:31:42.000000',0,'0',NULL,NULL,NULL,'7W0S88I70MmHUFYaVGf6cjfZxDx4Lp6/STUSCjBaLWk=','WZQcH4Ja3+pEIosicAivbmOPVDMgp/P0CtXUKPZOL0VZzkiKRvtUmJ1hdB/0j0mb','MossoCloudFS_78543988','ORD',NULL,NULL,NULL,'85 90 24 30 b6 ce 1d e6 22 de 3d d3 88 1a 9a',NULL,NULL,NULL,NULL,0,0,NULL,NULL,NULL,NULL,NULL,NULL);
INSERT INTO `user_rax` VALUES ('af455d1387ab4281873ceae5bc400e50',NULL,NULL,'2015-07-28 21:15:47.000000',0,'0',NULL,NULL,NULL,'rWmhCRNUYORgfnIPJ6ICcw==','axqUKdYGvV47nHjpU1mBtBzmk/ev4snAjRo/8EEBdBqeY8keOlj6CKUV4l6Jbpli',NULL,'ORD',NULL,NULL,NULL,'d1 1a e8 4b d2 7b 45 2c 53 75 32 c8 6a ba 99',NULL,NULL,NULL,NULL,0,0,NULL,NULL,NULL,NULL,NULL,NULL);
INSERT INTO `user_rax` VALUES ('c90d35db77d14133b05fdc576a4f4ffb',NULL,NULL,'2015-07-28 21:15:48.000000',0,'0','mkeJvR9UOkdMpiV+VNhEcA==','Z/moR585HO4jj2N47AXj8Q==',NULL,'hYrTb9t/w78h/X1Pwgdgxg==','zFA8ZdrRlHMsLzCcvbi0wNEQ+vFHePDpVQ662HuftQ0i2t8AyqX48VOEiqD4Ojqg','MossoCloudFS_132885','ORD',NULL,NULL,NULL,'1b f2 c3 ca 9b 85 e3 98 13 bc 6b ff 9a 44 ff 5c',NULL,NULL,NULL,NULL,0,0,NULL,NULL,NULL,NULL,NULL,NULL);
INSERT INTO `user_rax` VALUES ('d14b1195cbe045d9905c25317dd1f924',NULL,NULL,'2013-12-13 20:03:23.000000',0,'0',NULL,NULL,NULL,'jKeMVeagD/fCkftKqz3iJq9mfnk3JxxXYwHNmcY8dPY=','QTCMTLYLBEn2lBMluNU+cjRqk3NFT4l3k1Gk9Fx6B+xFe2lC0fzPyvINLufUhOQO',NULL,'ORD',NULL,NULL,NULL,'e7 2d 3f 76 ec 8a c9 21 5e 99 15 40 83 76 f9',NULL,NULL,NULL,NULL,0,0,NULL,NULL,NULL,NULL,NULL,NULL);
INSERT INTO `user_rax` VALUES ('d2d1adee553144ada948e03d1f5503f1',NULL,NULL,'2014-10-06 20:30:50.000000',0,'0',NULL,NULL,NULL,'HItxR/uGYss2gV4KqM5NvESduI1Bz/4EpSANOLu68Cc=','lRVNgcgFGskESwVCF0RiFgCcZXQZytOq2GANbl/qEoyrD5jVZmTu/6xeW4i+E8qf','MossoCloudFS_78543988','ORD',NULL,NULL,NULL,'85 46 6c 08 a9 9b a6 3a 73 3c 47 c6 ef 17 2c',NULL,NULL,NULL,NULL,0,0,NULL,NULL,NULL,NULL,NULL,NULL);
INSERT INTO `user_rax` VALUES ('d8f1b8df14c844d9919aee4e19a2f6f9',NULL,NULL,'2015-01-15 22:17:01.000000',0,NULL,NULL,NULL,NULL,NULL,'cBoF/yUr7bFU8DrFOGNiEw==','MossoCloudFS_78543995','ORD',NULL,NULL,NULL,NULL,NULL,'fb6c00852e404263b745419dd761d968',NULL,NULL,1,1,'DUMEPCV67EA3I30G0TBM','ACTIVE',NULL,NULL,NULL,NULL);
INSERT INTO `user_rax` VALUES ('e2655b97cfe848b796097c2073b174e7',NULL,NULL,'2013-12-13 20:03:25.000000',0,'0',NULL,NULL,NULL,'F1z2ahKSquHcDr3Zid+LnULuVb50Z1o/+BSeTvrf/wo=','s8GwNbai8iFtjP7M7K8LcBt4Tbl3ZtVd8Dj7YSffflHsMR74vx4uEfm2A2F+L9JM',NULL,'ORD',NULL,NULL,NULL,'1a 0b 8c 92 88 dd df 7c 4c 68 e8 00 77 7e 07 6d',NULL,NULL,NULL,NULL,0,0,NULL,NULL,NULL,NULL,NULL,NULL);
INSERT INTO `user_rax` VALUES ('fa9ddbf7cc904a75b8bd40c26bc738cd',NULL,NULL,'2014-10-06 19:12:16.000000',0,'0',NULL,NULL,NULL,NULL,'YApdWaAiVN4NUS5tcSxS1Zn3jG9QI2yWA+RHI4XeR4ld0acdWFvaiTby2f9hTlZV','MossoCloudFS_78543985','ORD',NULL,NULL,NULL,'30 b4 4c 3b 26 62 9a c3 09 9b 71 33 32 4b 93 d4',NULL,NULL,NULL,NULL,0,0,NULL,NULL,NULL,NULL,NULL,NULL);

--
-- Dumping data for table `whitelisted_config`
--

/*!40103 SET TIME_ZONE=@OLD_TIME_ZONE */;

/*!40101 SET SQL_MODE=@OLD_SQL_MODE */;
/*!40014 SET FOREIGN_KEY_CHECKS=@OLD_FOREIGN_KEY_CHECKS */;
/*!40014 SET UNIQUE_CHECKS=@OLD_UNIQUE_CHECKS */;
/*!40111 SET SQL_NOTES=@OLD_SQL_NOTES */;

-- Dump completed on 2015-08-23 18:34:47
