-- MySQL dump 10.13  Distrib 5.6.25, for osx10.10 (x86_64)
--
-- Host: 127.0.0.1    Database: keystone
-- ------------------------------------------------------
-- Server version	5.5.5-10.0.20-MariaDB-1~trusty-wsrep
/*!40103 SET @OLD_TIME_ZONE=@@TIME_ZONE */;
/*!40103 SET TIME_ZONE='+00:00' */;
/*!40014 SET @OLD_UNIQUE_CHECKS=@@UNIQUE_CHECKS, UNIQUE_CHECKS=0 */;
/*!40014 SET @OLD_FOREIGN_KEY_CHECKS=@@FOREIGN_KEY_CHECKS, FOREIGN_KEY_CHECKS=0 */;
/*!40101 SET @OLD_SQL_MODE=@@SQL_MODE, SQL_MODE='NO_AUTO_VALUE_ON_ZERO' */;
/*!40111 SET @OLD_SQL_NOTES=@@SQL_NOTES, SQL_NOTES=0 */;

--
-- Dumping data for table `access_token`
--


--
-- Dumping data for table `alembic_version`
--

INSERT INTO `alembic_version` VALUES ('51dc0935a026');

--
-- Dumping data for table `api_node_signoff_rax`
--


--
-- Dumping data for table `assignment`
--

INSERT INTO `assignment` VALUES ('UserProject','10022623','identity','2',0);
INSERT INTO `assignment` VALUES ('UserProject','10022837','identity','3',0);
INSERT INTO `assignment` VALUES ('UserProject','10043250','identity','4',0);
INSERT INTO `assignment` VALUES ('UserProject','10043490','identity','4',0);
INSERT INTO `assignment` VALUES ('UserProject','10044477','identity','1',0);
INSERT INTO `assignment` VALUES ('UserProject','10044550','identity','3',0);
INSERT INTO `assignment` VALUES ('UserProject','10044551','identity','3',0);
INSERT INTO `assignment` VALUES ('UserProject','10046995','identity','2',0);
INSERT INTO `assignment` VALUES ('UserProject','10071819','-543569094','6',0);
INSERT INTO `assignment` VALUES ('UserProject','10071819','identity','3',0);
INSERT INTO `assignment` VALUES ('UserProject','10071819','StagingUS_e99825fd-b069-4987-bf46-42766bf79fd3','5',0);
INSERT INTO `assignment` VALUES ('UserProject','173189','983452','5',0);
INSERT INTO `assignment` VALUES ('UserProject','173189','identity','1',0);
INSERT INTO `assignment` VALUES ('UserProject','173190','identity','175f0c9040924c14a9aad81b7a3ec222',0);
INSERT INTO `assignment` VALUES ('UserProject','173190','identity','4',0);
INSERT INTO `assignment` VALUES ('UserProject','173190','identity','8470c459cfa043ef989976a66ba4d74e',0);
INSERT INTO `assignment` VALUES ('UserProject','173195','identity','10053955',0);
INSERT INTO `assignment` VALUES ('UserProject','173195','identity','4',0);
INSERT INTO `assignment` VALUES ('UserProject','1c5a89a8d99b4e34998f7143d76d99e2','78543990','6',0);
INSERT INTO `assignment` VALUES ('UserProject','1c5a89a8d99b4e34998f7143d76d99e2','identity','3',0);
INSERT INTO `assignment` VALUES ('UserProject','1c5a89a8d99b4e34998f7143d76d99e2','MossoCloudFS_78543990','5',0);
INSERT INTO `assignment` VALUES ('UserProject','3a4407a6b3e349998478409c5b7eda14','983452','6',0);
INSERT INTO `assignment` VALUES ('UserProject','3a4407a6b3e349998478409c5b7eda14','identity','3',0);
INSERT INTO `assignment` VALUES ('UserProject','3a4407a6b3e349998478409c5b7eda14','StagingUS_ed361067-aebd-45b7-92a3-353edacb0e09','5',0);
INSERT INTO `assignment` VALUES ('UserProject','4e997592aad24e2183e51bd013f223c5','78543988','6',0);
INSERT INTO `assignment` VALUES ('UserProject','4e997592aad24e2183e51bd013f223c5','identity','3',0);
INSERT INTO `assignment` VALUES ('UserProject','4e997592aad24e2183e51bd013f223c5','MossoCloudFS_78543988','5',0);
INSERT INTO `assignment` VALUES ('UserProject','6ffe3875d15b44d5b8b2d285790c89ec','78543987','6',0);
INSERT INTO `assignment` VALUES ('UserProject','6ffe3875d15b44d5b8b2d285790c89ec','identity','4',0);
INSERT INTO `assignment` VALUES ('UserProject','6ffe3875d15b44d5b8b2d285790c89ec','MossoCloudFS_78543987','5',0);
INSERT INTO `assignment` VALUES ('UserProject','7fcb777308fa41219e300070a5ee4973','identity','1',0);
INSERT INTO `assignment` VALUES ('UserProject','868dea5a32934749a3fb9a47e80f12a4','78543988','6',0);
INSERT INTO `assignment` VALUES ('UserProject','868dea5a32934749a3fb9a47e80f12a4','identity','2',0);
INSERT INTO `assignment` VALUES ('UserProject','868dea5a32934749a3fb9a47e80f12a4','MossoCloudFS_78543988','5',0);
INSERT INTO `assignment` VALUES ('UserProject','af455d1387ab4281873ceae5bc400e50','identity','1',0);
INSERT INTO `assignment` VALUES ('UserProject','c90d35db77d14133b05fdc576a4f4ffb','132885','6',0);
INSERT INTO `assignment` VALUES ('UserProject','c90d35db77d14133b05fdc576a4f4ffb','identity','3',0);
INSERT INTO `assignment` VALUES ('UserProject','c90d35db77d14133b05fdc576a4f4ffb','MossoCloudFS_132885','5',0);
INSERT INTO `assignment` VALUES ('UserProject','d14b1195cbe045d9905c25317dd1f924','identity','4',0);
INSERT INTO `assignment` VALUES ('UserProject','d2d1adee553144ada948e03d1f5503f1','78543988','6',0);
INSERT INTO `assignment` VALUES ('UserProject','d2d1adee553144ada948e03d1f5503f1','identity','2',0);
INSERT INTO `assignment` VALUES ('UserProject','d2d1adee553144ada948e03d1f5503f1','identity','7',0);
INSERT INTO `assignment` VALUES ('UserProject','d2d1adee553144ada948e03d1f5503f1','MossoCloudFS_78543988','5',0);
INSERT INTO `assignment` VALUES ('UserProject','d8f1b8df14c844d9919aee4e19a2f6f9','78543995','6',0);
INSERT INTO `assignment` VALUES ('UserProject','d8f1b8df14c844d9919aee4e19a2f6f9','identity','3',0);
INSERT INTO `assignment` VALUES ('UserProject','d8f1b8df14c844d9919aee4e19a2f6f9','MossoCloudFS_78543995','5',0);
INSERT INTO `assignment` VALUES ('UserProject','e2655b97cfe848b796097c2073b174e7','identity','4',0);
INSERT INTO `assignment` VALUES ('UserProject','fa9ddbf7cc904a75b8bd40c26bc738cd','78543985','6',0);
INSERT INTO `assignment` VALUES ('UserProject','fa9ddbf7cc904a75b8bd40c26bc738cd','identity','1',0);
INSERT INTO `assignment` VALUES ('UserProject','fa9ddbf7cc904a75b8bd40c26bc738cd','MossoCloudFS_78543985','5',0);

--
-- Dumping data for table `bypass_code_rax`
--

INSERT INTO `bypass_code_rax` VALUES ('a634cccc4ba6415690717c7f0118e5f2','2WDzZaS3k1urHzHv55CHCPK9jCG1iegm3c1AqsdqH4ZqXLxKTT6IUE3FKY8yc+XbVcqDj3c2c/l2ps3O2S8Vxg==');
INSERT INTO `bypass_code_rax` VALUES ('a634cccc4ba6415690717c7f0118e5f2','AO96yvIvk7JQq4L5opSovrzirzLxzWHWbbFWVwdQmHK/y8O7kRysqh/oTTqj5590upXJFrFU73GRGH2BlmuUIQ==');
INSERT INTO `bypass_code_rax` VALUES ('a634cccc4ba6415690717c7f0118e5f2','cg/E5Gc/MeOe9oFaLRbEHewOP9H35l1m1Q+NY/kaC8e7dgfc2AD/kZ9ZUV9GT+oAfJfRysl//I2+uk2rQNUlpw==');
INSERT INTO `bypass_code_rax` VALUES ('a634cccc4ba6415690717c7f0118e5f2','DZR5bYkTaf6DmgM8z1GFKLN9vTKc9nGLNDiN67GxFAFkeAWN8uIY4eAe7eB27xbZucHwXJZLNfyJpCSEogCzfw==');
INSERT INTO `bypass_code_rax` VALUES ('a634cccc4ba6415690717c7f0118e5f2','gbOsOI7ezTXFS7FqzZW0/p2riZWTXH4Qz3HOfK1pT7JGTHRSobF4UQ4rAFhzk6R2aNKMKNPLQjC4ObnqydnR+Q==');
INSERT INTO `bypass_code_rax` VALUES ('a634cccc4ba6415690717c7f0118e5f2','HAf2JBRodfDePL/HQjcJKK8GQo9G75UAHxoOl0ujWvt9fENrcFvw5Ry41kYboCazzALVIIyUkMVly2Sy7zszNg==');
INSERT INTO `bypass_code_rax` VALUES ('a634cccc4ba6415690717c7f0118e5f2','RqOJ9M7L6mWqTgq3iKBwYR1g7qKckevImOuLLRXdzkyY8O+VCYXkAwuxAN/ddtmnoe7JdzyMOwHhB3tP15xCtQ==');
INSERT INTO `bypass_code_rax` VALUES ('a634cccc4ba6415690717c7f0118e5f2','sYeUMlTOWo9YDe05IsVZYFdO0N0MwGr3Tsodm4NPKnc9klsoD4hWPR+YzJiiRFw555yokCGY4p4N/X1QRHisCg==');
INSERT INTO `bypass_code_rax` VALUES ('a634cccc4ba6415690717c7f0118e5f2','viotTRNx8v2JbjKJdFGwiKZO5wrHhFPVhuoWZXaZYJW1NTdvH3eGzXd9NX6ZNOyFySf3MNlX8AIoXN9sr6KIlg==');
INSERT INTO `bypass_code_rax` VALUES ('a634cccc4ba6415690717c7f0118e5f2','ycrU/UsKxe9jDiCfgHz0CoQmApjHd1kzaxAPpR9cRhlhH/d6vE4gNb3rFu7IUicOj+iq3wQAQBMRg8hDSwt/7w==');

--
-- Dumping data for table `bypass_device_rax`
--

INSERT INTO `bypass_device_rax` VALUES ('a634cccc4ba6415690717c7f0118e5f2','7fcb777308fa41219e300070a5ee4973','2015-09-16 21:42:30.000000','RoAFRRZVN3FXT5Ql4+spIA==',10000);

--
-- Dumping data for table `config_register`
--


--
-- Dumping data for table `consumer`
--


--
-- Dumping data for table `credential`
--


--
-- Dumping data for table `delta_ldap_to_sql_rax`
--


--
-- Dumping data for table `delta_sql_to_ldap_rax`
--


--
-- Dumping data for table `domain`
--

INSERT INTO `domain` VALUES ('132885','132885',1,'{\"description\": \"Default Domain\"}');
INSERT INTO `domain` VALUES ('15f080741fc24768bd235d696776afde','15f080741fc24768bd235d696776afde',1,'{}');
INSERT INTO `domain` VALUES ('32035123','32035123',1,'{\"description\": \"Test Domain\"}');
INSERT INTO `domain` VALUES ('41d4b4f276db4630b731e3477635d430','41d4b4f276db4630b731e3477635d430',1,'{}');
INSERT INTO `domain` VALUES ('78543985','78543985',1,'{\"description\": \"Default Domain\"}');
INSERT INTO `domain` VALUES ('78543987','78543987',1,'{\"description\": \"Default Domain\"}');
INSERT INTO `domain` VALUES ('78543988','78543988',1,'{\"description\": \"Default Domain\"}');
INSERT INTO `domain` VALUES ('78543990','78543990',1,'{\"description\": \"Default Domain\"}');
INSERT INTO `domain` VALUES ('78543995','78543995',1,'{\"description\": \"Default Domain\"}');
INSERT INTO `domain` VALUES ('7f5e09ff78ed465a9609ef8f2816af5b','7f5e09ff78ed465a9609ef8f2816af5b',1,'{}');
INSERT INTO `domain` VALUES ('938e0ee4e8ce4fe7a179db79cadd245a','938e0ee4e8ce4fe7a179db79cadd245a',1,'{}');
INSERT INTO `domain` VALUES ('938e0ee4e8ce4fe7a179db79cadd245b','938e0ee4e8ce4fe7a179db79cadd245b',1,'{}');
INSERT INTO `domain` VALUES ('983452','983452',1,'{\"description\": \"Default Domain\"}');
INSERT INTO `domain` VALUES ('d3db20a9e22c4c9cba2c22c577deb906','d3db20a9e22c4c9cba2c22c577deb906',1,'{}');
INSERT INTO `domain` VALUES ('default','Default',1,'{\"description\": \"Owns users and tenants (i.e. projects) available on Identity API v2.\"}');
INSERT INTO `domain` VALUES ('e40c19ae84254aaaae4e670789bc85ea','e40c19ae84254aaaae4e670789bc85ea',1,'{}');
INSERT INTO `domain` VALUES ('ee6b1988a42e48469166260629f1326a','ee6b1988a42e48469166260629f1326a',1,'{}');
INSERT INTO `domain` VALUES ('f7c212c05efc44a9957bc8b48d0a071a','f7c212c05efc44a9957bc8b48d0a071a',1,'{}');

--
-- Dumping data for table `domain_rax`
--

INSERT INTO `domain_rax` VALUES ('938e0ee4e8ce4fe7a179db79cadd245b','REQUIRED');

--
-- Dumping data for table `endpoint`
--

INSERT INTO `endpoint` VALUES ('00522122a5604314a5561e32bb0cc4c3','41','admin','72a4100ec2a641399a3938fba7141c69','https://staging.incident.api.rackspacecloud.com/v1','{}',1,'ORD');
INSERT INTO `endpoint` VALUES ('007232616c2b43cea6dcebc7a9e26cf2','13','public','9e1adf6284ac4599a67a82f3d0aa116e','https://cdn.stg.clouddrive.com/v1','{}',1,'ORD');
INSERT INTO `endpoint` VALUES ('02256df675ee4f95aa171d6158ec07cd','888','admin','23f724d4470b4c32899127939f911113','https://service-admin.com/v1','{}',1,'ORD');
INSERT INTO `endpoint` VALUES ('03664a5692714d55aea9f8bb1c78a51b','79','public','e5095fa908084151a4032c3eead377f4','https://','{}',1,'DFW');
INSERT INTO `endpoint` VALUES ('03c6b95e7b404f7b8662d192761907cc','10','public','9e1adf6284ac4599a67a82f3d0aa116e','https://cdn.stg.clouddrive.com/v1','{}',1,'DFW');
INSERT INTO `endpoint` VALUES ('03d417ba334746a88d883ce8404784a1','31','public','3b0b5431f4e846438fbcfd8f1f893629','https://','{}',0,'ORD');
INSERT INTO `endpoint` VALUES ('0432a56517924f0f942173e049b98d00','38','admin','09ca2c9b733e4ce38a31116f9e94c020','https://staging.customer.api.rackspacecloud.com/v1/customer_accounts','{}',1,'ORD');
INSERT INTO `endpoint` VALUES ('0500e87698c54be4a70ebffc686b7d76','120','public','70cd7894ac644f83bef3e8fe97684581','https://preprod.ord.servers.api.rackspacecloud.com/v2','{}',1,'ORD');
INSERT INTO `endpoint` VALUES ('0536c29992d840b88236214a17c3967a','1','public','6047d506862b81d6d99273b4853adfe81e0478c1','https://storage101.dfw1.stg.swift.racklabs.com/v1/v1','{}',1,'DFW');
INSERT INTO `endpoint` VALUES ('05c2b24aa2c44fa99d7f376efaea7a69','65','admin','4fb10470a0e1423b80848ac6e115b4ec','https://lon.images.api.rackspacecloud.com/v1','{}',1,'LON');
INSERT INTO `endpoint` VALUES ('070bdea38c2d4ef18d7fc6e04f103bba','44','admin','e5095fa908084151a4032c3eead377f4','http://image:9292/v1','{}',1,'DFW');
INSERT INTO `endpoint` VALUES ('09a21bf480e145dd9e9500f4ad1b1f89','5','public','6047d506862b81d6d99273b4853adfe81e0478c1','https://storage5.clouddrive.com/v1','{}',0,'ORD');
INSERT INTO `endpoint` VALUES ('0a12ce5764364f249744e23ef93e8b5f','63','admin','4fb10470a0e1423b80848ac6e115b4ec','https://dfw.images.api.rackspacecloud.com/v1','{}',1,'DFW');
INSERT INTO `endpoint` VALUES ('0adc1e17b906420ab67e87424fe7cd13','116','public','810955c3e53342a3b8a72034e4c312d1','https://preview-ord.servers.api.rackspacecloud.com/v2','{}',1,'ORD');
INSERT INTO `endpoint` VALUES ('0bbe3d555910439184330d9ab9061703','65','public','4fb10470a0e1423b80848ac6e115b4ec','https://','{}',1,'LON');
INSERT INTO `endpoint` VALUES ('0c2ed44a69894346aeecea24900442d9','26','admin','3b324c9c30ba4f2a8d2f8e14e2cea5f0','https://lon.images.api.rackspacecloud.com/v1','{}',1,'LON');
INSERT INTO `endpoint` VALUES ('0f6a8ef41ba4491684dd181bc8efbf00','67','admin','500095b376214c78bd53e3397e8e538b','https://staging.preprod.dfw.images.api.rackspacecloud.com/v1','{}',1,'DFW');
INSERT INTO `endpoint` VALUES ('1004b10d1338420c8ca0510c71f0b963','5','internal','6047d506862b81d6d99273b4853adfe81e0478c1','https://snet-storage5.clouddrive.com/v1','{}',0,'ORD');
INSERT INTO `endpoint` VALUES ('11d9e8ace429480584786e61f1df6b02','1035','public','3b0b5431f4e846438fbcfd8f1f893629','https://dfw.loadbalancers.api.rackspacecloud.com/v1.0','{}',1,'DFW');
INSERT INTO `endpoint` VALUES ('1286293b084c46949a6e0354afc9646e','2','internal','6047d506862b81d6d99273b4853adfe81e0478c1','https://snet-storage.clouddrive.com/v1','{}',0,'ORD');
INSERT INTO `endpoint` VALUES ('134cd9ad05de4632aaa8d2c7b93e221e','35','admin','778280ee70664371a0100a1938d8dafe','https://billing.api.rackspacecloud.com/v1/accounts','{}',1,'ORD');
INSERT INTO `endpoint` VALUES ('14996a1e46a04356b46b15b00a0468c8','1002','public','6047d506862b81d6d99273b4853adfe81e0478c1','https://storage.stg.swift.racklabs.com/v1','{}',0,'ORD');
INSERT INTO `endpoint` VALUES ('178831875da64a75b2fa7232614c9df3','40','public','8bcc248d64274b758871d6982fb3bd3b','https://','{}',1,'ORD');
INSERT INTO `endpoint` VALUES ('188283d034a54ab2ad42abdc1dfee888','1028','public','778280ee70664371a0100a1938d8dafe','https://lon.servers.api.rackspacecloud.com/v2','{}',1,'LON');
INSERT INTO `endpoint` VALUES ('19dba7e51c334b0193976cf0678a1da9','66','public','70cd7894ac644f83bef3e8fe97684581','https://preprod.dfw.servers.api.rackspacecloud.com/v2','{}',1,'DFW');
INSERT INTO `endpoint` VALUES ('1cade534303b47bfa46277b620aaf5ed','130','public','778280ee70664371a0100a1938d8dafe','https://admin.ord.servers.api.rackspacecloud.com/v2','{}',1,'ORD');
INSERT INTO `endpoint` VALUES ('1da52851850c4a1b9774a9e99240b4ad','36','public','778280ee70664371a0100a1938d8dafe','http://alpha.lon.servers.api.rackspacecloud.com:8774/v1.1','{}',1,'LON');
INSERT INTO `endpoint` VALUES ('1ea4ab8e6893404dabe4453a71dadaa7','36','admin','778280ee70664371a0100a1938d8dafe','https://usage.api.rackspacecloud.com/v1','{}',1,'LON');
INSERT INTO `endpoint` VALUES ('1f3b9d9e86ea4a03a93bd7b6bb4d522f','1031','admin','4fb10470a0e1423b80848ac6e115b4ec','https://lon.images.api.rackspacecloud.com/v1','{}',1,'LON');
INSERT INTO `endpoint` VALUES ('22a39068cab544eebf61e2e39f59dc9e','1004','internal','6047d506862b81d6d99273b4853adfe81e0478c1','https://snet-storage4.stg.swift.racklabs.com','{}',0,'ORD');
INSERT INTO `endpoint` VALUES ('22a3b6f08af04d9bad7e253b54d495de','118','public','959f12e90eb14309ac43f5b102dd9a1f','https://admin.dfw.servers.api.rackspacecloud.com/v2','{}',1,'ORD');
INSERT INTO `endpoint` VALUES ('2413be545357483f92ae5f30f6661a74','1008','internal','6047d506862b81d6d99273b4853adfe81e0478c1','https://snet-storage.stg.swift.racklabs.com/v1','{}',1,'LON');
INSERT INTO `endpoint` VALUES ('24fddc42c22148afb3fd74c11cf85963','64','public','4fb10470a0e1423b80848ac6e115b4ec','https://','{}',1,'ORD');
INSERT INTO `endpoint` VALUES ('270af536c0444ab1b14e94925c00c6c2','11','public','9e1adf6284ac4599a67a82f3d0aa116e','https://cdn.stg.clouddrive.com/v1','{}',1,'ORD');
INSERT INTO `endpoint` VALUES ('2809dcc0704b4dce89a55c85cdaf213b','55','public','7cc417f495c64430828309588dad7393','https://ord.databases.api.rackspacecloud.com/v1.0','{}',1,'ORD');
INSERT INTO `endpoint` VALUES ('29d4895a6714458196b5ff9b4554ceb5','24','admin','3b324c9c30ba4f2a8d2f8e14e2cea5f0','https://dfw.images.api.rackspacecloud.com/v1','{}',1,'DFW');
INSERT INTO `endpoint` VALUES ('2bf201cfaca34e7a8c98cc035eb2e52e','77','admin','72a4100ec2a641399a3938fba7141c69','https://staging.incident.api.rackspacecloud.com/v1','{}',1,'ORD');
INSERT INTO `endpoint` VALUES ('2c60d3e8f3d34866ba6b391c3b44fcb2','1039','public','8bcc248d64274b758871d6982fb3bd3b','https://','{}',1,'ORD');
INSERT INTO `endpoint` VALUES ('2ce8c7173d1b4e1790495f413edfafdd','4','public','6047d506862b81d6d99273b4853adfe81e0478c1','https://storage4.clouddrive.com/v1','{}',0,'ORD');
INSERT INTO `endpoint` VALUES ('2f9cd1738f5c4264adfc7b2a18b648e4','1004','public','6047d506862b81d6d99273b4853adfe81e0478c1','https://storage.stg.swift.racklabs.com/v1','{}',0,'ORD');
INSERT INTO `endpoint` VALUES ('310c68fd104244aa9a152d23836355fc','132','admin','41779496f06c4cd4a4ae9d60655a3b2c','http://10.24.31.26:9292/v1/images','{}',1,'DFW');
INSERT INTO `endpoint` VALUES ('313475dfa076400a86803e9e8e49ec38','103','public','6047d506862b81d6d99273b4853adfe81e0478c1','https://storage.stg.swift.racklabs.com/v1','{}',1,'ORD');
INSERT INTO `endpoint` VALUES ('31f79f6be47e4f4a8c9bc11b6eb173dd','20','admin','cebeb660339e41fe9cab4ed3ff061a6c','https://admin-all-urls/','{}',1,'ORD');
INSERT INTO `endpoint` VALUES ('3393712aa871441d92cec30af2195032','19','public','5cae4c279ff54aeb8589d5fdc24a48df','https://public/','{}',1,'ORD');
INSERT INTO `endpoint` VALUES ('366c3afe35f44c68abf352302ead3247','1013','public','9e1adf6284ac4599a67a82f3d0aa116e','https://cdn.stg.clouddrive.com/v1','{}',1,'ORD');
INSERT INTO `endpoint` VALUES ('37da3f05aaf2420c8787b6684c5bcdde','1012','public','9e1adf6284ac4599a67a82f3d0aa116e','https://cdn.stg.clouddrive.com/v1','{}',1,'LON');
INSERT INTO `endpoint` VALUES ('397f9afb203243a6bc23b29b00bedd42','67','public','500095b376214c78bd53e3397e8e538b','https://','{}',1,'DFW');
INSERT INTO `endpoint` VALUES ('3cfb881164c54161bbd7f1149f0d19e9','8','internal','6047d506862b81d6d99273b4853adfe81e0478c1','https://snet-storage.stg.swift.racklabs.com/v1','{}',1,'LON');
INSERT INTO `endpoint` VALUES ('3d943644587b457ea2842c21fb8bb7e5','111','admin','9e1adf6284ac4599a67a82f3d0aa116e','http://image:9292/v1','{}',1,'ORD');
INSERT INTO `endpoint` VALUES ('3f071b7f98264c9e93a38f221596c091','64','admin','4fb10470a0e1423b80848ac6e115b4ec','https://ord.images.api.rackspacecloud.com/v1','{}',1,'ORD');
INSERT INTO `endpoint` VALUES ('3fdd38b6e6db49d193ce1459e565aa96','82','public','9db754ac79c2438a872b3386faeb6822','http://volume-api:8774/v1','{}',1,'ORD');
INSERT INTO `endpoint` VALUES ('4020ab7a75f54bc58206fa30ec754cc6','1029','admin','4fb10470a0e1423b80848ac6e115b4ec','https://dfw.images.api.rackspacecloud.com/v1','{}',1,'DFW');
INSERT INTO `endpoint` VALUES ('407a87b6b8534acd91479b75282f6800','4','internal','6047d506862b81d6d99273b4853adfe81e0478c1','https://snet-storage4.clouddrive.com/v1','{}',0,'ORD');
INSERT INTO `endpoint` VALUES ('4184816ee0a049bc96b898816aab432c','2000','internal','6047d506862b81d6d99273b4853adfe81e0478c1','https://otherstorage-snet.clouddrive.com/v1','{}',1,'ORD');
INSERT INTO `endpoint` VALUES ('4554c207eb364efba5c867d0eeab68ed','1036','public','3b0b5431f4e846438fbcfd8f1f893629','https://lon.loadbalancers.api.rackspacecloud.com/v1.0','{}',1,'LON');
INSERT INTO `endpoint` VALUES ('4726a3f4b90c4fffbdb9fc48168c2396','39','admin','2673429b4a72498088392e838c962b5f','https://staging.billing.api.rackspacecloud.com/v1/accounts','{}',1,'ORD');
INSERT INTO `endpoint` VALUES ('4a032b7494944fb6bdfc82a508c89d8e','1021','internal','cebeb660339e41fe9cab4ed3ff061a6c','https://internal-all-urls/','{}',1,'ORD');
INSERT INTO `endpoint` VALUES ('4c03b150851b45eeb63e40057becac90','1026','public','778280ee70664371a0100a1938d8dafe','https://dfw.servers.api.rackspacecloud.com/v2','{}',1,'DFW');
INSERT INTO `endpoint` VALUES ('4d034cbb0d384aa09d55640aba934a83','42','admin','09ca2c9b733e4ce38a31116f9e94c020','https://customer.api.rackspacecloud.com/v1/customer_accounts','{}',1,'ORD');
INSERT INTO `endpoint` VALUES ('4d12201a40f84206839ef0bd3606cd25','83','public','3b0b5431f4e846438fbcfd8f1f893629','https://staging.ord.loadbalancers.api.rackspacecloud.com/v1.0','{}',1,'ORD');
INSERT INTO `endpoint` VALUES ('4def1dcb9eaa4249b06e41749c60a687','77','public','72a4100ec2a641399a3938fba7141c69','https://','{}',1,'ORD');
INSERT INTO `endpoint` VALUES ('4ed65340e545423ca7ec71645093c0c8','1032','public','70cd7894ac644f83bef3e8fe97684581','https://preprod.dfw.servers.api.rackspacecloud.com/v2','{}',1,'DFW');
INSERT INTO `endpoint` VALUES ('4f00bb8167de4f42b861f9d34633f464','109','public','7cc417f495c64430828309588dad7393','https://api.staging.ord1.clouddb.rackspace.net/v1.0','{}',1,'ORD');
INSERT INTO `endpoint` VALUES ('4f42f6dcd7cd4020bef5aebab899e3fb','47','public','3b0b5431f4e846438fbcfd8f1f893629','https://dfw.loadbalancers.api.rackspacecloud.com/v1.0','{}',1,'DFW');
INSERT INTO `endpoint` VALUES ('50b52cc6bf614adc960874c8d5a66179','1221','internal','6047d506862b81d6d99273b4853adfe81e0478c1','https://otherstorage-snet.clouddrive.com/v1','{}',1,'ORD');
INSERT INTO `endpoint` VALUES ('517ff3e5aad74f6992f6728822aa903a','888','internal','23f724d4470b4c32899127939f911113','https://service-internal.com/v1 ','{}',1,'ORD');
INSERT INTO `endpoint` VALUES ('51a6a80d61a44e5784356b28aed8e046','18','admin','dd4054bb620a4a4ab6d6a8cd10d13c41','https://admin-only/','{}',1,'ORD');
INSERT INTO `endpoint` VALUES ('52b306c27ef744d28025ebdcbee69ce3','35','public','778280ee70664371a0100a1938d8dafe','http://alpha-test.ord.servers.api.rackspacecloud.com:8774/v1.1','{}',1,'ORD');
INSERT INTO `endpoint` VALUES ('55615751199549cbbc660a4c331f1b00','17','public','bcf53d061ef545149f577fd9682dd3cb','https://staging.dnsaas.rackspace.net/v1.0','{}',1,'ORD');
INSERT INTO `endpoint` VALUES ('5601c69a029d4f779baf3308d8acddf4','59','public','5cae4c279ff54aeb8589d5fdc24a48df','https://public/','{}',1,'ORD');
INSERT INTO `endpoint` VALUES ('56b3751c1a394e8099b9535c16e4c11e','105','public','7cc417f495c64430828309588dad7393','https://api.staging.ord1.clouddb.rackspace.net/v1.0','{}',0,'ORD');
INSERT INTO `endpoint` VALUES ('576f33389063458f8680debe8b6d05ca','106','public','92f71b49fc774e3093808e30d9b999cb','https://monitoring.api.rackspacecloud.com/v1.0','{}',1,'ORD');
INSERT INTO `endpoint` VALUES ('58e9f8a4f10b47e88dc23cf179138fbc','1010110110','public','c47fbdd0032e465d8809aee5efe3724b','test','{}',1,'ORD');
INSERT INTO `endpoint` VALUES ('596a3a3949824dacba443d4ddfee85d1','74','public','09ca2c9b733e4ce38a31116f9e94c020','https://','{}',1,'ORD');
INSERT INTO `endpoint` VALUES ('598a8791159744dda273ad35aa80cb8e','59','admin','5cae4c279ff54aeb8589d5fdc24a48df','https://admin-mix/','{}',1,'ORD');
INSERT INTO `endpoint` VALUES ('5a6cee0c868c4c60bba9f4722bfe5f5c','1030','public','4fb10470a0e1423b80848ac6e115b4ec','https://','{}',1,'ORD');
INSERT INTO `endpoint` VALUES ('5b9ee7093054463fac9e3ac68272af1a','38','public','09ca2c9b733e4ce38a31116f9e94c020','https://','{}',1,'ORD');
INSERT INTO `endpoint` VALUES ('5bbe83433da84c42a8d0474441e7cebf','104','public','7cc417f495c64430828309588dad7393','https://api.staging.ord1.clouddb.rackspace.net/v1.0','{}',0,'DFW');
INSERT INTO `endpoint` VALUES ('5d5db11e5e2148839dff9baeba5cdc42','37','public','778280ee70664371a0100a1938d8dafe','http://alpha-test.lon.servers.api.rackspacecloud.com:8774/v1.1','{}',1,'ORD');
INSERT INTO `endpoint` VALUES ('613c4ed6879e450ebb785c02a0eadbee','62','public','778280ee70664371a0100a1938d8dafe','https://lon.servers.api.rackspacecloud.com/v2','{}',1,'LON');
INSERT INTO `endpoint` VALUES ('641ad83e748c40bcb7b26c671343dcc3','1034','public','3b0b5431f4e846438fbcfd8f1f893629','https://ord.loadbalancers.api.rackspacecloud.com/v1.0','{}',1,'ORD');
INSERT INTO `endpoint` VALUES ('6536232b86da4526b54cd6599e5e4a52','1009','public','9e1adf6284ac4599a67a82f3d0aa116e','https://cdn.stg.clouddrive.com/v1','{}',1,'DFW');
INSERT INTO `endpoint` VALUES ('66010784bfbd49fea7576023a8abef06','22','public','502bef771ca24744a948596bcb99530c','https://ord.servers.api.rackspacecloud.com/v2','{}',1,'ORD');
INSERT INTO `endpoint` VALUES ('689156a2a5ca4b678fe64475820782d7','2000','public','6047d506862b81d6d99273b4853adfe81e0478c1','https://otherstorage.clouddrive.com/v1','{}',1,'ORD');
INSERT INTO `endpoint` VALUES ('6972c561e953408b91f3907bdf2f65a6','44','public','e5095fa908084151a4032c3eead377f4','https://','{}',1,'DFW');
INSERT INTO `endpoint` VALUES ('6975d7a0c4b144099a68a84a82fea5ab','107','public','e07bed78618f4df997a5c1d3020578eb','http://api.cbsbeta.ord1.ohthree.com/v2','{}',1,'ORD');
INSERT INTO `endpoint` VALUES ('69b7aa03a67e4d928301ad08377dba7e','31','admin','3b0b5431f4e846438fbcfd8f1f893629','https://staging.ord.loadbalancers.api.rackspacecloud.com/v1.0','{}',0,'ORD');
INSERT INTO `endpoint` VALUES ('69c8d2fd8cc0441093271fdd432d0d43','58','public','dd4054bb620a4a4ab6d6a8cd10d13c41','https://','{}',1,'ORD');
INSERT INTO `endpoint` VALUES ('6a46d189a529433c90432bb9462eb878','1038','public','2673429b4a72498088392e838c962b5f','https://','{}',1,'ORD');
INSERT INTO `endpoint` VALUES ('6ab612cfe2334723bddfb4cb40c2cc6a','1','internal','6047d506862b81d6d99273b4853adfe81e0478c1','https://snet-storage101.dfw1.stg.swift.racklabs.com/v1/v1','{}',1,'DFW');
INSERT INTO `endpoint` VALUES ('6b80a66491b44e02993b94f0f82a6f68','20','public','cebeb660339e41fe9cab4ed3ff061a6c','https://public-all-urls/','{}',1,'ORD');
INSERT INTO `endpoint` VALUES ('6bc3ed9e11f4419a92ff585818eaf060','75','public','2673429b4a72498088392e838c962b5f','https://','{}',1,'ORD');
INSERT INTO `endpoint` VALUES ('6bddbe7d3c164f26a6cc54f5eef87643','2','public','6047d506862b81d6d99273b4853adfe81e0478c1','https://storage.clouddrive.com/v1','{}',0,'ORD');
INSERT INTO `endpoint` VALUES ('6db83a4e6ae64a7086b4c23fcfd4c698','1030','admin','4fb10470a0e1423b80848ac6e115b4ec','https://ord.images.api.rackspacecloud.com/v1','{}',1,'ORD');
INSERT INTO `endpoint` VALUES ('6f227d4a121e473589e12119488af428','75','admin','2673429b4a72498088392e838c962b5f','https://staging.billing.api.rackspacecloud.com/v1/accounts','{}',1,'ORD');
INSERT INTO `endpoint` VALUES ('701e4f1f78c643209b2ebb8f7387649f','27','public','613ab2dd9e314ae0854933286cd4c8c1','https://preprod.dfw.servers.api.rackspacecloud.com/v2','{}',1,'DFW');
INSERT INTO `endpoint` VALUES ('70418bca35b84ce7913259d61e57605e','1037','admin','09ca2c9b733e4ce38a31116f9e94c020','https://customer.api.rackspacecloud.com/v1/customer_accounts','{}',1,'ORD');
INSERT INTO `endpoint` VALUES ('741eefd8d08349c5976e3ad185cc4561','1001','public','6047d506862b81d6d99273b4853adfe81e0478c1','https://storage.stg.swift.racklabs.com/v1','{}',1,'DFW');
INSERT INTO `endpoint` VALUES ('76a61c018e3a49f8b6cb47a142312a6d','122','public','b1b53e09b2cc4b2d96a7a470f7566774','https://preprod.ord.blockstorage.api.rackspacecloud.com/v1','{}',1,'ORD');
INSERT INTO `endpoint` VALUES ('77527e68b9bf4ecb9d5fb56717839328','19','admin','5cae4c279ff54aeb8589d5fdc24a48df','https://admin-mix/','{}',1,'ORD');
INSERT INTO `endpoint` VALUES ('7858f442eb0a417c879e1feb04c213f2','28','public','02aec197e76448b6b3730725ccbc2c3c','https://','{}',1,'DFW');
INSERT INTO `endpoint` VALUES ('7a7d80ec63004912a34f6730f035796f','1006','public','6047d506862b81d6d99273b4853adfe81e0478c1','https://storage.stg.swift.racklabs.com/v1','{}',1,'ORD');
INSERT INTO `endpoint` VALUES ('7b4cabf417e64f2fae4710144c5e8df1','33','public','3b0b5431f4e846438fbcfd8f1f893629','https://lon.loadbalancers.api.rackspacecloud.com/v1.0','{}',1,'LON');
INSERT INTO `endpoint` VALUES ('7c447f5ed0fc4b7f97d8f40b25f74b6e','108','public','406983bf5a4248c9ba3a430c764be912','http://volume-api.cbsbeta.ord1.ohthree.com/v1','{}',1,'ORD');
INSERT INTO `endpoint` VALUES ('7ce77c61152a4a78a7ccebd7d6a08cab','887','internal','23f724d4470b4c32899127939f911113','https://service-internal.com/v1 ','{}',0,'ORD');
INSERT INTO `endpoint` VALUES ('7e18b878305a46bf88784afe31dc1af9','46','public','3b0b5431f4e846438fbcfd8f1f893629','https://ord.loadbalancers.api.rackspacecloud.com/v1.0','{}',1,'ORD');
INSERT INTO `endpoint` VALUES ('7e26cc7a25fb42e48902dfe1a54a89e5','23','public','502bef771ca24744a948596bcb99530c','https://lon.servers.api.rackspacecloud.com/v2','{}',1,'LON');
INSERT INTO `endpoint` VALUES ('7ecb0f9829da444dbaf4439537e43d3b','1039','admin','8bcc248d64274b758871d6982fb3bd3b','https://usage.api.rackspacecloud.com/v1','{}',1,'ORD');
INSERT INTO `endpoint` VALUES ('804d33ba50ad40d5917cf40fd12dbfdf','887','admin','23f724d4470b4c32899127939f911113','https://service-admin.com/v1','{}',0,'ORD');
INSERT INTO `endpoint` VALUES ('826fdf486fa541a190001d4f1e6bdafd','1015','public','a45b14e394a57e3fd4e45d59ff3693ead204998b','https://servers.staging.ord1.uk.ccp.rackspace.net/v1.0','{}',1,'LON');
INSERT INTO `endpoint` VALUES ('860c488c323b415cba5883ea5857a63e','25','admin','3b324c9c30ba4f2a8d2f8e14e2cea5f0','https://ord.images.api.rackspacecloud.com/v1','{}',1,'ORD');
INSERT INTO `endpoint` VALUES ('866bfc27adf34af187051941e376c3bb','6','public','6047d506862b81d6d99273b4853adfe81e0478c1','https://storage.stg.swift.racklabs.com/v1/','{}',1,'ORD');
INSERT INTO `endpoint` VALUES ('892b097bb960416b89a7345a057a3717','63','public','4fb10470a0e1423b80848ac6e115b4ec','https://','{}',1,'DFW');
INSERT INTO `endpoint` VALUES ('89f6ac5cc1b94c4ca6ed7bf25de555b9','1020','public','5cae4c279ff54aeb8589d5fdc24a48df','https://public/','{}',1,'ORD');
INSERT INTO `endpoint` VALUES ('8c87879a5d3b444b94261bc1219abb49','1003','public','6047d506862b81d6d99273b4853adfe81e0478c1','https://storage.stg.swift.racklabs.com/v1','{}',1,'ORD');
INSERT INTO `endpoint` VALUES ('8cfe386409e84e319aa437c9e7cf24cb','6','internal','6047d506862b81d6d99273b4853adfe81e0478c1','https://snet-storage.stg.swift.racklabs.com/v1','{}',1,'ORD');
INSERT INTO `endpoint` VALUES ('8fdb8203574d46aaa6bdba301f284f80','2000','admin','6047d506862b81d6d99273b4853adfe81e0478c1','http://someadmin.com/v1','{}',1,'ORD');
INSERT INTO `endpoint` VALUES ('94558f027a4c48b793dfbe1360c53624','16','public','a45b14e394a57e3fd4e45d59ff3693ead204998b','https://ord.servers.api.rackspacecloud.com/v1.0','{}',1,'LON');
INSERT INTO `endpoint` VALUES ('95c5d49a4ba54cb8bc18a6e6d57c10b1','15','public','a45b14e394a57e3fd4e45d59ff3693ead204998b','https://servers.api.staging.us.ccp.rackspace.net/v1.0','{}',1,'ORD');
INSERT INTO `endpoint` VALUES ('95fe03251c694b10bdc5541d6b73f959','32','admin','3b0b5431f4e846438fbcfd8f1f893629','https://staging.ord.loadbalancers.api.rackspacecloud.com/v1.0','{}',0,'DFW');
INSERT INTO `endpoint` VALUES ('973ab00f66974c69a68d711a841e5025','1041','public','3b0b5431f4e846438fbcfd8f1f893629','https://staging.lon3.loadbalancers.api.rackspacecloud.com/v1.0','{}',1,'ORD');
INSERT INTO `endpoint` VALUES ('98a50cb5ae98406397d75101d594ba57','37','admin','778280ee70664371a0100a1938d8dafe','https://incident.api.rackspacecloud.com/v1','{}',1,'ORD');
INSERT INTO `endpoint` VALUES ('9caaa37b7e254f41ad833a10c38adc03','1040','public','72a4100ec2a641399a3938fba7141c69','https://','{}',1,'ORD');
INSERT INTO `endpoint` VALUES ('9f40acd047724d34b3d76c9c7d117446','20','internal','cebeb660339e41fe9cab4ed3ff061a6c','https://internal-all-urls/','{}',1,'ORD');
INSERT INTO `endpoint` VALUES ('9fe80c0ee5bb4c20a0f5ba183b95d440','1005','internal','6047d506862b81d6d99273b4853adfe81e0478c1','https://snet-storage5.stg.swift.racklabs.com','{}',0,'ORD');
INSERT INTO `endpoint` VALUES ('a4b20cee61e242acb09af9c62fbd6af3','12','public','9e1adf6284ac4599a67a82f3d0aa116e','https://cdn.stg.clouddrive.com/v1','{}',1,'LON');
INSERT INTO `endpoint` VALUES ('a5d347ddb1e3457180fd8b4a4fd45623','117','public','bb234657064a419ba20cc25e86a52cc9','https://preview-ord.blockstorage.api.rackspacecloud.com/v1','{}',1,'ORD');
INSERT INTO `endpoint` VALUES ('a87863880fbf4c26a056ed2a685116b6','100000000','public','c47fbdd0032e465d8809aee5efe3724b','test','{}',1,'ORD');
INSERT INTO `endpoint` VALUES ('a91923f2833c4aa5802d6f0aa0edb8de','887','public','23f724d4470b4c32899127939f911113','https://service-public.com/v1 ','{}',0,'ORD');
INSERT INTO `endpoint` VALUES ('a9ddd21458944615939214269e451011','1005','public','6047d506862b81d6d99273b4853adfe81e0478c1','https://storage.stg.swift.racklabs.com/v1','{}',0,'ORD');
INSERT INTO `endpoint` VALUES ('ab44123bf80349838040c5779fcd4efb','1010','public','9e1adf6284ac4599a67a82f3d0aa116e','https://cdn.stg.clouddrive.com/v1','{}',1,'DFW');
INSERT INTO `endpoint` VALUES ('b2b44e7bf5b041198f059cd089f2133a','74','admin','09ca2c9b733e4ce38a31116f9e94c020','https://staging.customer.api.rackspacecloud.com/v1/customer_accounts/CLOUD','{}',1,'ORD');
INSERT INTO `endpoint` VALUES ('b71fb4eea542475f83c54772cc4ceb6c','3','public','6047d506862b81d6d99273b4853adfe81e0478c1','https://storage.stg.swift.racklabs.com/v1','{}',1,'ORD');
INSERT INTO `endpoint` VALUES ('b8646bf1ae3a422bae1b658b9fa85ba0','32','public','3b0b5431f4e846438fbcfd8f1f893629','https://','{}',0,'DFW');
INSERT INTO `endpoint` VALUES ('b8b61e58f2404383954fb2a7899af36a','133','public','778280ee70664371a0100a1938d8dafe','https://preprod.ord.servers.api.rackspacecloud.com/v2','{}',1,'ORD');
INSERT INTO `endpoint` VALUES ('b8c22a4a8bf64be9aaef3a340c02da25','140','public','4864112ffb4f49fe9de5ad3ce50eba8f','http://10.127.7.19/pods/','{}',1,'ORD');
INSERT INTO `endpoint` VALUES ('b99c987624124e09a659aba243c6b40f','132','public','41779496f06c4cd4a4ae9d60655a3b2c','https://','{}',1,'DFW');
INSERT INTO `endpoint` VALUES ('ba57e312e27145b6b0c8d5b66b57eed6','113','public','92f71b49fc774e3093808e30d9b999cb','https://cmstaging.api.rackspacecloud.com/v1.0','{}',1,'ORD');
INSERT INTO `endpoint` VALUES ('ba5d3d0cf5694c12b6cc6a2d2e3786f3','1011','public','9e1adf6284ac4599a67a82f3d0aa116e','https://cdn.stg.clouddrive.com/v1','{}',1,'ORD');
INSERT INTO `endpoint` VALUES ('bac96adbe23340dc8f102d9c12e0be28','105','admin','7cc417f495c64430828309588dad7393','https://api.staging.ord1.clouddb.rackspace.net/v1.0','{}',0,'ORD');
INSERT INTO `endpoint` VALUES ('bb4dc25b1d84468cafbc2d07268c728e','104','admin','7cc417f495c64430828309588dad7393','https://api.staging.ord1.clouddb.rackspace.net/v1.0','{}',0,'DFW');
INSERT INTO `endpoint` VALUES ('bbc6853c258849a699c68da6c638c815','1042','public','92f71b49fc774e3093808e30d9b999cb','https://staging.monitoring.api.rackspacecloud.com/v1.0','{}',1,'ORD');
INSERT INTO `endpoint` VALUES ('bd120d8f02b94ce7968d4ead40b0d679','1007','public','6047d506862b81d6d99273b4853adfe81e0478c1','https://storage.stg.swift.racklabs.com/v1','{}',1,'DFW');
INSERT INTO `endpoint` VALUES ('bd8f967b2d1e4f4c9d3e41fa0e961ce5','138','public','20f6cc8ab08c45e39ca153218f22280d','http://qe.ord.lunr.racklabs.com/v1','{}',1,'ORD');
INSERT INTO `endpoint` VALUES ('beb4b3a985f74dec9db8b8514d2062c6','43','public','79964ea548f747f2932ade27a4692b7a','http://api:8774/v2','{}',1,'ORD');
INSERT INTO `endpoint` VALUES ('befb4312ae634999873968e5edb356d3','8','public','6047d506862b81d6d99273b4853adfe81e0478c1','https://storage.stg.swift.racklabs.com/v1/','{}',1,'LON');
INSERT INTO `endpoint` VALUES ('bf74ea7499584ac6860a268e4b62709a','1001','internal','6047d506862b81d6d99273b4853adfe81e0478c1','https://snet-storage101.dfw1.stg.swift.racklabs.com/v1','{}',1,'DFW');
INSERT INTO `endpoint` VALUES ('bfddc7e33cd94f98a162c8caffc97106','1027','public','778280ee70664371a0100a1938d8dafe','https://ord.servers.api.rackspacecloud.com/v2','{}',1,'ORD');
INSERT INTO `endpoint` VALUES ('bfe7d23a2f1041668c02bdb55838a660','34','public','778280ee70664371a0100a1938d8dafe','http://alpha.ord.servers.api.rackspacecloud.com:8774/v1.1','{}',1,'ORD');
INSERT INTO `endpoint` VALUES ('c1dc236dd0e54dcc84f7d00807875b31','1000','internal','c47fbdd0032e465d8809aee5efe3724b','https://otherstorage-snet.clouddrive.com/v1','{}',1,'ORD');
INSERT INTO `endpoint` VALUES ('c5c1437a51cd4a3791f5ff892cc4610d','1014','public','a45b14e394a57e3fd4e45d59ff3693ead204998b','https://servers.api.staging.us.ccp.rackspace.net/v1.0','{}',1,'ORD');
INSERT INTO `endpoint` VALUES ('c615e22430844f89ad08bc83ce1f68bb','1038','admin','2673429b4a72498088392e838c962b5f','https://billing.api.rackspacecloud.com/v1/accounts','{}',1,'ORD');
INSERT INTO `endpoint` VALUES ('c61c6f1467034be79545a37efb390fed','136','public','a45b14e394a57e3fd4e45d59ff3693ead204998b','http://api-n01.qe.ord1.us.cloudcompute.rackspace.net:8080/v1.0','{}',1,'ORD');
INSERT INTO `endpoint` VALUES ('c771650fdf0e41daba2af802a1c0ce36','100001','public','79964ea548f747f2932ade27a4692b7a','http://public.url','{}',1,'ORD');
INSERT INTO `endpoint` VALUES ('c7eece81c1bd4273b109ebd656352703','127','public','79964ea548f747f2932ade27a4692b7a','http://nova-api1.a0001.h48.ohthree.com:8774/v2','{}',1,'ORD');
INSERT INTO `endpoint` VALUES ('c8a2c9b45d964e7aac20d2652272f690','58','admin','dd4054bb620a4a4ab6d6a8cd10d13c41','https://admin-only/','{}',1,'ORD');
INSERT INTO `endpoint` VALUES ('c8fe8e644a94478787329c9a85a398d3','45','public','bcf53d061ef545149f577fd9682dd3cb','https://staging.dnsaas.rackspace.net/v1.0','{}',1,'ORD');
INSERT INTO `endpoint` VALUES ('c90f6b3fe4ff47738ef3632c15c2e26b','1016','public','a45b14e394a57e3fd4e45d59ff3693ead204998b','https://ord.servers.api.rackspacecloud.com/v1.0/','{}',1,'LON');
INSERT INTO `endpoint` VALUES ('c923553811df4c48b7f6d5c404e27261','56','public','92f71b49fc774e3093808e30d9b999cb','https://monitoring.api.rackspacecloud.com/v1.0','{}',1,'ORD');
INSERT INTO `endpoint` VALUES ('cbc3c3e796c14e11a895f7a030251418','3','internal','6047d506862b81d6d99273b4853adfe81e0478c1','https://snet-storage.stg.swift.racklabs.com/v1','{}',1,'ORD');
INSERT INTO `endpoint` VALUES ('cbd712134b6740b09a38e6fbb8ceceec','1007','internal','6047d506862b81d6d99273b4853adfe81e0478c1','https://snet-storage101.dfw1.stg.swift.racklabs.com','{}',1,'DFW');
INSERT INTO `endpoint` VALUES ('cbf1cf0931a047ddaf8b3b9842474e8c','24','public','3b324c9c30ba4f2a8d2f8e14e2cea5f0','https://','{}',1,'DFW');
INSERT INTO `endpoint` VALUES ('cca611369240446f914451848d06757a','9','public','9e1adf6284ac4599a67a82f3d0aa116e','https://cdn.stg.clouddrive.com/v1','{}',1,'DFW');
INSERT INTO `endpoint` VALUES ('cdcbd07c98114cd5a0acad888633d619','1019','admin','dd4054bb620a4a4ab6d6a8cd10d13c41','https://admin-only/','{}',1,'ORD');
INSERT INTO `endpoint` VALUES ('ce2d6933744b4521b67d44abff35318a','1021','admin','cebeb660339e41fe9cab4ed3ff061a6c','https://admin-all-urls/','{}',1,'ORD');
INSERT INTO `endpoint` VALUES ('d01ea6ea9d4d481ca529bb396fe5179e','28','admin','02aec197e76448b6b3730725ccbc2c3c','https://preprod.dfw.images.api.rackspacecloud.com/v1','{}',1,'DFW');
INSERT INTO `endpoint` VALUES ('d1f1045b964f41919e5cf27dc001f4c1','1019','public','dd4054bb620a4a4ab6d6a8cd10d13c41','https://','{}',1,'ORD');
INSERT INTO `endpoint` VALUES ('d29f3a5bede8455188766ed290eb200f','76','public','8bcc248d64274b758871d6982fb3bd3b','https://','{}',1,'ORD');
INSERT INTO `endpoint` VALUES ('d3da5362812b43f78ca5f0ec5b8b3184','135','public','92f71b49fc774e3093808e30d9b999cb','https://staging.monitoring.api.rackspacecloud.com/v1.0','{}',1,'ORD');
INSERT INTO `endpoint` VALUES ('d5d654f4a98d42afb52360561986c108','110','public','79964ea548f747f2932ade27a4692b7a','http://api:8774/v2','{}',1,'ORD');
INSERT INTO `endpoint` VALUES ('d6188fbbef614309b9d4132e2f4e4ba8','14','public','9e1adf6284ac4599a67a82f3d0aa116e','https://cdn.stg.clouddrive.com','{}',1,'ORD');
INSERT INTO `endpoint` VALUES ('d652b16b82d64b20a9c562c16a1c917f','18','public','dd4054bb620a4a4ab6d6a8cd10d13c41','https://','{}',1,'ORD');
INSERT INTO `endpoint` VALUES ('d79bf69ac60a4555864c4bb0d8a575a4','25','public','3b324c9c30ba4f2a8d2f8e14e2cea5f0','https://','{}',1,'ORD');
INSERT INTO `endpoint` VALUES ('d8a13772c8c74ce0847a5c1e1d37f183','42','public','09ca2c9b733e4ce38a31116f9e94c020','https://','{}',1,'ORD');
INSERT INTO `endpoint` VALUES ('dc46846348cd457f82c443203cb3e956','1000','public','c47fbdd0032e465d8809aee5efe3724b','https://otherstorage.clouddrive.com/v1','{}',1,'ORD');
INSERT INTO `endpoint` VALUES ('dc98650f2912470f82b269026f5f770c','125','public','79964ea548f747f2932ade27a4692b7a','http://nova-api1.a0001.h48.ohthree.com:8774/v2','{}',1,'ORD');
INSERT INTO `endpoint` VALUES ('de09a6039b484d9d8c334116f43dbe2b','26','public','3b324c9c30ba4f2a8d2f8e14e2cea5f0','https://','{}',1,'LON');
INSERT INTO `endpoint` VALUES ('de447f24dbc54686b6432846ca8c665a','85','public','41779496f06c4cd4a4ae9d60655a3b2c','https://preprod.dfw.images.api.rackspacecloud.com/v1','{}',1,'DFW');
INSERT INTO `endpoint` VALUES ('e04d5fb4319c4778919e20baf467bcc0','1006','internal','6047d506862b81d6d99273b4853adfe81e0478c1','https://snet-storage.stg.swift.racklabs.com/v1','{}',1,'ORD');
INSERT INTO `endpoint` VALUES ('e057d4c394f24c479ef78deaa73ad1a5','1020','admin','5cae4c279ff54aeb8589d5fdc24a48df','https://admin-mix/','{}',1,'ORD');
INSERT INTO `endpoint` VALUES ('e1a7500958e74fafbbb7960231a0634d','78','public','79964ea548f747f2932ade27a4692b7a','http://api:8774/v2','{}',1,'ORD');
INSERT INTO `endpoint` VALUES ('e2d7ac0d56074703b75857ecc9d2cc62','124','public','6598b4f12aa64adab079f346125ad425','https://dfw.blockstorage.api.rackspacecloud.com/v1','{}',1,'DFW');
INSERT INTO `endpoint` VALUES ('e32fe169fe4d4da8ab032220f3da62d2','1021','public','cebeb660339e41fe9cab4ed3ff061a6c','https://public-all-urls/','{}',1,'ORD');
INSERT INTO `endpoint` VALUES ('eab83e32c0ed4f42a6abc2e4a47841c6','1033','public','500095b376214c78bd53e3397e8e538b','https://','{}',1,'DFW');
INSERT INTO `endpoint` VALUES ('ead525077c974de7a4172aad9323582c','114','public','92aec25366af45b58adef9329f8b9da3','https://ord.servers.preview.api.rackspacecloud.com/v2','{}',1,'ORD');
INSERT INTO `endpoint` VALUES ('eb9a2c22c2934b8ea948b95333dce09d','21','public','502bef771ca24744a948596bcb99530c','https://dfw.servers.api.rackspacecloud.com/v2','{}',1,'DFW');
INSERT INTO `endpoint` VALUES ('ec03b5de50934906bb706867221a6528','1033','admin','500095b376214c78bd53e3397e8e538b','https://preprod.dfw.images.api.rackspacecloud.com/v1','{}',1,'DFW');
INSERT INTO `endpoint` VALUES ('ec1e4756edd8464eacb22a6b95d9bb8b','41','public','72a4100ec2a641399a3938fba7141c69','https://','{}',1,'ORD');
INSERT INTO `endpoint` VALUES ('ec421c63fbb7423196288517f89015ab','137','public','20f6cc8ab08c45e39ca153218f22280d','https://qe.ord.lunr.racklabs.com/v1','{}',1,'ORD');
INSERT INTO `endpoint` VALUES ('ee1d3fd5e47e4c62858c633a85983d69','1003','internal','6047d506862b81d6d99273b4853adfe81e0478c1','https://snet-storage.stg.swift.racklabs.com/v1','{}',1,'ORD');
INSERT INTO `endpoint` VALUES ('ee8905e6b9cd41caac5aec49c3838bf3','40','admin','8bcc248d64274b758871d6982fb3bd3b','https://staging.usage.api.rackspacecloud.com/v1','{}',1,'ORD');
INSERT INTO `endpoint` VALUES ('efb7833be2154422b855c0e25444b7e7','1040','admin','72a4100ec2a641399a3938fba7141c69','https://incident.api.rackspacecloud.com/v1','{}',1,'ORD');
INSERT INTO `endpoint` VALUES ('eff557a540164705b76ed3b8a19c0b77','76','admin','8bcc248d64274b758871d6982fb3bd3b','https://staging.usage.api.rackspacecloud.com/v1','{}',1,'ORD');
INSERT INTO `endpoint` VALUES ('f016198a144446789866d061f42c34a0','79','admin','e5095fa908084151a4032c3eead377f4','http://image:9292/v1','{}',1,'DFW');
INSERT INTO `endpoint` VALUES ('f0832e92f5a74e998b66207a7e1b8f7d','1037','public','09ca2c9b733e4ce38a31116f9e94c020','https://','{}',1,'ORD');
INSERT INTO `endpoint` VALUES ('f0a23ab596934a62aa8036575b6e8c8b','134','public','778280ee70664371a0100a1938d8dafe','https://preprod.dfw.servers.api.rackspacecloud.com/v2','{}',1,'DFW');
INSERT INTO `endpoint` VALUES ('f108b267b893479e94ca1dc1a0cf091f','888','public','23f724d4470b4c32899127939f911113','https://service-public.com/v1 ','{}',1,'ORD');
INSERT INTO `endpoint` VALUES ('f12bd425fcc34117b1972e9fcc9c36d7','115','public','bb234657064a419ba20cc25e86a52cc9','https://ord.cbs.preview.api.rackspacecloud.com/v1','{}',1,'ORD');
INSERT INTO `endpoint` VALUES ('f4126858e2f449ab972fc0cb96a5a721','131','public','778280ee70664371a0100a1938d8dafe','https://admin.lon.servers.api.rackspacecloud.com/v2','{}',1,'LON');
INSERT INTO `endpoint` VALUES ('f421d16e44244f30b9d11fe94c48ebc6','1029','public','4fb10470a0e1423b80848ac6e115b4ec','https://','{}',1,'DFW');
INSERT INTO `endpoint` VALUES ('f55217c52a394fa6b9793a9bdcef8983','1221','public','6047d506862b81d6d99273b4853adfe81e0478c1','https://otherstorage.clouddrive.com/v1','{}',1,'ORD');
INSERT INTO `endpoint` VALUES ('f5b977f20e14486fb1b4b2fd881a097f','39','public','2673429b4a72498088392e838c962b5f','https://','{}',1,'ORD');
INSERT INTO `endpoint` VALUES ('f69bd1d8bb584838a5c83377ddc02db9','54','public','7cc417f495c64430828309588dad7393','https://dfw.databases.api.rackspacecloud.com/v1.0','{}',1,'DFW');
INSERT INTO `endpoint` VALUES ('f6bc04577d5e4641ac4c4ccaa6095cf4','1002','internal','6047d506862b81d6d99273b4853adfe81e0478c1','https://snet-storage.stg.swift.racklabs.com/v1','{}',0,'ORD');
INSERT INTO `endpoint` VALUES ('f6f7b2d7431c4284b590c7525e59ba61','140','internal','4864112ffb4f49fe9de5ad3ce50eba8f','http://10.127.7.19/pods/','{}',1,'ORD');
INSERT INTO `endpoint` VALUES ('f797ff3dbd4742ed8eb923cfc82040f9','126','public','9db754ac79c2438a872b3386faeb6822','http://volume-api1.a0001.h48.ohthree.com:8774/v1','{}',1,'ORD');
INSERT INTO `endpoint` VALUES ('f98fdd3195f84aca8d83d8043019643d','111','public','9e1adf6284ac4599a67a82f3d0aa116e','https://cdn.stg.clouddrive.com/v1','{}',1,'ORD');
INSERT INTO `endpoint` VALUES ('fad3787de9534f4b9bc06b0ee0e64a1a','103','internal','6047d506862b81d6d99273b4853adfe81e0478c1','https://snet-storage.stg.swift.racklabs.com/v1','{}',1,'ORD');
INSERT INTO `endpoint` VALUES ('fbce3277f9d640d08bbf52274d32b662','112','public','9db754ac79c2438a872b3386faeb6822','http://volume-api:8774/v1','{}',1,'ORD');
INSERT INTO `endpoint` VALUES ('fd79754fb5ee42378f42a81684438053','1031','public','4fb10470a0e1423b80848ac6e115b4ec','https://','{}',1,'LON');
INSERT INTO `endpoint` VALUES ('ffbf9a8649b54d0490923d63ca3481b8','1008','public','6047d506862b81d6d99273b4853adfe81e0478c1','https://storage.stg.swift.racklabs.com/v1','{}',1,'LON');

--
-- Dumping data for table `endpoint_group`
--


--
-- Dumping data for table `endpoint_rax`
--

INSERT INTO `endpoint_rax` VALUES ('00522122a5604314a5561e32bb0cc4c3','MOSSO','rax:incident',0,0,'IncidentService',NULL,NULL,NULL,NULL);
INSERT INTO `endpoint_rax` VALUES ('007232616c2b43cea6dcebc7a9e26cf2','NAST','rax:object-cdn',0,0,'cloudFilesCDN',NULL,'1','https://api.info.uri.com/v1/','https://api.list.uri.com/v1/');
INSERT INTO `endpoint_rax` VALUES ('02256df675ee4f95aa171d6158ec07cd','MOSSO','compute',0,0,'Compute',NULL,'1','https://compute.north.public.com/v1/ ','https://compute.north.public.com/');
INSERT INTO `endpoint_rax` VALUES ('03664a5692714d55aea9f8bb1c78a51b','MOSSO','image',0,0,'cloudImagesHuddle48',NULL,NULL,NULL,NULL);
INSERT INTO `endpoint_rax` VALUES ('03c6b95e7b404f7b8662d192761907cc','NAST','rax:object-cdn',1,0,'cloudFilesCDN',NULL,'1','https://api.info.uri.com/v1/','https://api.list.uri.com/v1/');
INSERT INTO `endpoint_rax` VALUES ('03d417ba334746a88d883ce8404784a1','MOSSO','rax:load-balancer',0,0,'cloudLoadBalancers',NULL,NULL,NULL,NULL);
INSERT INTO `endpoint_rax` VALUES ('0432a56517924f0f942173e049b98d00','MOSSO','rax:customer',0,0,'CustomerService',NULL,NULL,NULL,NULL);
INSERT INTO `endpoint_rax` VALUES ('0500e87698c54be4a70ebffc686b7d76','MOSSO','compute',1,0,'cloudServersPreprod',NULL,NULL,NULL,NULL);
INSERT INTO `endpoint_rax` VALUES ('0536c29992d840b88236214a17c3967a','NAST','object-store',0,0,'cloudFiles',NULL,'1','https://api.info.uri.com/v1/','https://api.list.uri.com/v1/');
INSERT INTO `endpoint_rax` VALUES ('05c2b24aa2c44fa99d7f376efaea7a69','MOSSO','image',0,0,'cloudImages',NULL,NULL,NULL,NULL);
INSERT INTO `endpoint_rax` VALUES ('070bdea38c2d4ef18d7fc6e04f103bba','MOSSO','image',0,0,'cloudImagesHuddle48',NULL,NULL,NULL,NULL);
INSERT INTO `endpoint_rax` VALUES ('09a21bf480e145dd9e9500f4ad1b1f89','MOSSO','object-store',0,0,'cloudFiles',NULL,'1','https://api.info.uri.com/v1/','https://api.list.uri.com/v1/');
INSERT INTO `endpoint_rax` VALUES ('0a12ce5764364f249744e23ef93e8b5f','MOSSO','image',0,0,'cloudImages',NULL,NULL,NULL,NULL);
INSERT INTO `endpoint_rax` VALUES ('0adc1e17b906420ab67e87424fe7cd13','MOSSO','compute',0,0,'cloudServersOpenStackPreview',NULL,NULL,NULL,NULL);
INSERT INTO `endpoint_rax` VALUES ('0bbe3d555910439184330d9ab9061703','MOSSO','image',0,0,'cloudImages',NULL,NULL,NULL,NULL);
INSERT INTO `endpoint_rax` VALUES ('0c2ed44a69894346aeecea24900442d9','MOSSO','undefined',0,0,'cloudImages',NULL,NULL,NULL,NULL);
INSERT INTO `endpoint_rax` VALUES ('0f6a8ef41ba4491684dd181bc8efbf00','MOSSO','image',0,0,'cloudImagesPreprod',NULL,NULL,NULL,NULL);
INSERT INTO `endpoint_rax` VALUES ('1004b10d1338420c8ca0510c71f0b963','MOSSO','object-store',0,0,'cloudFiles',NULL,'1','https://api.info.uri.com/v1/','https://api.list.uri.com/v1/');
INSERT INTO `endpoint_rax` VALUES ('11d9e8ace429480584786e61f1df6b02','MOSSO','rax:load-balancer',0,0,'cloudLoadBalancers',NULL,NULL,NULL,NULL);
INSERT INTO `endpoint_rax` VALUES ('1286293b084c46949a6e0354afc9646e','MOSSO','object-store',0,0,'cloudFiles',NULL,'1','https://api.info.uri.com/v1/','https://api.list.uri.com/v1/');
INSERT INTO `endpoint_rax` VALUES ('134cd9ad05de4632aaa8d2c7b93e221e','MOSSO','compute',0,0,'cloudServersOpenStack',NULL,NULL,NULL,NULL);
INSERT INTO `endpoint_rax` VALUES ('14996a1e46a04356b46b15b00a0468c8','NAST','object-store',0,0,'cloudFiles',NULL,NULL,NULL,NULL);
INSERT INTO `endpoint_rax` VALUES ('178831875da64a75b2fa7232614c9df3','MOSSO','rax:usage',0,0,'UsageService',NULL,NULL,NULL,NULL);
INSERT INTO `endpoint_rax` VALUES ('188283d034a54ab2ad42abdc1dfee888','MOSSO','compute',0,0,'cloudServersOpenStack',NULL,'2','https://lon.servers.api.rackspacecloud.com/v2','https://lon.servers.api.rackspacecloud.com/');
INSERT INTO `endpoint_rax` VALUES ('19dba7e51c334b0193976cf0678a1da9','MOSSO','compute',0,0,'cloudServersPreprod',NULL,NULL,NULL,NULL);
INSERT INTO `endpoint_rax` VALUES ('1cade534303b47bfa46277b620aaf5ed','MOSSO','compute',0,0,'cloudServersOpenStack',NULL,NULL,NULL,NULL);
INSERT INTO `endpoint_rax` VALUES ('1da52851850c4a1b9774a9e99240b4ad','MOSSO','compute',0,0,'cloudServersOpenStack',NULL,NULL,NULL,NULL);
INSERT INTO `endpoint_rax` VALUES ('1ea4ab8e6893404dabe4453a71dadaa7','MOSSO','compute',0,0,'cloudServersOpenStack',NULL,NULL,NULL,NULL);
INSERT INTO `endpoint_rax` VALUES ('1f3b9d9e86ea4a03a93bd7b6bb4d522f','MOSSO','image',0,0,'cloudImages',NULL,NULL,NULL,NULL);
INSERT INTO `endpoint_rax` VALUES ('22a39068cab544eebf61e2e39f59dc9e','NAST','object-store',0,0,'cloudFiles',NULL,NULL,NULL,NULL);
INSERT INTO `endpoint_rax` VALUES ('22a3b6f08af04d9bad7e253b54d495de','MOSSO','compute',0,0,'cloudServersPreprodAdmin',NULL,NULL,NULL,NULL);
INSERT INTO `endpoint_rax` VALUES ('2413be545357483f92ae5f30f6661a74','NAST','object-store',1,0,'cloudFiles',NULL,NULL,NULL,NULL);
INSERT INTO `endpoint_rax` VALUES ('24fddc42c22148afb3fd74c11cf85963','MOSSO','image',0,0,'cloudImages',NULL,NULL,NULL,NULL);
INSERT INTO `endpoint_rax` VALUES ('270af536c0444ab1b14e94925c00c6c2','NAST','rax:object-cdn',1,0,'cloudFilesCDN',NULL,'1','https://api.info.uri.com/v1/','https://api.list.uri.com/v1/');
INSERT INTO `endpoint_rax` VALUES ('2809dcc0704b4dce89a55c85cdaf213b','MOSSO','rax:database',0,0,'cloudDatabases',NULL,NULL,NULL,NULL);
INSERT INTO `endpoint_rax` VALUES ('29d4895a6714458196b5ff9b4554ceb5','MOSSO','undefined',0,0,'cloudImages',NULL,NULL,NULL,NULL);
INSERT INTO `endpoint_rax` VALUES ('2bf201cfaca34e7a8c98cc035eb2e52e','MOSSO','rax:incident',0,0,'IncidentService',NULL,NULL,NULL,NULL);
INSERT INTO `endpoint_rax` VALUES ('2c60d3e8f3d34866ba6b391c3b44fcb2','MOSSO','rax:usage',0,0,'UsageService',NULL,NULL,NULL,NULL);
INSERT INTO `endpoint_rax` VALUES ('2ce8c7173d1b4e1790495f413edfafdd','MOSSO','object-store',0,0,'cloudFiles',NULL,'1','https://api.info.uri.com/v1/','https://api.list.uri.com/v1/');
INSERT INTO `endpoint_rax` VALUES ('2f9cd1738f5c4264adfc7b2a18b648e4','NAST','object-store',0,0,'cloudFiles',NULL,NULL,NULL,NULL);
INSERT INTO `endpoint_rax` VALUES ('310c68fd104244aa9a152d23836355fc','MOSSO','image',0,0,'cloudImagesPublicPreprod',NULL,NULL,NULL,NULL);
INSERT INTO `endpoint_rax` VALUES ('313475dfa076400a86803e9e8e49ec38','NAST','object-store',1,0,'cloudFiles',NULL,NULL,NULL,NULL);
INSERT INTO `endpoint_rax` VALUES ('31f79f6be47e4f4a8c9bc11b6eb173dd','MOSSO','undefined',0,0,'all-urls',NULL,NULL,NULL,NULL);
INSERT INTO `endpoint_rax` VALUES ('3393712aa871441d92cec30af2195032','MOSSO','undefined',0,0,'admin-Mix',NULL,NULL,NULL,NULL);
INSERT INTO `endpoint_rax` VALUES ('366c3afe35f44c68abf352302ead3247','NAST','rax:object-cdn',1,0,'cloudFilesCDN',NULL,NULL,NULL,NULL);
INSERT INTO `endpoint_rax` VALUES ('37da3f05aaf2420c8787b6684c5bcdde','NAST','rax:object-cdn',0,0,'cloudFilesCDN',NULL,NULL,NULL,NULL);
INSERT INTO `endpoint_rax` VALUES ('397f9afb203243a6bc23b29b00bedd42','MOSSO','image',0,0,'cloudImagesPreprod',NULL,NULL,NULL,NULL);
INSERT INTO `endpoint_rax` VALUES ('3cfb881164c54161bbd7f1149f0d19e9','NAST','object-store',0,0,'cloudFiles',NULL,'1','https://api.info.uri.com/v1/','https://api.list.uri.com/v1/');
INSERT INTO `endpoint_rax` VALUES ('3d943644587b457ea2842c21fb8bb7e5','NAST','rax:object-cdn',1,0,'cloudFilesCDN',NULL,NULL,NULL,NULL);
INSERT INTO `endpoint_rax` VALUES ('3f071b7f98264c9e93a38f221596c091','MOSSO','image',0,0,'cloudImages',NULL,NULL,NULL,NULL);
INSERT INTO `endpoint_rax` VALUES ('3fdd38b6e6db49d193ce1459e565aa96','MOSSO','volume',0,0,'cloudBlockStorageHuddle48',NULL,NULL,NULL,NULL);
INSERT INTO `endpoint_rax` VALUES ('4020ab7a75f54bc58206fa30ec754cc6','MOSSO','image',0,0,'cloudImages',NULL,NULL,NULL,NULL);
INSERT INTO `endpoint_rax` VALUES ('407a87b6b8534acd91479b75282f6800','MOSSO','object-store',0,0,'cloudFiles',NULL,'1','https://api.info.uri.com/v1/','https://api.list.uri.com/v1/');
INSERT INTO `endpoint_rax` VALUES ('4184816ee0a049bc96b898816aab432c','NAST','object-store',0,0,'cloudFiles',NULL,NULL,NULL,NULL);
INSERT INTO `endpoint_rax` VALUES ('4554c207eb364efba5c867d0eeab68ed','MOSSO','rax:load-balancer',0,0,'cloudLoadBalancers',NULL,NULL,NULL,NULL);
INSERT INTO `endpoint_rax` VALUES ('4726a3f4b90c4fffbdb9fc48168c2396','MOSSO','rax:biling',0,0,'BillingService',NULL,NULL,NULL,NULL);
INSERT INTO `endpoint_rax` VALUES ('4a032b7494944fb6bdfc82a508c89d8e','MOSSO','undefined',0,0,'all-urls',NULL,NULL,NULL,NULL);
INSERT INTO `endpoint_rax` VALUES ('4c03b150851b45eeb63e40057becac90','MOSSO','compute',0,0,'cloudServersOpenStack',NULL,'2','https://dfw.servers.api.rackspacecloud.com/v2','https://dfw.servers.api.rackspacecloud.com/');
INSERT INTO `endpoint_rax` VALUES ('4d034cbb0d384aa09d55640aba934a83','MOSSO','rax:customer',0,0,'CustomerService',NULL,NULL,NULL,NULL);
INSERT INTO `endpoint_rax` VALUES ('4d12201a40f84206839ef0bd3606cd25','MOSSO','rax:load-balancer',1,0,'cloudLoadBalancers',NULL,NULL,NULL,NULL);
INSERT INTO `endpoint_rax` VALUES ('4def1dcb9eaa4249b06e41749c60a687','MOSSO','rax:incident',0,0,'IncidentService',NULL,NULL,NULL,NULL);
INSERT INTO `endpoint_rax` VALUES ('4ed65340e545423ca7ec71645093c0c8','MOSSO','compute',0,0,'cloudServersPreprod',NULL,NULL,NULL,NULL);
INSERT INTO `endpoint_rax` VALUES ('4f00bb8167de4f42b861f9d34633f464','MOSSO','rax:database',1,0,'cloudDatabases',NULL,NULL,NULL,NULL);
INSERT INTO `endpoint_rax` VALUES ('4f42f6dcd7cd4020bef5aebab899e3fb','MOSSO','rax:load-balancer',1,0,'cloudLoadBalancers',NULL,NULL,NULL,NULL);
INSERT INTO `endpoint_rax` VALUES ('50b52cc6bf614adc960874c8d5a66179','NAST','object-store',0,0,'cloudFiles',NULL,NULL,NULL,NULL);
INSERT INTO `endpoint_rax` VALUES ('517ff3e5aad74f6992f6728822aa903a','MOSSO','compute',0,0,'Compute',NULL,'1','https://compute.north.public.com/v1/ ','https://compute.north.public.com/');
INSERT INTO `endpoint_rax` VALUES ('51a6a80d61a44e5784356b28aed8e046','MOSSO','undefined',0,0,'admin-Only',NULL,NULL,NULL,NULL);
INSERT INTO `endpoint_rax` VALUES ('52b306c27ef744d28025ebdcbee69ce3','MOSSO','compute',0,0,'cloudServersOpenStack',NULL,NULL,NULL,NULL);
INSERT INTO `endpoint_rax` VALUES ('55615751199549cbbc660a4c331f1b00','MOSSO','rax:dns',1,0,'cloudDNS',NULL,NULL,NULL,NULL);
INSERT INTO `endpoint_rax` VALUES ('5601c69a029d4f779baf3308d8acddf4','MOSSO','undefined',0,0,'admin-Mix',NULL,NULL,NULL,NULL);
INSERT INTO `endpoint_rax` VALUES ('56b3751c1a394e8099b9535c16e4c11e','MOSSO','rax:database',0,0,'cloudDatabases',NULL,NULL,NULL,NULL);
INSERT INTO `endpoint_rax` VALUES ('576f33389063458f8680debe8b6d05ca','MOSSO','rax:monitor',0,0,'cloudMonitoring',NULL,NULL,NULL,NULL);
INSERT INTO `endpoint_rax` VALUES ('58e9f8a4f10b47e88dc23cf179138fbc','MOSSO','cloudServers',0,0,'test',NULL,NULL,NULL,NULL);
INSERT INTO `endpoint_rax` VALUES ('596a3a3949824dacba443d4ddfee85d1','MOSSO','rax:customer',0,0,'CustomerService',NULL,NULL,NULL,NULL);
INSERT INTO `endpoint_rax` VALUES ('598a8791159744dda273ad35aa80cb8e','MOSSO','undefined',0,0,'admin-Mix',NULL,NULL,NULL,NULL);
INSERT INTO `endpoint_rax` VALUES ('5a6cee0c868c4c60bba9f4722bfe5f5c','MOSSO','image',0,0,'cloudImages',NULL,NULL,NULL,NULL);
INSERT INTO `endpoint_rax` VALUES ('5b9ee7093054463fac9e3ac68272af1a','MOSSO','rax:customer',0,0,'CustomerService',NULL,NULL,NULL,NULL);
INSERT INTO `endpoint_rax` VALUES ('5bbe83433da84c42a8d0474441e7cebf','MOSSO','rax:database',0,0,'cloudDatabases',NULL,NULL,NULL,NULL);
INSERT INTO `endpoint_rax` VALUES ('5d5db11e5e2148839dff9baeba5cdc42','MOSSO','compute',0,0,'cloudServersOpenStack',NULL,NULL,NULL,NULL);
INSERT INTO `endpoint_rax` VALUES ('613c4ed6879e450ebb785c02a0eadbee','MOSSO','compute',0,0,'cloudServersOpenStack',NULL,'2','https://lon.servers.api.rackspacecloud.com/v2','https://lon.servers.api.rackspacecloud.com/');
INSERT INTO `endpoint_rax` VALUES ('641ad83e748c40bcb7b26c671343dcc3','MOSSO','rax:load-balancer',0,0,'cloudLoadBalancers',NULL,NULL,NULL,NULL);
INSERT INTO `endpoint_rax` VALUES ('6536232b86da4526b54cd6599e5e4a52','NAST','rax:object-cdn',0,0,'cloudFilesCDN',NULL,NULL,NULL,NULL);
INSERT INTO `endpoint_rax` VALUES ('66010784bfbd49fea7576023a8abef06','MOSSO','undefined',0,0,'cloudServersOpenStack',NULL,NULL,NULL,NULL);
INSERT INTO `endpoint_rax` VALUES ('689156a2a5ca4b678fe64475820782d7','NAST','object-store',0,0,'cloudFiles',NULL,NULL,NULL,NULL);
INSERT INTO `endpoint_rax` VALUES ('6972c561e953408b91f3907bdf2f65a6','MOSSO','image',0,0,'cloudImagesHuddle48',NULL,NULL,NULL,NULL);
INSERT INTO `endpoint_rax` VALUES ('6975d7a0c4b144099a68a84a82fea5ab','MOSSO','compute',0,0,'cloudServersCBSPreview',NULL,NULL,NULL,NULL);
INSERT INTO `endpoint_rax` VALUES ('69b7aa03a67e4d928301ad08377dba7e','MOSSO','rax:load-balancer',0,0,'cloudLoadBalancers',NULL,NULL,NULL,NULL);
INSERT INTO `endpoint_rax` VALUES ('69c8d2fd8cc0441093271fdd432d0d43','MOSSO','undefined',0,0,'admin-Only',NULL,NULL,NULL,NULL);
INSERT INTO `endpoint_rax` VALUES ('6a46d189a529433c90432bb9462eb878','MOSSO','rax:biling',0,0,'BillingService',NULL,NULL,NULL,NULL);
INSERT INTO `endpoint_rax` VALUES ('6ab612cfe2334723bddfb4cb40c2cc6a','NAST','object-store',0,0,'cloudFiles',NULL,'1','https://api.info.uri.com/v1/','https://api.list.uri.com/v1/');
INSERT INTO `endpoint_rax` VALUES ('6b80a66491b44e02993b94f0f82a6f68','MOSSO','undefined',0,0,'all-urls',NULL,NULL,NULL,NULL);
INSERT INTO `endpoint_rax` VALUES ('6bc3ed9e11f4419a92ff585818eaf060','MOSSO','rax:biling',0,0,'BillingService',NULL,NULL,NULL,NULL);
INSERT INTO `endpoint_rax` VALUES ('6bddbe7d3c164f26a6cc54f5eef87643','MOSSO','object-store',0,0,'cloudFiles',NULL,'1','https://api.info.uri.com/v1/','https://api.list.uri.com/v1/');
INSERT INTO `endpoint_rax` VALUES ('6db83a4e6ae64a7086b4c23fcfd4c698','MOSSO','image',0,0,'cloudImages',NULL,NULL,NULL,NULL);
INSERT INTO `endpoint_rax` VALUES ('6f227d4a121e473589e12119488af428','MOSSO','rax:biling',0,0,'BillingService',NULL,NULL,NULL,NULL);
INSERT INTO `endpoint_rax` VALUES ('701e4f1f78c643209b2ebb8f7387649f','MOSSO','undefined',0,0,'cloudServersPreprod',NULL,NULL,NULL,NULL);
INSERT INTO `endpoint_rax` VALUES ('70418bca35b84ce7913259d61e57605e','MOSSO','rax:customer',0,0,'CustomerService',NULL,NULL,NULL,NULL);
INSERT INTO `endpoint_rax` VALUES ('741eefd8d08349c5976e3ad185cc4561','NAST','object-store',0,0,'cloudFiles',NULL,NULL,NULL,NULL);
INSERT INTO `endpoint_rax` VALUES ('76a61c018e3a49f8b6cb47a142312a6d','MOSSO','volume',1,0,'cloudBlockStoragePreprod',NULL,NULL,NULL,NULL);
INSERT INTO `endpoint_rax` VALUES ('77527e68b9bf4ecb9d5fb56717839328','MOSSO','undefined',0,0,'admin-Mix',NULL,NULL,NULL,NULL);
INSERT INTO `endpoint_rax` VALUES ('7858f442eb0a417c879e1feb04c213f2','MOSSO','undefined',0,0,'cloudImagesPreprod',NULL,NULL,NULL,NULL);
INSERT INTO `endpoint_rax` VALUES ('7a7d80ec63004912a34f6730f035796f','NAST','object-store',0,0,'cloudFiles',NULL,NULL,NULL,NULL);
INSERT INTO `endpoint_rax` VALUES ('7b4cabf417e64f2fae4710144c5e8df1','MOSSO','rax:load-balancer',0,0,'cloudLoadBalancers',NULL,NULL,NULL,NULL);
INSERT INTO `endpoint_rax` VALUES ('7c447f5ed0fc4b7f97d8f40b25f74b6e','MOSSO','volume',0,0,'cloudVolumeCBSPreview',NULL,NULL,NULL,NULL);
INSERT INTO `endpoint_rax` VALUES ('7ce77c61152a4a78a7ccebd7d6a08cab','MOSSO','compute',0,0,'Compute',NULL,'1','https://compute.north.public.com/v1/ ','https://compute.north.public.com/');
INSERT INTO `endpoint_rax` VALUES ('7e18b878305a46bf88784afe31dc1af9','MOSSO','rax:load-balancer',0,0,'cloudLoadBalancers',NULL,NULL,NULL,NULL);
INSERT INTO `endpoint_rax` VALUES ('7e26cc7a25fb42e48902dfe1a54a89e5','MOSSO','undefined',0,0,'cloudServersOpenStack',NULL,NULL,NULL,NULL);
INSERT INTO `endpoint_rax` VALUES ('7ecb0f9829da444dbaf4439537e43d3b','MOSSO','rax:usage',0,0,'UsageService',NULL,NULL,NULL,NULL);
INSERT INTO `endpoint_rax` VALUES ('804d33ba50ad40d5917cf40fd12dbfdf','MOSSO','compute',0,0,'Compute',NULL,'1','https://compute.north.public.com/v1/ ','https://compute.north.public.com/');
INSERT INTO `endpoint_rax` VALUES ('826fdf486fa541a190001d4f1e6bdafd','MOSSO','compute',1,0,'cloudServers',NULL,NULL,NULL,NULL);
INSERT INTO `endpoint_rax` VALUES ('860c488c323b415cba5883ea5857a63e','MOSSO','undefined',0,0,'cloudImages',NULL,NULL,NULL,NULL);
INSERT INTO `endpoint_rax` VALUES ('866bfc27adf34af187051941e376c3bb','NAST','object-store',0,0,'cloudFiles',NULL,'1','https://api.info.uri.com/v1/','https://api.list.uri.com/v1/');
INSERT INTO `endpoint_rax` VALUES ('892b097bb960416b89a7345a057a3717','MOSSO','image',0,0,'cloudImages',NULL,NULL,NULL,NULL);
INSERT INTO `endpoint_rax` VALUES ('89f6ac5cc1b94c4ca6ed7bf25de555b9','MOSSO','undefined',0,0,'admin-Mix',NULL,NULL,NULL,NULL);
INSERT INTO `endpoint_rax` VALUES ('8c87879a5d3b444b94261bc1219abb49','NAST','object-store',0,0,'cloudFiles',NULL,NULL,NULL,NULL);
INSERT INTO `endpoint_rax` VALUES ('8cfe386409e84e319aa437c9e7cf24cb','NAST','object-store',0,0,'cloudFiles',NULL,'1','https://api.info.uri.com/v1/','https://api.list.uri.com/v1/');
INSERT INTO `endpoint_rax` VALUES ('8fdb8203574d46aaa6bdba301f284f80','NAST','object-store',0,0,'cloudFiles',NULL,NULL,NULL,NULL);
INSERT INTO `endpoint_rax` VALUES ('94558f027a4c48b793dfbe1360c53624','MOSSO','compute',0,0,'cloudServers',NULL,NULL,NULL,NULL);
INSERT INTO `endpoint_rax` VALUES ('95c5d49a4ba54cb8bc18a6e6d57c10b1','MOSSO','compute',1,0,'cloudServers',NULL,'1.0','https://servers.api.staging.us.ccp.rackspace.net/v1.0','https://servers.api.staging.us.ccp.rackspace.net/v1.0');
INSERT INTO `endpoint_rax` VALUES ('95fe03251c694b10bdc5541d6b73f959','MOSSO','rax:load-balancer',0,0,'cloudLoadBalancers',NULL,NULL,NULL,NULL);
INSERT INTO `endpoint_rax` VALUES ('973ab00f66974c69a68d711a841e5025','MOSSO','rax:load-balancer',1,0,'cloudLoadBalancers',NULL,NULL,NULL,NULL);
INSERT INTO `endpoint_rax` VALUES ('98a50cb5ae98406397d75101d594ba57','MOSSO','compute',0,0,'cloudServersOpenStack',NULL,NULL,NULL,NULL);
INSERT INTO `endpoint_rax` VALUES ('9caaa37b7e254f41ad833a10c38adc03','MOSSO','rax:incident',0,0,'IncidentService',NULL,NULL,NULL,NULL);
INSERT INTO `endpoint_rax` VALUES ('9f40acd047724d34b3d76c9c7d117446','MOSSO','undefined',0,0,'all-urls',NULL,NULL,NULL,NULL);
INSERT INTO `endpoint_rax` VALUES ('9fe80c0ee5bb4c20a0f5ba183b95d440','NAST','object-store',0,0,'cloudFiles',NULL,NULL,NULL,NULL);
INSERT INTO `endpoint_rax` VALUES ('a4b20cee61e242acb09af9c62fbd6af3','NAST','rax:object-cdn',0,0,'cloudFilesCDN',NULL,'1','https://api.info.uri.com/v1/','https://api.list.uri.com/v1/');
INSERT INTO `endpoint_rax` VALUES ('a5d347ddb1e3457180fd8b4a4fd45623','MOSSO','volume',0,0,'cloudBlockStoragePreview',NULL,NULL,NULL,NULL);
INSERT INTO `endpoint_rax` VALUES ('a87863880fbf4c26a056ed2a685116b6','NAST','cloudServers',0,0,'test',NULL,NULL,NULL,NULL);
INSERT INTO `endpoint_rax` VALUES ('a91923f2833c4aa5802d6f0aa0edb8de','MOSSO','compute',0,0,'Compute',NULL,'1','https://compute.north.public.com/v1/ ','https://compute.north.public.com/');
INSERT INTO `endpoint_rax` VALUES ('a9ddd21458944615939214269e451011','NAST','object-store',0,0,'cloudFiles',NULL,NULL,NULL,NULL);
INSERT INTO `endpoint_rax` VALUES ('ab44123bf80349838040c5779fcd4efb','NAST','rax:object-cdn',0,0,'cloudFilesCDN',NULL,NULL,NULL,NULL);
INSERT INTO `endpoint_rax` VALUES ('b2b44e7bf5b041198f059cd089f2133a','MOSSO','rax:customer',0,0,'CustomerService',NULL,NULL,NULL,NULL);
INSERT INTO `endpoint_rax` VALUES ('b71fb4eea542475f83c54772cc4ceb6c','NAST','object-store',1,0,'cloudFiles',NULL,'1','https://api.info.uri.com/v1/','https://api.list.uri.com/v1/');
INSERT INTO `endpoint_rax` VALUES ('b8646bf1ae3a422bae1b658b9fa85ba0','MOSSO','rax:load-balancer',0,0,'cloudLoadBalancers',NULL,NULL,NULL,NULL);
INSERT INTO `endpoint_rax` VALUES ('b8b61e58f2404383954fb2a7899af36a','MOSSO','compute',0,0,'cloudServersOpenStack',NULL,NULL,NULL,NULL);
INSERT INTO `endpoint_rax` VALUES ('b8c22a4a8bf64be9aaef3a340c02da25','MOSSO','rax:whales',0,0,'rax:whales',NULL,'1',' ',' ');
INSERT INTO `endpoint_rax` VALUES ('b99c987624124e09a659aba243c6b40f','MOSSO','image',0,0,'cloudImagesPublicPreprod',NULL,NULL,NULL,NULL);
INSERT INTO `endpoint_rax` VALUES ('ba57e312e27145b6b0c8d5b66b57eed6','MOSSO','rax:monitor',0,0,'cloudMonitoring',NULL,NULL,NULL,NULL);
INSERT INTO `endpoint_rax` VALUES ('ba5d3d0cf5694c12b6cc6a2d2e3786f3','NAST','rax:object-cdn',0,0,'cloudFilesCDN',NULL,NULL,NULL,NULL);
INSERT INTO `endpoint_rax` VALUES ('bac96adbe23340dc8f102d9c12e0be28','MOSSO','rax:database',0,0,'cloudDatabases',NULL,NULL,NULL,NULL);
INSERT INTO `endpoint_rax` VALUES ('bb4dc25b1d84468cafbc2d07268c728e','MOSSO','rax:database',0,0,'cloudDatabases',NULL,NULL,NULL,NULL);
INSERT INTO `endpoint_rax` VALUES ('bbc6853c258849a699c68da6c638c815','MOSSO','rax:monitor',1,0,'cloudMonitoring',NULL,NULL,NULL,NULL);
INSERT INTO `endpoint_rax` VALUES ('bd120d8f02b94ce7968d4ead40b0d679','NAST','object-store',0,0,'cloudFiles',NULL,NULL,NULL,NULL);
INSERT INTO `endpoint_rax` VALUES ('bd8f967b2d1e4f4c9d3e41fa0e961ce5','MOSSO','volume',0,0,'cloudBlockStorageQE',NULL,NULL,NULL,NULL);
INSERT INTO `endpoint_rax` VALUES ('beb4b3a985f74dec9db8b8514d2062c6','MOSSO','compute',0,0,'openstackHuddle48',NULL,NULL,NULL,NULL);
INSERT INTO `endpoint_rax` VALUES ('befb4312ae634999873968e5edb356d3','NAST','object-store',0,0,'cloudFiles',NULL,'1','https://api.info.uri.com/v1/','https://api.list.uri.com/v1/');
INSERT INTO `endpoint_rax` VALUES ('bf74ea7499584ac6860a268e4b62709a','NAST','object-store',0,0,'cloudFiles',NULL,NULL,NULL,NULL);
INSERT INTO `endpoint_rax` VALUES ('bfddc7e33cd94f98a162c8caffc97106','MOSSO','compute',0,0,'cloudServersOpenStack',NULL,'2','https://ord.servers.api.rackspacecloud.com/v2','https://ord.servers.api.rackspacecloud.com/');
INSERT INTO `endpoint_rax` VALUES ('bfe7d23a2f1041668c02bdb55838a660','MOSSO','compute',0,0,'cloudServersOpenStack',NULL,NULL,NULL,NULL);
INSERT INTO `endpoint_rax` VALUES ('c1dc236dd0e54dcc84f7d00807875b31','MOSSO','cloudServers',0,0,'cloudServers',NULL,NULL,NULL,NULL);
INSERT INTO `endpoint_rax` VALUES ('c5c1437a51cd4a3791f5ff892cc4610d','MOSSO','compute',0,0,'cloudServers',NULL,'1.0','https://servers.api.staging.us.ccp.rackspace.net/v1.0','https://servers.api.staging.us.ccp.rackspace.net/v1.0');
INSERT INTO `endpoint_rax` VALUES ('c615e22430844f89ad08bc83ce1f68bb','MOSSO','rax:biling',0,0,'BillingService',NULL,NULL,NULL,NULL);
INSERT INTO `endpoint_rax` VALUES ('c61c6f1467034be79545a37efb390fed','MOSSO','compute',0,0,'cloudServers',NULL,'1.0','http://api-n01.qe.ord1.us.cloudcompute.rackspace.net:8080/v1.0','http://api-n01.qe.ord1.us.cloudcompute.rackspace.net:8080/v1.0');
INSERT INTO `endpoint_rax` VALUES ('c771650fdf0e41daba2af802a1c0ce36','MOSSO','compute',0,0,'openstackHuddle48',NULL,NULL,NULL,NULL);
INSERT INTO `endpoint_rax` VALUES ('c7eece81c1bd4273b109ebd656352703','MOSSO','compute',0,0,'openstackHuddle48',NULL,NULL,NULL,NULL);
INSERT INTO `endpoint_rax` VALUES ('c8a2c9b45d964e7aac20d2652272f690','MOSSO','undefined',0,0,'admin-Only',NULL,NULL,NULL,NULL);
INSERT INTO `endpoint_rax` VALUES ('c8fe8e644a94478787329c9a85a398d3','MOSSO','rax:dns',0,0,'cloudDNS',NULL,NULL,NULL,NULL);
INSERT INTO `endpoint_rax` VALUES ('c90f6b3fe4ff47738ef3632c15c2e26b','MOSSO','compute',0,0,'cloudServers',NULL,NULL,NULL,NULL);
INSERT INTO `endpoint_rax` VALUES ('c923553811df4c48b7f6d5c404e27261','MOSSO','rax:monitor',1,0,'cloudMonitoring',NULL,NULL,NULL,NULL);
INSERT INTO `endpoint_rax` VALUES ('cbc3c3e796c14e11a895f7a030251418','NAST','object-store',1,0,'cloudFiles',NULL,'1','https://api.info.uri.com/v1/','https://api.list.uri.com/v1/');
INSERT INTO `endpoint_rax` VALUES ('cbd712134b6740b09a38e6fbb8ceceec','NAST','object-store',0,0,'cloudFiles',NULL,NULL,NULL,NULL);
INSERT INTO `endpoint_rax` VALUES ('cbf1cf0931a047ddaf8b3b9842474e8c','MOSSO','undefined',0,0,'cloudImages',NULL,NULL,NULL,NULL);
INSERT INTO `endpoint_rax` VALUES ('cca611369240446f914451848d06757a','NAST','rax:object-cdn',0,0,'cloudFilesCDN',NULL,'1','https://api.info.uri.com/v1/','https://api.list.uri.com/v1/');
INSERT INTO `endpoint_rax` VALUES ('cdcbd07c98114cd5a0acad888633d619','MOSSO','undefined',0,0,'admin-Only',NULL,NULL,NULL,NULL);
INSERT INTO `endpoint_rax` VALUES ('ce2d6933744b4521b67d44abff35318a','MOSSO','undefined',0,0,'all-urls',NULL,NULL,NULL,NULL);
INSERT INTO `endpoint_rax` VALUES ('d01ea6ea9d4d481ca529bb396fe5179e','MOSSO','undefined',0,0,'cloudImagesPreprod',NULL,NULL,NULL,NULL);
INSERT INTO `endpoint_rax` VALUES ('d1f1045b964f41919e5cf27dc001f4c1','MOSSO','undefined',0,0,'admin-Only',NULL,NULL,NULL,NULL);
INSERT INTO `endpoint_rax` VALUES ('d29f3a5bede8455188766ed290eb200f','MOSSO','rax:usage',0,0,'UsageService',NULL,NULL,NULL,NULL);
INSERT INTO `endpoint_rax` VALUES ('d3da5362812b43f78ca5f0ec5b8b3184','MOSSO','rax:monitor',1,0,'cloudMonitoring',NULL,NULL,NULL,NULL);
INSERT INTO `endpoint_rax` VALUES ('d5d654f4a98d42afb52360561986c108','MOSSO','compute',0,0,'openstackHuddle48',NULL,NULL,NULL,NULL);
INSERT INTO `endpoint_rax` VALUES ('d6188fbbef614309b9d4132e2f4e4ba8','MOSSO','rax:object-cdn',0,0,'cloudFilesCDN',NULL,NULL,NULL,NULL);
INSERT INTO `endpoint_rax` VALUES ('d652b16b82d64b20a9c562c16a1c917f','MOSSO','undefined',0,0,'admin-Only',NULL,NULL,NULL,NULL);
INSERT INTO `endpoint_rax` VALUES ('d79bf69ac60a4555864c4bb0d8a575a4','MOSSO','undefined',0,0,'cloudImages',NULL,NULL,NULL,NULL);
INSERT INTO `endpoint_rax` VALUES ('d8a13772c8c74ce0847a5c1e1d37f183','MOSSO','rax:customer',0,0,'CustomerService',NULL,NULL,NULL,NULL);
INSERT INTO `endpoint_rax` VALUES ('dc46846348cd457f82c443203cb3e956','MOSSO','cloudServers',0,0,'cloudServers',NULL,NULL,NULL,NULL);
INSERT INTO `endpoint_rax` VALUES ('dc98650f2912470f82b269026f5f770c','MOSSO','compute',0,0,'openstackHuddle48',NULL,NULL,NULL,NULL);
INSERT INTO `endpoint_rax` VALUES ('de09a6039b484d9d8c334116f43dbe2b','MOSSO','undefined',0,0,'cloudImages',NULL,NULL,NULL,NULL);
INSERT INTO `endpoint_rax` VALUES ('de447f24dbc54686b6432846ca8c665a','MOSSO','image',0,0,'cloudImagesPublicPreprod',NULL,NULL,NULL,NULL);
INSERT INTO `endpoint_rax` VALUES ('e04d5fb4319c4778919e20baf467bcc0','NAST','object-store',0,0,'cloudFiles',NULL,NULL,NULL,NULL);
INSERT INTO `endpoint_rax` VALUES ('e057d4c394f24c479ef78deaa73ad1a5','MOSSO','undefined',0,0,'admin-Mix',NULL,NULL,NULL,NULL);
INSERT INTO `endpoint_rax` VALUES ('e1a7500958e74fafbbb7960231a0634d','MOSSO','compute',0,0,'openstackHuddle48',NULL,NULL,NULL,NULL);
INSERT INTO `endpoint_rax` VALUES ('e2d7ac0d56074703b75857ecc9d2cc62','MOSSO','volume',0,0,'cloudBlockStorage',NULL,NULL,NULL,NULL);
INSERT INTO `endpoint_rax` VALUES ('e32fe169fe4d4da8ab032220f3da62d2','MOSSO','undefined',0,0,'all-urls',NULL,NULL,NULL,NULL);
INSERT INTO `endpoint_rax` VALUES ('eab83e32c0ed4f42a6abc2e4a47841c6','MOSSO','image',0,0,'cloudImagesPreprod',NULL,NULL,NULL,NULL);
INSERT INTO `endpoint_rax` VALUES ('ead525077c974de7a4172aad9323582c','MOSSO','compute',0,0,'cloudServersPreview',NULL,NULL,NULL,NULL);
INSERT INTO `endpoint_rax` VALUES ('eb9a2c22c2934b8ea948b95333dce09d','MOSSO','undefined',0,0,'cloudServersOpenStack',NULL,NULL,NULL,NULL);
INSERT INTO `endpoint_rax` VALUES ('ec03b5de50934906bb706867221a6528','MOSSO','image',0,0,'cloudImagesPreprod',NULL,NULL,NULL,NULL);
INSERT INTO `endpoint_rax` VALUES ('ec1e4756edd8464eacb22a6b95d9bb8b','MOSSO','rax:incident',0,0,'IncidentService',NULL,NULL,NULL,NULL);
INSERT INTO `endpoint_rax` VALUES ('ec421c63fbb7423196288517f89015ab','MOSSO','volume',0,0,'cloudBlockStorageQE',NULL,NULL,NULL,NULL);
INSERT INTO `endpoint_rax` VALUES ('ee1d3fd5e47e4c62858c633a85983d69','NAST','object-store',0,0,'cloudFiles',NULL,NULL,NULL,NULL);
INSERT INTO `endpoint_rax` VALUES ('ee8905e6b9cd41caac5aec49c3838bf3','MOSSO','rax:usage',0,0,'UsageService',NULL,NULL,NULL,NULL);
INSERT INTO `endpoint_rax` VALUES ('efb7833be2154422b855c0e25444b7e7','MOSSO','rax:incident',0,0,'IncidentService',NULL,NULL,NULL,NULL);
INSERT INTO `endpoint_rax` VALUES ('eff557a540164705b76ed3b8a19c0b77','MOSSO','rax:usage',0,0,'UsageService',NULL,NULL,NULL,NULL);
INSERT INTO `endpoint_rax` VALUES ('f016198a144446789866d061f42c34a0','MOSSO','image',0,0,'cloudImagesHuddle48',NULL,NULL,NULL,NULL);
INSERT INTO `endpoint_rax` VALUES ('f0832e92f5a74e998b66207a7e1b8f7d','MOSSO','rax:customer',0,0,'CustomerService',NULL,NULL,NULL,NULL);
INSERT INTO `endpoint_rax` VALUES ('f0a23ab596934a62aa8036575b6e8c8b','MOSSO','compute',0,0,'cloudServersOpenStack',NULL,NULL,NULL,NULL);
INSERT INTO `endpoint_rax` VALUES ('f108b267b893479e94ca1dc1a0cf091f','MOSSO','compute',0,0,'Compute',NULL,'1','https://compute.north.public.com/v1/ ','https://compute.north.public.com/');
INSERT INTO `endpoint_rax` VALUES ('f12bd425fcc34117b1972e9fcc9c36d7','MOSSO','volume',0,0,'cloudBlockStoragePreview',NULL,NULL,NULL,NULL);
INSERT INTO `endpoint_rax` VALUES ('f4126858e2f449ab972fc0cb96a5a721','MOSSO','compute',0,0,'cloudServersOpenStack',NULL,NULL,NULL,NULL);
INSERT INTO `endpoint_rax` VALUES ('f421d16e44244f30b9d11fe94c48ebc6','MOSSO','image',0,0,'cloudImages',NULL,NULL,NULL,NULL);
INSERT INTO `endpoint_rax` VALUES ('f55217c52a394fa6b9793a9bdcef8983','NAST','object-store',0,0,'cloudFiles',NULL,NULL,NULL,NULL);
INSERT INTO `endpoint_rax` VALUES ('f5b977f20e14486fb1b4b2fd881a097f','MOSSO','rax:biling',0,0,'BillingService',NULL,NULL,NULL,NULL);
INSERT INTO `endpoint_rax` VALUES ('f69bd1d8bb584838a5c83377ddc02db9','MOSSO','rax:database',0,0,'cloudDatabases',NULL,NULL,NULL,NULL);
INSERT INTO `endpoint_rax` VALUES ('f6bc04577d5e4641ac4c4ccaa6095cf4','NAST','object-store',0,0,'cloudFiles',NULL,NULL,NULL,NULL);
INSERT INTO `endpoint_rax` VALUES ('f6f7b2d7431c4284b590c7525e59ba61','MOSSO','rax:whales',0,0,'rax:whales',NULL,'1',' ',' ');
INSERT INTO `endpoint_rax` VALUES ('f797ff3dbd4742ed8eb923cfc82040f9','MOSSO','volume',0,0,'cloudBlockStorageHuddle48',NULL,NULL,NULL,NULL);
INSERT INTO `endpoint_rax` VALUES ('f98fdd3195f84aca8d83d8043019643d','NAST','rax:object-cdn',1,0,'cloudFilesCDN',NULL,NULL,NULL,NULL);
INSERT INTO `endpoint_rax` VALUES ('fad3787de9534f4b9bc06b0ee0e64a1a','NAST','object-store',1,0,'cloudFiles',NULL,NULL,NULL,NULL);
INSERT INTO `endpoint_rax` VALUES ('fbce3277f9d640d08bbf52274d32b662','MOSSO','volume',0,0,'cloudBlockStorageHuddle48',NULL,NULL,NULL,NULL);
INSERT INTO `endpoint_rax` VALUES ('fd79754fb5ee42378f42a81684438053','MOSSO','image',0,0,'cloudImages',NULL,NULL,NULL,NULL);
INSERT INTO `endpoint_rax` VALUES ('ffbf9a8649b54d0490923d63ca3481b8','NAST','object-store',1,0,'cloudFiles',NULL,NULL,NULL,NULL);

--
-- Dumping data for table `federated_role_rax`
--

INSERT INTO `federated_role_rax` VALUES ('44c0de65edb449e4955292a24e0b86d7','6','41fb727456aa4d90a17d3067fa8d0bdf','a45b14e394a57e3fd4e45d59ff3693ead204998b');
INSERT INTO `federated_role_rax` VALUES ('9c57bd47e0ae46a49394613da944ced3','2','41fb727456aa4d90a17d3067fa8d0bdf','bde1268ebabeeabb70a0e702a4626977c331d5c4');
INSERT INTO `federated_role_rax` VALUES ('d8a5c87a44454d8984a47117d2e4d02c','5','41fb727456aa4d90a17d3067fa8d0bdf','6047d506862b81d6d99273b4853adfe81e0478c1');

--
-- Dumping data for table `federated_role_tenant_membership_rax`
--

INSERT INTO `federated_role_tenant_membership_rax` VALUES ('44c0de65edb449e4955292a24e0b86d7','132885');
INSERT INTO `federated_role_tenant_membership_rax` VALUES ('d8a5c87a44454d8984a47117d2e4d02c','MossoCloudFS_132885');

--
-- Dumping data for table `federated_user_group_membership_rax`
--

INSERT INTO `federated_user_group_membership_rax` VALUES ('0','41fb727456aa4d90a17d3067fa8d0bdf');

--
-- Dumping data for table `federated_user_rax`
--

INSERT INTO `federated_user_rax` VALUES ('41fb727456aa4d90a17d3067fa8d0bdf','samlUserac1acb2af04b43fb9e4674dea554d245','federated@rackspace.com','ORD',NULL,NULL,NULL,'132885','http://test.rackspace.com');

--
-- Dumping data for table `federation_protocol`
--


--
-- Dumping data for table `group`
--

INSERT INTO `group` VALUES ('0','983452','Default','Default Limits','{}');
INSERT INTO `group` VALUES ('1','983452','rax_status_restricted','Terminator Rate Limit Group','{}');

--
-- Dumping data for table `id_mapping`
--


--
-- Dumping data for table `identity_provider`
--


--
-- Dumping data for table `identity_provider_domain_rax`
--


--
-- Dumping data for table `identity_provider_rax`
--

INSERT INTO `identity_provider_rax` VALUES ('dedicated','http://my.rackspace.com','Identity provider for dedicated','GLOBAL',NULL);
INSERT INTO `identity_provider_rax` VALUES ('identityqe','http://identityqe.rackspace.com','Identity provider for testing','GLOBAL',NULL);
INSERT INTO `identity_provider_rax` VALUES ('rackertest','http://racker.rackspace.com','Identity provider for racker testing',NULL,'RACKER');
INSERT INTO `identity_provider_rax` VALUES ('test','http://test.rackspace.com','Identity provider for testing','GLOBAL',NULL);

--
-- Dumping data for table `idp_remote_ids`
--


--
-- Dumping data for table `keyczar_metadata_rax`
--

INSERT INTO `keyczar_metadata_rax` VALUES ('meta','2014-11-13 19:55:19.000000','{\"name\":\"sessionId\",\"purpose\":\"DECRYPT_AND_ENCRYPT\",\"type\":\"AES\",\"versions\":[{\"exportable\":false,\"status\":\"PRIMARY\",\"versionNumber\":1},{\"exportable\":false,\"status\":\"ACTIVE\",\"versionNumber\":2}],\"encrypted\":false}');

--
-- Dumping data for table `keyczar_version_rax`
--

INSERT INTO `keyczar_version_rax` VALUES (1,'meta',NULL,NULL,'{\"aesKeyString\":\"NSPi6IekAxLHlJpmT7SXsg\",\"hmacKey\":{\"hmacKeyString\":\"NeVqkm1_ojpaOEm5zmi9X29tOHCXUtcHOOGE9puOapA\",\"size\":256},\"mode\":\"CBC\",\"size\":128}');
INSERT INTO `keyczar_version_rax` VALUES (2,'meta',NULL,NULL,'{\"aesKeyString\":\"WwIWqM26_FKKhK8rqcjH1Q\",\"hmacKey\":{\"hmacKeyString\":\"tMrQg7WmCD4SFESMe7JibSelESrhRXZb0Ua3k_WBV-A\",\"size\":256},\"mode\":\"CBC\",\"size\":128}');

--
-- Dumping data for table `mapping`
--


--
-- Dumping data for table `migrate_version`
--

INSERT INTO `migrate_version` VALUES ('keystone','/Users/robe4218/.pyenv/versions/keystone-migration/lib/python2.7/site-packages/keystone/common/sql/migrate_repo',85);

--
-- Dumping data for table `mobile_phone_rax`
--

INSERT INTO `mobile_phone_rax` VALUES ('fb6c00852e404263b745419dd761d968','+1 201-555-0104','+1 201-555-0104','DP1GRI1GJU52GWCOI2N6');

--
-- Dumping data for table `otp_device_rax`
--

INSERT INTO `otp_device_rax` VALUES ('c99c7d900a5448b5ab61a4edb625b1da','7fcb777308fa41219e300070a5ee4973',1,'Test OTP','cCjt0oQle4HWpQ87Yh+fW5jNdYg=');

--
-- Dumping data for table `pattern_rax`
--

INSERT INTO `pattern_rax` VALUES ('1','username','^[A-Za-z0-9][a-zA-Z0-9-_.@]*','Username must begin with an alphanumeric character, have no spaces, and only contain the following valid special characters: - _ . @','AlphaNumeric w/ some special characters (- | _ | @ | .)');
INSERT INTO `pattern_rax` VALUES ('2','phone','[0-9]*','Phone number has invalid characters.','Checks for invalid characters on a phone number.');
INSERT INTO `pattern_rax` VALUES ('3','password','^(?=.*\\d)(?=.*[a-z])(?=.*[A-Z])[a-zA-Z\\d=+`|\\(){}\\[\\]:;\"\'<>,.?/\\\\\\\\~!@#%^&$*_ -]{8,}$','Password must be at least 8 characters in length, must contain at least one uppercase letter, one lowercase letter, and one numeric character.','Checks for invalid characters on a phone number.');
INSERT INTO `pattern_rax` VALUES ('4','token','^[A-Za-z0-9-]+$','Invalid token','Checks for invalid characters on a token.');
INSERT INTO `pattern_rax` VALUES ('5','email','^[a-zA-Z0-9._%+-]+@[a-zA-Z0-9.-]+\\.[A-Za-z]+','Expecting valid email address','');

--
-- Dumping data for table `policy`
--


--
-- Dumping data for table `policy_association`
--


--
-- Dumping data for table `project`
--

INSERT INTO `project` VALUES ('132885','132885','{}',NULL,1,'132885',NULL,0);
INSERT INTO `project` VALUES ('32035123','32035123','{}',NULL,1,'32035123',NULL,0);
INSERT INTO `project` VALUES ('78543985','78543985','{}',NULL,1,'78543985',NULL,0);
INSERT INTO `project` VALUES ('78543987','78543987','{}',NULL,1,'78543987',NULL,0);
INSERT INTO `project` VALUES ('78543988','78543988','{}',NULL,1,'78543988',NULL,0);
INSERT INTO `project` VALUES ('78543990','78543990','{}',NULL,1,'78543990',NULL,0);
INSERT INTO `project` VALUES ('78543995','78543995','{}',NULL,1,'78543995',NULL,0);
INSERT INTO `project` VALUES ('983452','983452','{}',NULL,1,'983452',NULL,0);
INSERT INTO `project` VALUES ('identity','identity','{}',NULL,1,'983452',NULL,0);
INSERT INTO `project` VALUES ('MossoCloudFS_132885','MossoCloudFS_132885','{}',NULL,1,'132885',NULL,0);
INSERT INTO `project` VALUES ('MossoCloudFS_32035123','MossoCloudFS_32035123','{}',NULL,1,'32035123',NULL,0);
INSERT INTO `project` VALUES ('MossoCloudFS_78543985','MossoCloudFS_78543985','{}',NULL,1,'78543985',NULL,0);
INSERT INTO `project` VALUES ('MossoCloudFS_78543987','MossoCloudFS_78543987','{}',NULL,1,'78543987',NULL,0);
INSERT INTO `project` VALUES ('MossoCloudFS_78543988','MossoCloudFS_78543988','{}',NULL,1,'78543988',NULL,0);
INSERT INTO `project` VALUES ('MossoCloudFS_78543990','MossoCloudFS_78543990','{}',NULL,1,'78543990',NULL,0);
INSERT INTO `project` VALUES ('MossoCloudFS_78543995','MossoCloudFS_78543995','{}',NULL,1,'78543995',NULL,0);
INSERT INTO `project` VALUES ('StagingUS_ed361067-aebd-45b7-92a3-353edacb0e09','StagingUS_ed361067-aebd-45b7-92a3-353edacb0e09','{}',NULL,1,'983452',NULL,0);

--
-- Dumping data for table `project_endpoint`
--

INSERT INTO `project_endpoint` VALUES ('03c6b95e7b404f7b8662d192761907cc','MossoCloudFS_132885');
INSERT INTO `project_endpoint` VALUES ('03c6b95e7b404f7b8662d192761907cc','MossoCloudFS_32035123');
INSERT INTO `project_endpoint` VALUES ('03c6b95e7b404f7b8662d192761907cc','MossoCloudFS_78543985');
INSERT INTO `project_endpoint` VALUES ('03c6b95e7b404f7b8662d192761907cc','MossoCloudFS_78543987');
INSERT INTO `project_endpoint` VALUES ('03c6b95e7b404f7b8662d192761907cc','MossoCloudFS_78543988');
INSERT INTO `project_endpoint` VALUES ('03c6b95e7b404f7b8662d192761907cc','MossoCloudFS_78543990');
INSERT INTO `project_endpoint` VALUES ('03c6b95e7b404f7b8662d192761907cc','MossoCloudFS_78543995');
INSERT INTO `project_endpoint` VALUES ('03c6b95e7b404f7b8662d192761907cc','StagingUS_ed361067-aebd-45b7-92a3-353edacb0e09');
INSERT INTO `project_endpoint` VALUES ('0500e87698c54be4a70ebffc686b7d76','132885');
INSERT INTO `project_endpoint` VALUES ('0500e87698c54be4a70ebffc686b7d76','32035123');
INSERT INTO `project_endpoint` VALUES ('0500e87698c54be4a70ebffc686b7d76','78543985');
INSERT INTO `project_endpoint` VALUES ('0500e87698c54be4a70ebffc686b7d76','78543987');
INSERT INTO `project_endpoint` VALUES ('0500e87698c54be4a70ebffc686b7d76','78543988');
INSERT INTO `project_endpoint` VALUES ('0500e87698c54be4a70ebffc686b7d76','78543990');
INSERT INTO `project_endpoint` VALUES ('0500e87698c54be4a70ebffc686b7d76','78543995');
INSERT INTO `project_endpoint` VALUES ('0500e87698c54be4a70ebffc686b7d76','983452');
INSERT INTO `project_endpoint` VALUES ('270af536c0444ab1b14e94925c00c6c2','MossoCloudFS_132885');
INSERT INTO `project_endpoint` VALUES ('270af536c0444ab1b14e94925c00c6c2','MossoCloudFS_32035123');
INSERT INTO `project_endpoint` VALUES ('270af536c0444ab1b14e94925c00c6c2','MossoCloudFS_78543985');
INSERT INTO `project_endpoint` VALUES ('270af536c0444ab1b14e94925c00c6c2','MossoCloudFS_78543987');
INSERT INTO `project_endpoint` VALUES ('270af536c0444ab1b14e94925c00c6c2','MossoCloudFS_78543988');
INSERT INTO `project_endpoint` VALUES ('270af536c0444ab1b14e94925c00c6c2','MossoCloudFS_78543990');
INSERT INTO `project_endpoint` VALUES ('270af536c0444ab1b14e94925c00c6c2','MossoCloudFS_78543995');
INSERT INTO `project_endpoint` VALUES ('270af536c0444ab1b14e94925c00c6c2','StagingUS_ed361067-aebd-45b7-92a3-353edacb0e09');
INSERT INTO `project_endpoint` VALUES ('313475dfa076400a86803e9e8e49ec38','MossoCloudFS_132885');
INSERT INTO `project_endpoint` VALUES ('313475dfa076400a86803e9e8e49ec38','MossoCloudFS_32035123');
INSERT INTO `project_endpoint` VALUES ('313475dfa076400a86803e9e8e49ec38','MossoCloudFS_78543985');
INSERT INTO `project_endpoint` VALUES ('313475dfa076400a86803e9e8e49ec38','MossoCloudFS_78543987');
INSERT INTO `project_endpoint` VALUES ('313475dfa076400a86803e9e8e49ec38','MossoCloudFS_78543988');
INSERT INTO `project_endpoint` VALUES ('313475dfa076400a86803e9e8e49ec38','MossoCloudFS_78543990');
INSERT INTO `project_endpoint` VALUES ('313475dfa076400a86803e9e8e49ec38','MossoCloudFS_78543995');
INSERT INTO `project_endpoint` VALUES ('313475dfa076400a86803e9e8e49ec38','StagingUS_ed361067-aebd-45b7-92a3-353edacb0e09');
INSERT INTO `project_endpoint` VALUES ('366c3afe35f44c68abf352302ead3247','MossoCloudFS_132885');
INSERT INTO `project_endpoint` VALUES ('366c3afe35f44c68abf352302ead3247','MossoCloudFS_32035123');
INSERT INTO `project_endpoint` VALUES ('366c3afe35f44c68abf352302ead3247','MossoCloudFS_78543985');
INSERT INTO `project_endpoint` VALUES ('366c3afe35f44c68abf352302ead3247','MossoCloudFS_78543987');
INSERT INTO `project_endpoint` VALUES ('366c3afe35f44c68abf352302ead3247','MossoCloudFS_78543988');
INSERT INTO `project_endpoint` VALUES ('366c3afe35f44c68abf352302ead3247','MossoCloudFS_78543990');
INSERT INTO `project_endpoint` VALUES ('366c3afe35f44c68abf352302ead3247','MossoCloudFS_78543995');
INSERT INTO `project_endpoint` VALUES ('3d943644587b457ea2842c21fb8bb7e5','MossoCloudFS_132885');
INSERT INTO `project_endpoint` VALUES ('3d943644587b457ea2842c21fb8bb7e5','MossoCloudFS_32035123');
INSERT INTO `project_endpoint` VALUES ('3d943644587b457ea2842c21fb8bb7e5','MossoCloudFS_78543985');
INSERT INTO `project_endpoint` VALUES ('3d943644587b457ea2842c21fb8bb7e5','MossoCloudFS_78543987');
INSERT INTO `project_endpoint` VALUES ('3d943644587b457ea2842c21fb8bb7e5','MossoCloudFS_78543988');
INSERT INTO `project_endpoint` VALUES ('3d943644587b457ea2842c21fb8bb7e5','MossoCloudFS_78543990');
INSERT INTO `project_endpoint` VALUES ('3d943644587b457ea2842c21fb8bb7e5','MossoCloudFS_78543995');
INSERT INTO `project_endpoint` VALUES ('3d943644587b457ea2842c21fb8bb7e5','StagingUS_ed361067-aebd-45b7-92a3-353edacb0e09');
INSERT INTO `project_endpoint` VALUES ('4d12201a40f84206839ef0bd3606cd25','132885');
INSERT INTO `project_endpoint` VALUES ('4d12201a40f84206839ef0bd3606cd25','32035123');
INSERT INTO `project_endpoint` VALUES ('4d12201a40f84206839ef0bd3606cd25','78543985');
INSERT INTO `project_endpoint` VALUES ('4d12201a40f84206839ef0bd3606cd25','78543987');
INSERT INTO `project_endpoint` VALUES ('4d12201a40f84206839ef0bd3606cd25','78543988');
INSERT INTO `project_endpoint` VALUES ('4d12201a40f84206839ef0bd3606cd25','78543990');
INSERT INTO `project_endpoint` VALUES ('4d12201a40f84206839ef0bd3606cd25','78543995');
INSERT INTO `project_endpoint` VALUES ('4d12201a40f84206839ef0bd3606cd25','983452');
INSERT INTO `project_endpoint` VALUES ('4f00bb8167de4f42b861f9d34633f464','132885');
INSERT INTO `project_endpoint` VALUES ('4f00bb8167de4f42b861f9d34633f464','32035123');
INSERT INTO `project_endpoint` VALUES ('4f00bb8167de4f42b861f9d34633f464','78543985');
INSERT INTO `project_endpoint` VALUES ('4f00bb8167de4f42b861f9d34633f464','78543987');
INSERT INTO `project_endpoint` VALUES ('4f00bb8167de4f42b861f9d34633f464','78543988');
INSERT INTO `project_endpoint` VALUES ('4f00bb8167de4f42b861f9d34633f464','78543990');
INSERT INTO `project_endpoint` VALUES ('4f00bb8167de4f42b861f9d34633f464','78543995');
INSERT INTO `project_endpoint` VALUES ('4f00bb8167de4f42b861f9d34633f464','983452');
INSERT INTO `project_endpoint` VALUES ('4f42f6dcd7cd4020bef5aebab899e3fb','132885');
INSERT INTO `project_endpoint` VALUES ('4f42f6dcd7cd4020bef5aebab899e3fb','32035123');
INSERT INTO `project_endpoint` VALUES ('4f42f6dcd7cd4020bef5aebab899e3fb','78543985');
INSERT INTO `project_endpoint` VALUES ('4f42f6dcd7cd4020bef5aebab899e3fb','78543987');
INSERT INTO `project_endpoint` VALUES ('4f42f6dcd7cd4020bef5aebab899e3fb','78543988');
INSERT INTO `project_endpoint` VALUES ('4f42f6dcd7cd4020bef5aebab899e3fb','78543990');
INSERT INTO `project_endpoint` VALUES ('4f42f6dcd7cd4020bef5aebab899e3fb','78543995');
INSERT INTO `project_endpoint` VALUES ('4f42f6dcd7cd4020bef5aebab899e3fb','983452');
INSERT INTO `project_endpoint` VALUES ('55615751199549cbbc660a4c331f1b00','132885');
INSERT INTO `project_endpoint` VALUES ('55615751199549cbbc660a4c331f1b00','32035123');
INSERT INTO `project_endpoint` VALUES ('55615751199549cbbc660a4c331f1b00','78543985');
INSERT INTO `project_endpoint` VALUES ('55615751199549cbbc660a4c331f1b00','78543987');
INSERT INTO `project_endpoint` VALUES ('55615751199549cbbc660a4c331f1b00','78543988');
INSERT INTO `project_endpoint` VALUES ('55615751199549cbbc660a4c331f1b00','78543990');
INSERT INTO `project_endpoint` VALUES ('55615751199549cbbc660a4c331f1b00','78543995');
INSERT INTO `project_endpoint` VALUES ('55615751199549cbbc660a4c331f1b00','983452');
INSERT INTO `project_endpoint` VALUES ('76a61c018e3a49f8b6cb47a142312a6d','132885');
INSERT INTO `project_endpoint` VALUES ('76a61c018e3a49f8b6cb47a142312a6d','32035123');
INSERT INTO `project_endpoint` VALUES ('76a61c018e3a49f8b6cb47a142312a6d','78543985');
INSERT INTO `project_endpoint` VALUES ('76a61c018e3a49f8b6cb47a142312a6d','78543987');
INSERT INTO `project_endpoint` VALUES ('76a61c018e3a49f8b6cb47a142312a6d','78543988');
INSERT INTO `project_endpoint` VALUES ('76a61c018e3a49f8b6cb47a142312a6d','78543990');
INSERT INTO `project_endpoint` VALUES ('76a61c018e3a49f8b6cb47a142312a6d','78543995');
INSERT INTO `project_endpoint` VALUES ('76a61c018e3a49f8b6cb47a142312a6d','983452');
INSERT INTO `project_endpoint` VALUES ('95c5d49a4ba54cb8bc18a6e6d57c10b1','132885');
INSERT INTO `project_endpoint` VALUES ('95c5d49a4ba54cb8bc18a6e6d57c10b1','32035123');
INSERT INTO `project_endpoint` VALUES ('95c5d49a4ba54cb8bc18a6e6d57c10b1','78543985');
INSERT INTO `project_endpoint` VALUES ('95c5d49a4ba54cb8bc18a6e6d57c10b1','78543987');
INSERT INTO `project_endpoint` VALUES ('95c5d49a4ba54cb8bc18a6e6d57c10b1','78543988');
INSERT INTO `project_endpoint` VALUES ('95c5d49a4ba54cb8bc18a6e6d57c10b1','78543990');
INSERT INTO `project_endpoint` VALUES ('95c5d49a4ba54cb8bc18a6e6d57c10b1','78543995');
INSERT INTO `project_endpoint` VALUES ('95c5d49a4ba54cb8bc18a6e6d57c10b1','983452');
INSERT INTO `project_endpoint` VALUES ('973ab00f66974c69a68d711a841e5025','132885');
INSERT INTO `project_endpoint` VALUES ('973ab00f66974c69a68d711a841e5025','32035123');
INSERT INTO `project_endpoint` VALUES ('973ab00f66974c69a68d711a841e5025','78543985');
INSERT INTO `project_endpoint` VALUES ('973ab00f66974c69a68d711a841e5025','78543987');
INSERT INTO `project_endpoint` VALUES ('973ab00f66974c69a68d711a841e5025','78543988');
INSERT INTO `project_endpoint` VALUES ('973ab00f66974c69a68d711a841e5025','78543990');
INSERT INTO `project_endpoint` VALUES ('973ab00f66974c69a68d711a841e5025','78543995');
INSERT INTO `project_endpoint` VALUES ('b71fb4eea542475f83c54772cc4ceb6c','MossoCloudFS_132885');
INSERT INTO `project_endpoint` VALUES ('b71fb4eea542475f83c54772cc4ceb6c','MossoCloudFS_32035123');
INSERT INTO `project_endpoint` VALUES ('b71fb4eea542475f83c54772cc4ceb6c','MossoCloudFS_78543985');
INSERT INTO `project_endpoint` VALUES ('b71fb4eea542475f83c54772cc4ceb6c','MossoCloudFS_78543987');
INSERT INTO `project_endpoint` VALUES ('b71fb4eea542475f83c54772cc4ceb6c','MossoCloudFS_78543988');
INSERT INTO `project_endpoint` VALUES ('b71fb4eea542475f83c54772cc4ceb6c','MossoCloudFS_78543990');
INSERT INTO `project_endpoint` VALUES ('b71fb4eea542475f83c54772cc4ceb6c','MossoCloudFS_78543995');
INSERT INTO `project_endpoint` VALUES ('b71fb4eea542475f83c54772cc4ceb6c','StagingUS_ed361067-aebd-45b7-92a3-353edacb0e09');
INSERT INTO `project_endpoint` VALUES ('bbc6853c258849a699c68da6c638c815','132885');
INSERT INTO `project_endpoint` VALUES ('bbc6853c258849a699c68da6c638c815','32035123');
INSERT INTO `project_endpoint` VALUES ('bbc6853c258849a699c68da6c638c815','78543985');
INSERT INTO `project_endpoint` VALUES ('bbc6853c258849a699c68da6c638c815','78543987');
INSERT INTO `project_endpoint` VALUES ('bbc6853c258849a699c68da6c638c815','78543988');
INSERT INTO `project_endpoint` VALUES ('bbc6853c258849a699c68da6c638c815','78543990');
INSERT INTO `project_endpoint` VALUES ('bbc6853c258849a699c68da6c638c815','78543995');
INSERT INTO `project_endpoint` VALUES ('c923553811df4c48b7f6d5c404e27261','132885');
INSERT INTO `project_endpoint` VALUES ('c923553811df4c48b7f6d5c404e27261','32035123');
INSERT INTO `project_endpoint` VALUES ('c923553811df4c48b7f6d5c404e27261','78543985');
INSERT INTO `project_endpoint` VALUES ('c923553811df4c48b7f6d5c404e27261','78543987');
INSERT INTO `project_endpoint` VALUES ('c923553811df4c48b7f6d5c404e27261','78543988');
INSERT INTO `project_endpoint` VALUES ('c923553811df4c48b7f6d5c404e27261','78543990');
INSERT INTO `project_endpoint` VALUES ('c923553811df4c48b7f6d5c404e27261','78543995');
INSERT INTO `project_endpoint` VALUES ('c923553811df4c48b7f6d5c404e27261','983452');
INSERT INTO `project_endpoint` VALUES ('cbc3c3e796c14e11a895f7a030251418','MossoCloudFS_132885');
INSERT INTO `project_endpoint` VALUES ('cbc3c3e796c14e11a895f7a030251418','MossoCloudFS_32035123');
INSERT INTO `project_endpoint` VALUES ('cbc3c3e796c14e11a895f7a030251418','MossoCloudFS_78543985');
INSERT INTO `project_endpoint` VALUES ('cbc3c3e796c14e11a895f7a030251418','MossoCloudFS_78543987');
INSERT INTO `project_endpoint` VALUES ('cbc3c3e796c14e11a895f7a030251418','MossoCloudFS_78543988');
INSERT INTO `project_endpoint` VALUES ('cbc3c3e796c14e11a895f7a030251418','MossoCloudFS_78543990');
INSERT INTO `project_endpoint` VALUES ('cbc3c3e796c14e11a895f7a030251418','MossoCloudFS_78543995');
INSERT INTO `project_endpoint` VALUES ('cbc3c3e796c14e11a895f7a030251418','StagingUS_ed361067-aebd-45b7-92a3-353edacb0e09');
INSERT INTO `project_endpoint` VALUES ('d3da5362812b43f78ca5f0ec5b8b3184','132885');
INSERT INTO `project_endpoint` VALUES ('d3da5362812b43f78ca5f0ec5b8b3184','32035123');
INSERT INTO `project_endpoint` VALUES ('d3da5362812b43f78ca5f0ec5b8b3184','78543985');
INSERT INTO `project_endpoint` VALUES ('d3da5362812b43f78ca5f0ec5b8b3184','78543987');
INSERT INTO `project_endpoint` VALUES ('d3da5362812b43f78ca5f0ec5b8b3184','78543988');
INSERT INTO `project_endpoint` VALUES ('d3da5362812b43f78ca5f0ec5b8b3184','78543990');
INSERT INTO `project_endpoint` VALUES ('d3da5362812b43f78ca5f0ec5b8b3184','78543995');
INSERT INTO `project_endpoint` VALUES ('d3da5362812b43f78ca5f0ec5b8b3184','983452');
INSERT INTO `project_endpoint` VALUES ('f98fdd3195f84aca8d83d8043019643d','MossoCloudFS_132885');
INSERT INTO `project_endpoint` VALUES ('f98fdd3195f84aca8d83d8043019643d','MossoCloudFS_32035123');
INSERT INTO `project_endpoint` VALUES ('f98fdd3195f84aca8d83d8043019643d','MossoCloudFS_78543985');
INSERT INTO `project_endpoint` VALUES ('f98fdd3195f84aca8d83d8043019643d','MossoCloudFS_78543987');
INSERT INTO `project_endpoint` VALUES ('f98fdd3195f84aca8d83d8043019643d','MossoCloudFS_78543988');
INSERT INTO `project_endpoint` VALUES ('f98fdd3195f84aca8d83d8043019643d','MossoCloudFS_78543990');
INSERT INTO `project_endpoint` VALUES ('f98fdd3195f84aca8d83d8043019643d','MossoCloudFS_78543995');
INSERT INTO `project_endpoint` VALUES ('f98fdd3195f84aca8d83d8043019643d','StagingUS_ed361067-aebd-45b7-92a3-353edacb0e09');
INSERT INTO `project_endpoint` VALUES ('fad3787de9534f4b9bc06b0ee0e64a1a','MossoCloudFS_132885');
INSERT INTO `project_endpoint` VALUES ('fad3787de9534f4b9bc06b0ee0e64a1a','MossoCloudFS_32035123');
INSERT INTO `project_endpoint` VALUES ('fad3787de9534f4b9bc06b0ee0e64a1a','MossoCloudFS_78543985');
INSERT INTO `project_endpoint` VALUES ('fad3787de9534f4b9bc06b0ee0e64a1a','MossoCloudFS_78543987');
INSERT INTO `project_endpoint` VALUES ('fad3787de9534f4b9bc06b0ee0e64a1a','MossoCloudFS_78543988');
INSERT INTO `project_endpoint` VALUES ('fad3787de9534f4b9bc06b0ee0e64a1a','MossoCloudFS_78543990');
INSERT INTO `project_endpoint` VALUES ('fad3787de9534f4b9bc06b0ee0e64a1a','MossoCloudFS_78543995');
INSERT INTO `project_endpoint` VALUES ('fad3787de9534f4b9bc06b0ee0e64a1a','StagingUS_ed361067-aebd-45b7-92a3-353edacb0e09');

--
-- Dumping data for table `project_endpoint_group`
--


--
-- Dumping data for table `project_endpoint_rax`
--

INSERT INTO `project_endpoint_rax` VALUES ('0500e87698c54be4a70ebffc686b7d76','132885');
INSERT INTO `project_endpoint_rax` VALUES ('0500e87698c54be4a70ebffc686b7d76','32035123');
INSERT INTO `project_endpoint_rax` VALUES ('0500e87698c54be4a70ebffc686b7d76','78543985');
INSERT INTO `project_endpoint_rax` VALUES ('0500e87698c54be4a70ebffc686b7d76','78543987');
INSERT INTO `project_endpoint_rax` VALUES ('0500e87698c54be4a70ebffc686b7d76','78543988');
INSERT INTO `project_endpoint_rax` VALUES ('0500e87698c54be4a70ebffc686b7d76','78543990');
INSERT INTO `project_endpoint_rax` VALUES ('0500e87698c54be4a70ebffc686b7d76','78543995');
INSERT INTO `project_endpoint_rax` VALUES ('0500e87698c54be4a70ebffc686b7d76','983452');
INSERT INTO `project_endpoint_rax` VALUES ('313475dfa076400a86803e9e8e49ec38','MossoCloudFS_132885');
INSERT INTO `project_endpoint_rax` VALUES ('313475dfa076400a86803e9e8e49ec38','MossoCloudFS_32035123');
INSERT INTO `project_endpoint_rax` VALUES ('313475dfa076400a86803e9e8e49ec38','MossoCloudFS_78543985');
INSERT INTO `project_endpoint_rax` VALUES ('313475dfa076400a86803e9e8e49ec38','MossoCloudFS_78543987');
INSERT INTO `project_endpoint_rax` VALUES ('313475dfa076400a86803e9e8e49ec38','MossoCloudFS_78543988');
INSERT INTO `project_endpoint_rax` VALUES ('313475dfa076400a86803e9e8e49ec38','MossoCloudFS_78543990');
INSERT INTO `project_endpoint_rax` VALUES ('313475dfa076400a86803e9e8e49ec38','MossoCloudFS_78543995');
INSERT INTO `project_endpoint_rax` VALUES ('313475dfa076400a86803e9e8e49ec38','StagingUS_ed361067-aebd-45b7-92a3-353edacb0e09');
INSERT INTO `project_endpoint_rax` VALUES ('3d943644587b457ea2842c21fb8bb7e5','MossoCloudFS_132885');
INSERT INTO `project_endpoint_rax` VALUES ('3d943644587b457ea2842c21fb8bb7e5','MossoCloudFS_32035123');
INSERT INTO `project_endpoint_rax` VALUES ('3d943644587b457ea2842c21fb8bb7e5','MossoCloudFS_78543985');
INSERT INTO `project_endpoint_rax` VALUES ('3d943644587b457ea2842c21fb8bb7e5','MossoCloudFS_78543987');
INSERT INTO `project_endpoint_rax` VALUES ('3d943644587b457ea2842c21fb8bb7e5','MossoCloudFS_78543988');
INSERT INTO `project_endpoint_rax` VALUES ('3d943644587b457ea2842c21fb8bb7e5','MossoCloudFS_78543990');
INSERT INTO `project_endpoint_rax` VALUES ('3d943644587b457ea2842c21fb8bb7e5','MossoCloudFS_78543995');
INSERT INTO `project_endpoint_rax` VALUES ('3d943644587b457ea2842c21fb8bb7e5','StagingUS_ed361067-aebd-45b7-92a3-353edacb0e09');
INSERT INTO `project_endpoint_rax` VALUES ('95c5d49a4ba54cb8bc18a6e6d57c10b1','132885');
INSERT INTO `project_endpoint_rax` VALUES ('95c5d49a4ba54cb8bc18a6e6d57c10b1','32035123');
INSERT INTO `project_endpoint_rax` VALUES ('95c5d49a4ba54cb8bc18a6e6d57c10b1','78543985');
INSERT INTO `project_endpoint_rax` VALUES ('95c5d49a4ba54cb8bc18a6e6d57c10b1','78543987');
INSERT INTO `project_endpoint_rax` VALUES ('95c5d49a4ba54cb8bc18a6e6d57c10b1','78543988');
INSERT INTO `project_endpoint_rax` VALUES ('95c5d49a4ba54cb8bc18a6e6d57c10b1','78543990');
INSERT INTO `project_endpoint_rax` VALUES ('95c5d49a4ba54cb8bc18a6e6d57c10b1','78543995');
INSERT INTO `project_endpoint_rax` VALUES ('95c5d49a4ba54cb8bc18a6e6d57c10b1','983452');
INSERT INTO `project_endpoint_rax` VALUES ('f98fdd3195f84aca8d83d8043019643d','MossoCloudFS_132885');
INSERT INTO `project_endpoint_rax` VALUES ('f98fdd3195f84aca8d83d8043019643d','MossoCloudFS_32035123');
INSERT INTO `project_endpoint_rax` VALUES ('f98fdd3195f84aca8d83d8043019643d','MossoCloudFS_78543985');
INSERT INTO `project_endpoint_rax` VALUES ('f98fdd3195f84aca8d83d8043019643d','MossoCloudFS_78543987');
INSERT INTO `project_endpoint_rax` VALUES ('f98fdd3195f84aca8d83d8043019643d','MossoCloudFS_78543988');
INSERT INTO `project_endpoint_rax` VALUES ('f98fdd3195f84aca8d83d8043019643d','MossoCloudFS_78543990');
INSERT INTO `project_endpoint_rax` VALUES ('f98fdd3195f84aca8d83d8043019643d','MossoCloudFS_78543995');
INSERT INTO `project_endpoint_rax` VALUES ('f98fdd3195f84aca8d83d8043019643d','StagingUS_ed361067-aebd-45b7-92a3-353edacb0e09');
INSERT INTO `project_endpoint_rax` VALUES ('fad3787de9534f4b9bc06b0ee0e64a1a','MossoCloudFS_132885');
INSERT INTO `project_endpoint_rax` VALUES ('fad3787de9534f4b9bc06b0ee0e64a1a','MossoCloudFS_32035123');
INSERT INTO `project_endpoint_rax` VALUES ('fad3787de9534f4b9bc06b0ee0e64a1a','MossoCloudFS_78543985');
INSERT INTO `project_endpoint_rax` VALUES ('fad3787de9534f4b9bc06b0ee0e64a1a','MossoCloudFS_78543987');
INSERT INTO `project_endpoint_rax` VALUES ('fad3787de9534f4b9bc06b0ee0e64a1a','MossoCloudFS_78543988');
INSERT INTO `project_endpoint_rax` VALUES ('fad3787de9534f4b9bc06b0ee0e64a1a','MossoCloudFS_78543990');
INSERT INTO `project_endpoint_rax` VALUES ('fad3787de9534f4b9bc06b0ee0e64a1a','MossoCloudFS_78543995');
INSERT INTO `project_endpoint_rax` VALUES ('fad3787de9534f4b9bc06b0ee0e64a1a','StagingUS_ed361067-aebd-45b7-92a3-353edacb0e09');

--
-- Dumping data for table `property_rax`
--

INSERT INTO `property_rax` VALUES ('encryptionVersionId','0');

--
-- Dumping data for table `question_rax`
--

INSERT INTO `question_rax` VALUES ('1','What is the location of a dream vacation?');
INSERT INTO `question_rax` VALUES ('2','Where is the best place to live?');
INSERT INTO `question_rax` VALUES ('3','What is your favorite book?');
INSERT INTO `question_rax` VALUES ('4','What is your favorite color?');
INSERT INTO `question_rax` VALUES ('5','Who let the dogs out?');
INSERT INTO `question_rax` VALUES ('6','What is your pass phrase?');

--
-- Dumping data for table `region`
--

INSERT INTO `region` VALUES ('DEFAULT','',NULL,'{}');
INSERT INTO `region` VALUES ('DFW','',NULL,'{}');
INSERT INTO `region` VALUES ('IAD','',NULL,'{}');
INSERT INTO `region` VALUES ('LON','',NULL,'{}');
INSERT INTO `region` VALUES ('ORD','',NULL,'{}');

--
-- Dumping data for table `region_rax`
--

INSERT INTO `region_rax` VALUES ('DEFAULT',1,'US',0);
INSERT INTO `region_rax` VALUES ('DFW',1,'US',0);
INSERT INTO `region_rax` VALUES ('IAD',1,'US',0);
INSERT INTO `region_rax` VALUES ('LON',1,'UK',1);
INSERT INTO `region_rax` VALUES ('ORD',1,'US',1);

--
-- Dumping data for table `request_token`
--


--
-- Dumping data for table `revocation_event`
--


--
-- Dumping data for table `revocation_event_authenticated_by_rax`
--


--
-- Dumping data for table `revocation_event_token_rax`
--


--
-- Dumping data for table `role`
--

INSERT INTO `role` VALUES ('1','identity:admin','{}');
INSERT INTO `role` VALUES ('10','Super Admin','{}');
INSERT INTO `role` VALUES ('10010175','nova:observer','{}');
INSERT INTO `role` VALUES ('10010176','nova:creator','{}');
INSERT INTO `role` VALUES ('10053953','Role 100','{}');
INSERT INTO `role` VALUES ('10053954','Role 500','{}');
INSERT INTO `role` VALUES ('10053955','Role 1000','{}');
INSERT INTO `role` VALUES ('10053956','Role 2000','{}');
INSERT INTO `role` VALUES ('11','Customer Admin','{}');
INSERT INTO `role` VALUES ('12','identity:validate-token-global','{}');
INSERT INTO `role` VALUES ('122776','rbacRole2','{}');
INSERT INTO `role` VALUES ('13','identity:get-token-endpoint-global','{}');
INSERT INTO `role` VALUES ('14','identity:get-user-roles-global','{}');
INSERT INTO `role` VALUES ('15','identity:get-user-groups-global','{}');
INSERT INTO `role` VALUES ('16','identity:repose-standard','{}');
INSERT INTO `role` VALUES ('175f0c9040924c14a9aad81b7a3ec222','identity:purge-federated','{}');
INSERT INTO `role` VALUES ('2','identity:default','{}');
INSERT INTO `role` VALUES ('22776','rbacRole1','{}');
INSERT INTO `role` VALUES ('249','rax_managed','{}');
INSERT INTO `role` VALUES ('250','rack_connect','{}');
INSERT INTO `role` VALUES ('3','identity:user-admin','{}');
INSERT INTO `role` VALUES ('4','identity:service-admin','{}');
INSERT INTO `role` VALUES ('5','object-store:default','{}');
INSERT INTO `role` VALUES ('6','compute:default','{}');
INSERT INTO `role` VALUES ('7','identity:user-manage','{}');
INSERT INTO `role` VALUES ('8','identity:multifactor_beta','{}');
INSERT INTO `role` VALUES ('8470c459cfa043ef989976a66ba4d74e','identity:identity-provider-manager','{}');
INSERT INTO `role` VALUES ('9','Racker','{}');

--
-- Dumping data for table `role_rax`
--

INSERT INTO `role_rax` VALUES ('1','Admin Role.',100,0,'bde1268ebabeeabb70a0e702a4626977c331d5c4');
INSERT INTO `role_rax` VALUES ('10','A role that allows a user/application full access to Global Auth',0,0,'18e7a7032733486cd32f472d7bd58f709ac0d221');
INSERT INTO `role_rax` VALUES ('10010175','Nova Observer Role for Account User',1000,0,'bde1268ebabeeabb70a0e702a4626977c331d5c4');
INSERT INTO `role_rax` VALUES ('10010176','Nova Creator Role for Account User',1000,0,'bde1268ebabeeabb70a0e702a4626977c331d5c4');
INSERT INTO `role_rax` VALUES ('10053953','Role for testing',100,0,'bde1268ebabeeabb70a0e702a4626977c331d5c4');
INSERT INTO `role_rax` VALUES ('10053954','Role for testing',500,0,'bde1268ebabeeabb70a0e702a4626977c331d5c4');
INSERT INTO `role_rax` VALUES ('10053955','Role for testing',1000,0,'bde1268ebabeeabb70a0e702a4626977c331d5c4');
INSERT INTO `role_rax` VALUES ('10053956','Role for testing',2000,0,'bde1268ebabeeabb70a0e702a4626977c331d5c4');
INSERT INTO `role_rax` VALUES ('11','A Role that allows a user to Admin other users in his customer',1000,0,'18e7a7032733486cd32f472d7bd58f709ac0d221');
INSERT INTO `role_rax` VALUES ('12','Role to allow validation of any token',50,0,'bde1268ebabeeabb70a0e702a4626977c331d5c4');
INSERT INTO `role_rax` VALUES ('122776','A random rbac role part II',1000,0,'bde1268ebabeeabb70a0e702a4626977c331d5c4');
INSERT INTO `role_rax` VALUES ('13','Role to allow a user to get the endpoints related to any token',50,0,'bde1268ebabeeabb70a0e702a4626977c331d5c4');
INSERT INTO `role_rax` VALUES ('14','Role to allow a user to get the roles of any other user',50,0,'bde1268ebabeeabb70a0e702a4626977c331d5c4');
INSERT INTO `role_rax` VALUES ('15','Role to allow a user to get the groups of any other user',50,0,'bde1268ebabeeabb70a0e702a4626977c331d5c4');
INSERT INTO `role_rax` VALUES ('16','Role for repose users that allows them to use the standard repose required calls within identity',50,0,'bde1268ebabeeabb70a0e702a4626977c331d5c4');
INSERT INTO `role_rax` VALUES ('175f0c9040924c14a9aad81b7a3ec222','Federation deletion',50,0,'bde1268ebabeeabb70a0e702a4626977c331d5c4');
INSERT INTO `role_rax` VALUES ('2','Default Role.',2000,0,'bde1268ebabeeabb70a0e702a4626977c331d5c4');
INSERT INTO `role_rax` VALUES ('22776','A random rbac role',1000,0,'bde1268ebabeeabb70a0e702a4626977c331d5c4');
INSERT INTO `role_rax` VALUES ('249','Rackspace Managed Cloud Customer',500,1,'bde1268ebabeeabb70a0e702a4626977c331d5c4');
INSERT INTO `role_rax` VALUES ('250','Rackspace RackConnect Customer',500,1,'bde1268ebabeeabb70a0e702a4626977c331d5c4');
INSERT INTO `role_rax` VALUES ('3','User Admin Role.',750,0,'bde1268ebabeeabb70a0e702a4626977c331d5c4');
INSERT INTO `role_rax` VALUES ('4','Super Admin Role.',0,0,'bde1268ebabeeabb70a0e702a4626977c331d5c4');
INSERT INTO `role_rax` VALUES ('5','A Role that allows a user access to keystone Service methods',500,1,'6047d506862b81d6d99273b4853adfe81e0478c1');
INSERT INTO `role_rax` VALUES ('6','A Role that allows a user access to keystone Service methods',500,1,'a45b14e394a57e3fd4e45d59ff3693ead204998b');
INSERT INTO `role_rax` VALUES ('7','User manage role',900,0,'bde1268ebabeeabb70a0e702a4626977c331d5c4');
INSERT INTO `role_rax` VALUES ('8','Multi-Factor BETA',500,0,'bde1268ebabeeabb70a0e702a4626977c331d5c4');
INSERT INTO `role_rax` VALUES ('8470c459cfa043ef989976a66ba4d74e','Identity Provider Manager',50,0,'bde1268ebabeeabb70a0e702a4626977c331d5c4');
INSERT INTO `role_rax` VALUES ('9','Defines a user as being a Racker',100,0,'18e7a7032733486cd32f472d7bd58f709ac0d221');

--
-- Dumping data for table `sensitive_config`
--


--
-- Dumping data for table `service`
--

INSERT INTO `service` VALUES ('02aec197e76448b6b3730725ccbc2c3c','undefined',1,'{\"name\": \"cloudImagesPreprod\"}');
INSERT INTO `service` VALUES ('09ca2c9b733e4ce38a31116f9e94c020','rax:customer',1,'{\"name\": \"CustomerService\"}');
INSERT INTO `service` VALUES ('18e7a7032733486cd32f472d7bd58f709ac0d221','identity',1,'{\"name\": \"Customer Idm\", \"description\": \"Our description here ...\"}');
INSERT INTO `service` VALUES ('20f6cc8ab08c45e39ca153218f22280d','volume',1,'{\"name\": \"cloudBlockStorageQE\"}');
INSERT INTO `service` VALUES ('23f724d4470b4c32899127939f911113','compute',1,'{\"name\": \"Compute\"}');
INSERT INTO `service` VALUES ('2673429b4a72498088392e838c962b5f','rax:biling',1,'{\"name\": \"BillingService\"}');
INSERT INTO `service` VALUES ('3b0b5431f4e846438fbcfd8f1f893629','rax:load-balancer',1,'{\"name\": \"cloudLoadBalancers\"}');
INSERT INTO `service` VALUES ('3b324c9c30ba4f2a8d2f8e14e2cea5f0','undefined',1,'{\"name\": \"cloudImages\"}');
INSERT INTO `service` VALUES ('406983bf5a4248c9ba3a430c764be912','volume',1,'{\"name\": \"cloudVolumeCBSPreview\"}');
INSERT INTO `service` VALUES ('41779496f06c4cd4a4ae9d60655a3b2c','image',1,'{\"name\": \"cloudImagesPublicPreprod\"}');
INSERT INTO `service` VALUES ('4864112ffb4f49fe9de5ad3ce50eba8f','rax:whales',1,'{\"name\": \"rax:whales\"}');
INSERT INTO `service` VALUES ('4fb10470a0e1423b80848ac6e115b4ec','image',1,'{\"name\": \"cloudImages\"}');
INSERT INTO `service` VALUES ('500095b376214c78bd53e3397e8e538b','image',1,'{\"name\": \"cloudImagesPreprod\"}');
INSERT INTO `service` VALUES ('502bef771ca24744a948596bcb99530c','undefined',1,'{\"name\": \"cloudServersOpenStack\"}');
INSERT INTO `service` VALUES ('5cae4c279ff54aeb8589d5fdc24a48df','undefined',1,'{\"name\": \"admin-Mix\"}');
INSERT INTO `service` VALUES ('6047d506862b81d6d99273b4853adfe81e0478c1','object-store',1,'{\"name\": \"cloudFiles\"}');
INSERT INTO `service` VALUES ('613ab2dd9e314ae0854933286cd4c8c1','undefined',1,'{\"name\": \"cloudServersPreprod\"}');
INSERT INTO `service` VALUES ('6598b4f12aa64adab079f346125ad425','volume',1,'{\"name\": \"cloudBlockStorage\"}');
INSERT INTO `service` VALUES ('6ae999552a0d2dca14d62e2bc8b764d377b1dd6c','identity',0,'{\"name\": \"Identity Global Roles\", \"description\": \"Identity Global Roles\"}');
INSERT INTO `service` VALUES ('70cd7894ac644f83bef3e8fe97684581','compute',1,'{\"name\": \"cloudServersPreprod\"}');
INSERT INTO `service` VALUES ('72a4100ec2a641399a3938fba7141c69','rax:incident',1,'{\"name\": \"IncidentService\"}');
INSERT INTO `service` VALUES ('778280ee70664371a0100a1938d8dafe','compute',1,'{\"name\": \"cloudServersOpenStack\"}');
INSERT INTO `service` VALUES ('79964ea548f747f2932ade27a4692b7a','compute',1,'{\"name\": \"openstackHuddle48\"}');
INSERT INTO `service` VALUES ('7cc417f495c64430828309588dad7393','rax:database',1,'{\"name\": \"cloudDatabases\"}');
INSERT INTO `service` VALUES ('810955c3e53342a3b8a72034e4c312d1','compute',1,'{\"name\": \"cloudServersOpenStackPreview\"}');
INSERT INTO `service` VALUES ('8bcc248d64274b758871d6982fb3bd3b','rax:usage',1,'{\"name\": \"UsageService\"}');
INSERT INTO `service` VALUES ('92aec25366af45b58adef9329f8b9da3','compute',1,'{\"name\": \"cloudServersPreview\"}');
INSERT INTO `service` VALUES ('92f71b49fc774e3093808e30d9b999cb','rax:monitor',1,'{\"name\": \"cloudMonitoring\"}');
INSERT INTO `service` VALUES ('959f12e90eb14309ac43f5b102dd9a1f','compute',1,'{\"name\": \"cloudServersPreprodAdmin\"}');
INSERT INTO `service` VALUES ('9db754ac79c2438a872b3386faeb6822','volume',1,'{\"name\": \"cloudBlockStorageHuddle48\"}');
INSERT INTO `service` VALUES ('9e1adf6284ac4599a67a82f3d0aa116e','rax:object-cdn',1,'{\"name\": \"cloudFilesCDN\"}');
INSERT INTO `service` VALUES ('a45b14e394a57e3fd4e45d59ff3693ead204998b','compute',1,'{\"name\": \"cloudServers\"}');
INSERT INTO `service` VALUES ('b1b53e09b2cc4b2d96a7a470f7566774','volume',1,'{\"name\": \"cloudBlockStoragePreprod\"}');
INSERT INTO `service` VALUES ('bb234657064a419ba20cc25e86a52cc9','volume',1,'{\"name\": \"cloudBlockStoragePreview\"}');
INSERT INTO `service` VALUES ('bcf53d061ef545149f577fd9682dd3cb','rax:dns',1,'{\"name\": \"cloudDNS\"}');
INSERT INTO `service` VALUES ('bde1268ebabeeabb70a0e702a4626977c331d5c4','identity',1,'{\"name\": \"Cloud Auth Service\"}');
INSERT INTO `service` VALUES ('c47fbdd0032e465d8809aee5efe3724b','cloudServers',1,'{\"name\": \"test\"}');
INSERT INTO `service` VALUES ('cebeb660339e41fe9cab4ed3ff061a6c','undefined',1,'{\"name\": \"all-urls\"}');
INSERT INTO `service` VALUES ('dd4054bb620a4a4ab6d6a8cd10d13c41','undefined',1,'{\"name\": \"admin-Only\"}');
INSERT INTO `service` VALUES ('e07bed78618f4df997a5c1d3020578eb','compute',1,'{\"name\": \"cloudServersCBSPreview\"}');
INSERT INTO `service` VALUES ('e5095fa908084151a4032c3eead377f4','image',1,'{\"name\": \"cloudImagesHuddle48\"}');

--
-- Dumping data for table `service_provider`
--


--
-- Dumping data for table `service_rax`
--

INSERT INTO `service_rax` VALUES ('02aec197e76448b6b3730725ccbc2c3c',0);
INSERT INTO `service_rax` VALUES ('09ca2c9b733e4ce38a31116f9e94c020',0);
INSERT INTO `service_rax` VALUES ('18e7a7032733486cd32f472d7bd58f709ac0d221',0);
INSERT INTO `service_rax` VALUES ('20f6cc8ab08c45e39ca153218f22280d',0);
INSERT INTO `service_rax` VALUES ('23f724d4470b4c32899127939f911113',0);
INSERT INTO `service_rax` VALUES ('2673429b4a72498088392e838c962b5f',0);
INSERT INTO `service_rax` VALUES ('3b0b5431f4e846438fbcfd8f1f893629',0);
INSERT INTO `service_rax` VALUES ('3b324c9c30ba4f2a8d2f8e14e2cea5f0',0);
INSERT INTO `service_rax` VALUES ('406983bf5a4248c9ba3a430c764be912',0);
INSERT INTO `service_rax` VALUES ('41779496f06c4cd4a4ae9d60655a3b2c',0);
INSERT INTO `service_rax` VALUES ('4864112ffb4f49fe9de5ad3ce50eba8f',0);
INSERT INTO `service_rax` VALUES ('4fb10470a0e1423b80848ac6e115b4ec',0);
INSERT INTO `service_rax` VALUES ('500095b376214c78bd53e3397e8e538b',0);
INSERT INTO `service_rax` VALUES ('502bef771ca24744a948596bcb99530c',0);
INSERT INTO `service_rax` VALUES ('5cae4c279ff54aeb8589d5fdc24a48df',0);
INSERT INTO `service_rax` VALUES ('6047d506862b81d6d99273b4853adfe81e0478c1',0);
INSERT INTO `service_rax` VALUES ('613ab2dd9e314ae0854933286cd4c8c1',0);
INSERT INTO `service_rax` VALUES ('6598b4f12aa64adab079f346125ad425',0);
INSERT INTO `service_rax` VALUES ('6ae999552a0d2dca14d62e2bc8b764d377b1dd6c',0);
INSERT INTO `service_rax` VALUES ('70cd7894ac644f83bef3e8fe97684581',0);
INSERT INTO `service_rax` VALUES ('72a4100ec2a641399a3938fba7141c69',0);
INSERT INTO `service_rax` VALUES ('778280ee70664371a0100a1938d8dafe',0);
INSERT INTO `service_rax` VALUES ('79964ea548f747f2932ade27a4692b7a',0);
INSERT INTO `service_rax` VALUES ('7cc417f495c64430828309588dad7393',0);
INSERT INTO `service_rax` VALUES ('810955c3e53342a3b8a72034e4c312d1',0);
INSERT INTO `service_rax` VALUES ('8bcc248d64274b758871d6982fb3bd3b',0);
INSERT INTO `service_rax` VALUES ('92aec25366af45b58adef9329f8b9da3',0);
INSERT INTO `service_rax` VALUES ('92f71b49fc774e3093808e30d9b999cb',0);
INSERT INTO `service_rax` VALUES ('959f12e90eb14309ac43f5b102dd9a1f',0);
INSERT INTO `service_rax` VALUES ('9db754ac79c2438a872b3386faeb6822',0);
INSERT INTO `service_rax` VALUES ('9e1adf6284ac4599a67a82f3d0aa116e',0);
INSERT INTO `service_rax` VALUES ('a45b14e394a57e3fd4e45d59ff3693ead204998b',0);
INSERT INTO `service_rax` VALUES ('b1b53e09b2cc4b2d96a7a470f7566774',0);
INSERT INTO `service_rax` VALUES ('bb234657064a419ba20cc25e86a52cc9',0);
INSERT INTO `service_rax` VALUES ('bcf53d061ef545149f577fd9682dd3cb',0);
INSERT INTO `service_rax` VALUES ('bde1268ebabeeabb70a0e702a4626977c331d5c4',0);
INSERT INTO `service_rax` VALUES ('c47fbdd0032e465d8809aee5efe3724b',0);
INSERT INTO `service_rax` VALUES ('cebeb660339e41fe9cab4ed3ff061a6c',0);
INSERT INTO `service_rax` VALUES ('dd4054bb620a4a4ab6d6a8cd10d13c41',0);
INSERT INTO `service_rax` VALUES ('e07bed78618f4df997a5c1d3020578eb',0);
INSERT INTO `service_rax` VALUES ('e5095fa908084151a4032c3eead377f4',0);

--
-- Dumping data for table `token`
--


--
-- Dumping data for table `trust`
--


--
-- Dumping data for table `trust_role`
--


--
-- Dumping data for table `user`
--

INSERT INTO `user` VALUES ('10022623','kurtDefaultUser','{\"email\": \"k@example.com\"}','{SSHA512}ej+i+M1f4fEQQMwSF/iz32ppvp7z2Wg8rnRhpt+M0iuJU+dO2flSxZ9BmP080rlcyD3Mud9/U1Ad8FIIRb3c2LkOe4s=',1,'32035123',NULL);
INSERT INTO `user` VALUES ('10022837','hectorUserAdmin','{\"email\": \"john.smith@example.org\"}','{SSHA512}p3hYI8bUm4ciUEZ0iuFvt/4HVFUbbxSMfHEjbvKG+vB0kRHvvvDKuWRtnY/YP+ltOS675dVHjypV1Nnnw+N3aGP0avo=',1,'32035123',NULL);
INSERT INTO `user` VALUES ('10043250','testServiceAdmin_doNotDelete','{\"email\": \"testEmail@rackspace.com\"}','{SSHA512}XnKfwm1hiQbTNxTObpm7mI21caR2T9vK/6KRmgb+io6Pt2HT4Jts01ZFv8qnx2ch3BHSwk42NSqQhj88mvJ1e3fCAtE=',1,'e40c19ae84254aaaae4e670789bc85ea',NULL);
INSERT INTO `user` VALUES ('10043490','testDisabledUser_doNotDelete','{\"email\": \"testEmail@rackspace.com\"}','{SSHA512}0L3YXuC3aluPyPjEWEYDU0scnUb+5VW7kdlf5lMlR44ka4ZrhCKqL0xhiBX0uExYYc9mPcGqKLqQvAYC7lchs7f80vE=',0,'41d4b4f276db4630b731e3477635d430',NULL);
INSERT INTO `user` VALUES ('10044477','testIdentityAdmin_doNotDelete','{\"email\": \"testEmail@rackspace.com\"}','{SSHA512}09y37gXSy8nv4CuIRw8oqB/x+zcDs944ytOvVOWYeh1GkTTgLf/T83x6MrjwXsuwi+pHpoTzrnfYEjUJNHply8keUq4=',1,'938e0ee4e8ce4fe7a179db79cadd245a',NULL);
INSERT INTO `user` VALUES ('10044550','testUserAdmin_doNotDelete','{\"email\": \"testuser@example.org\"}','{SSHA512}aE2fQnQ5jCMcPy6CKs7Zbq2jRFN1NDkbyeAC0BTtqWds60d/aRz6w7iUwmMKOTwvybGs8KlSJnzYF26UfZ8EOSQ1cMM=',1,'135792468',NULL);
INSERT INTO `user` VALUES ('10044551','testUserNoRoles_doNotDelete','{\"email\": \"testEmail@rackspace.com\"}','{SSHA512}JskKc+Ud0q8FAuPLlb9ylGE+N2pNBehjMu7mZV5LUg2zMHlKWPLcjN9MEmgtRp7c5YXhbMYGnu2ehDDvBFCZzNIyolM=',1,'135792468',NULL);
INSERT INTO `user` VALUES ('10046995','testDefaultUser_doNotDelete','{\"email\": \"testEmail@rackspace.com\"}','{SSHA512}QRtJi12bue/ZTNzZUieelqacz3sNF3nZD7PxpbgvsmN622blGqGEoDfazK1rhnBwXRt9noW3EAwNIjQoGb0QUdISaOw=',1,'135792468',NULL);
INSERT INTO `user` VALUES ('10071819','cloud10User_DoNotDelete','{}','{SSHA512}CucSTNtrNnFlAJcnAiLS3Hl9Z+Wmc9RJGKYzcv26hS8L+jBHcEFhEtAcoaZ/+2gcbeCYapHo9Nq40juE/WTy9ZfEpIE=',1,'-543569094',NULL);
INSERT INTO `user` VALUES ('173189','auth','{\"email\": \"auth@rackspace.com\"}','{SSHA512}gXOGDl/oKt+IB9NYUdMHoga0hoI/ml7Yl8KZ+WAjN3qiotYsXPSlMLbFXlUDa8hjnSzV5vGpzmGpGr4Mzh0vBRUaRjk=',1,'7f5e09ff78ed465a9609ef8f2816af5b',NULL);
INSERT INTO `user` VALUES ('173190','authQE','{\"email\": \"auth@rackspace.com\"}','{SSHA512}iFi1s2vu+kZ/91dxtC6DAU9IVDAQ6uktuaIyjCQDbE18eWv2EzGRbI1fGF1cRATu73zpTUHY6L5rL+WUk+BoECDjd/I=',1,'15f080741fc24768bd235d696776afde',NULL);
INSERT INTO `user` VALUES ('173195','authQE2','{\"email\": \"auth@rackspace.com\"}','{SSHA512}FanKfppz11U5LJeUGrMKUEx0Qda/MckZT7WigVMZ8kB6xw2m+aoH6EyPmOjcV/PNSqhWX0eowQ3b+GzL/4N7+w0zuC0=',1,'d3db20a9e22c4c9cba2c22c577deb906',NULL);
INSERT INTO `user` VALUES ('1c5a89a8d99b4e34998f7143d76d99e2','keystone_mfa_enabled_user_admin','{}','{SSHA512}xzscjAWtRx8WvXpueBodCAQyL3hEli1XnUZWi3UhF02n2x5p+2OLD+tuf/eYI2FSwZBQSvCTTawtGjEASeGwHZZJ5f4=',1,'78543990','78543990');
INSERT INTO `user` VALUES ('3a4407a6b3e349998478409c5b7eda14','cloudCafeUserAdmin','{}','{SSHA512}aV7cSVt0C2Es2efBtEI7U7gVhlN+zS6APHlaKh2rGJqgb1J7jgcLlmEqm8Cc5ffWzmDYjUxnEbejNwfA5CCvNQOBPU0=',1,'983452','983452');
INSERT INTO `user` VALUES ('4e997592aad24e2183e51bd013f223c5','keystone_user_admin','{}','{SSHA512}0d2ldlhL6wuErFZYqazvZnAbyN87geeZO8+DBTBz/MivZnK5xUt0EZ1s4Z/9FpPk95yinR9KBYzJzH8uLjkUcHL5R30=',1,'78543988','78543988');
INSERT INTO `user` VALUES ('6ffe3875d15b44d5b8b2d285790c89ec','keystone_service_admin','{}','{SSHA512}e3tFeg+IBMSSyH2tl8YKf4LoqqaNdVD0YC5eZSbfa/oWAapukBGJx+SOLtcS91oMY3K2QQcp1M7x7XTU4EgtS3DPI5U=',1,'78543987','78543987');
INSERT INTO `user` VALUES ('7fcb777308fa41219e300070a5ee4973','test_mfa','{\"email\": \"test_mfa@email.com\"}','{SSHA512}2kdG6kQSG1AXbuaZQAyvD9GDBHgoPJpxrhOYgSfEBCCUzfAHlSl2MrsDwAb0jSyRJD8MvktYBRVUYj7CJlNqd3klkFE=',1,'c1ef67e28d754256bb1843ff6b8434fb',NULL);
INSERT INTO `user` VALUES ('868dea5a32934749a3fb9a47e80f12a4','keystone_default_user','{\"email\": \"shanthi.vedula@rackspace.com\"}','{SSHA512}Lj7hm59v2o28pGmgXNjqhQHGzn0FL/SYi5Ofyrzsgu0Vgw4TiHuMzIyEdd0W2e98to0AAUmaD50bUsTMu6mAz49fQxk=',1,'78543988','78543988');
INSERT INTO `user` VALUES ('af455d1387ab4281873ceae5bc400e50','identityAdmin5ac28fdd56b14020965350b907c7dfb7','{\"email\": \"identityAdmin5ac28fdd56b14020965350b907c7dfb7@rackspace.com\"}','{SSHA512}D+l5P03t15k2pawaEscnWNK0IGnzgS7ezNZimLW8KvaSTPIkZGMhNOHoQKMdBWUrTpFmpN4YvC6T/4nwYXLJgcDb4YI=',1,'077d6644f58145cf831361bc08301a1e',NULL);
INSERT INTO `user` VALUES ('c90d35db77d14133b05fdc576a4f4ffb','userAdmin80235dc928bf4854863193257a80da64','{\"email\": \"email@email.com\"}','{SSHA512}9dMk+TEOHGvZ9Xt6ZCPnMQuZvW5obdqbaDxcUnz6jQu+i8wV9AUdFwDUqFnQHhLYtSJWv8GTORd1MK9o+WTbMMJVslM=',1,'132885','132885');
INSERT INTO `user` VALUES ('d14b1195cbe045d9905c25317dd1f924','cloudIdentitySA1','{\"email\": \"new_email_1_614979@test.com\"}','{SSHA512}3ezkZfEsxKeRKztpWvSuEU/1MKEv1D0nNVnccGSQyYLTJ/5btnOZf4bM1R5eQeWYOxIg2joiKSlE4mUI2tsREy0cPCY=',1,'ee6b1988a42e48469166260629f1326a',NULL);
INSERT INTO `user` VALUES ('d2d1adee553144ada948e03d1f5503f1','keystone_user_manage','{\"email\": \"shanthi.vedula@rackspace.com\"}','{SSHA512}yVlg6itAMPH2IuT+ILigihCVPJpADt9Y5zbanGwV0Hi8ueFLKGyh1gJoZqsUqkmwemG8Gt6MpxEKCM3ck8LSSnOW8Y4=',1,'78543988','78543988');
INSERT INTO `user` VALUES ('d8f1b8df14c844d9919aee4e19a2f6f9','keystone_mfa_user_admin','{}','{SSHA512}6NmWxePZPI101gxL3FuyoEDE95yAWvHPQOodY9/EYmx5L3MO1BOAA8hxTC59kvOMgIm3MmBylzFxoxhNHvXN8ATq9+g=',1,'78543995','78543995');
INSERT INTO `user` VALUES ('e2655b97cfe848b796097c2073b174e7','cloudIdentitySA2','{\"email\": \"new_email_2_814159@example.com\"}','{SSHA512}k1xmvdFrf5WRgmZobev5WZXuF3uGRx15hE5ZKYCX3HTEluP2JfHQFmdSIq1wuAfgd1PE8FZ+X+pcgIHI5KrwtFuzrwQ=',1,'f7c212c05efc44a9957bc8b48d0a071a',NULL);
INSERT INTO `user` VALUES ('fa9ddbf7cc904a75b8bd40c26bc738cd','keystone_identity_admin','{}','{SSHA512}orFD4KiiB2w6X+iC/iEkS/DWetQL1wGtcQDd+tjrV1sqNRvqCnOYatbzj+FJyEVS/nTfoIaesRpxfAXWuFace3akz9k=',1,'78543985','78543985');

--
-- Dumping data for table `user_certificate_rax`
--

INSERT INTO `user_certificate_rax` VALUES ('138080a925fa4bdbb1efcd1589e5fe92','identityqe',0x3082039F30820308A003020102020900DDB8940B2C9A557F300D06092A864886F70D0101050500308192310B3009060355040613027573310E300C060355040813057465786173311430120603550407130B73616E20616E746F6E696F31123010060355040A13097261636B7370616365310E300C060355040B1305636C6F7564310C300A06035504031303716532312B302906092A864886F70D010901161C7368616E7468692E766564756C61407261636B73706163652E636F6D301E170D3134303830373136333133375A170D3234303830363136333133375A308192310B3009060355040613027573310E300C060355040813057465786173311430120603550407130B73616E20616E746F6E696F31123010060355040A13097261636B7370616365310E300C060355040B1305636C6F7564310C300A06035504031303716532312B302906092A864886F70D010901161C7368616E7468692E766564756C61407261636B73706163652E636F6D30819F300D06092A864886F70D010101050003818D0030818902818100D7C1011D36618D40FB4EF476AC1925A28734D5F0CBBEF2AA7A535B9C2AAE940E91F77BE1EFE4633AB763712BE4339B2B597FFA002698D6EB75C97B005765746478BD4AE17B9F6AE9CD352B958A816D82B2B106B9861D2BA041F6457DC8078C2B3BEB35014CFDB681737D71CD278BD0C1FBB798B261BD3C193897865D611435410203010001A381FA3081F7301D0603551D0E041604146357F27650E086B55803C1D5DDAA88FFBE84B4953081C70603551D230481BF3081BC80146357F27650E086B55803C1D5DDAA88FFBE84B495A18198A48195308192310B3009060355040613027573310E300C060355040813057465786173311430120603550407130B73616E20616E746F6E696F31123010060355040A13097261636B7370616365310E300C060355040B1305636C6F7564310C300A06035504031303716532312B302906092A864886F70D010901161C7368616E7468692E766564756C61407261636B73706163652E636F6D820900DDB8940B2C9A557F300C0603551D13040530030101FF300D06092A864886F70D0101050500038181009494A52091CF3B6C9C7C3D229CEA5AD252BF98FBDFD5B31B9B631007C7E96026D4AE5EA339F9FA41E87B6DFD20E110339F214FC8BD8121A30EEA5D19CAFCDF4DBB7A3B87B187060C6CB9E05D4AF4DD17881FC42B31545D0E466AF4636574A4CC2D2EB98D7108EEBDA01813F8DA328436BCA033924A262DC37FBAB32CC3D95478);
INSERT INTO `user_certificate_rax` VALUES ('23576e97fd8548fe8280a70159bf4a32','identityqe',0x3082039F30820308A003020102020900F80368ED17A6047A300D06092A864886F70D0101050500308192310B3009060355040613027573310E300C060355040813057465786173311430120603550407130B73616E20616E746F6E696F31123010060355040A13097261636B7370616365310E300C060355040B1305636C6F7564310C300A06035504031303716534312B302906092A864886F70D010901161C7368616E7468692E766564756C61407261636B73706163652E636F6D301E170D3134303830373136333235375A170D3234303830363136333235375A308192310B3009060355040613027573310E300C060355040813057465786173311430120603550407130B73616E20616E746F6E696F31123010060355040A13097261636B7370616365310E300C060355040B1305636C6F7564310C300A06035504031303716534312B302906092A864886F70D010901161C7368616E7468692E766564756C61407261636B73706163652E636F6D30819F300D06092A864886F70D010101050003818D0030818902818100B820506913F2FFB298182DFBCF0611AE8ED00C5A32B44EA8A01C6AEF7981F19B74762EACA1D4377DA30082B0914EEA49665A35CBAD14429C41894D9A89DAF866910879ACFFA2A8650A985E260DABCDE47A496274B664272C42FF09C92EC6EE6B058538D7D2EB49A7DEC6CC18B18C95A589B40E567628EB1EA81F42CF219550570203010001A381FA3081F7301D0603551D0E0416041437EC84A1FC0DF3464A1CFF0B76F1FFCC0B1519983081C70603551D230481BF3081BC801437EC84A1FC0DF3464A1CFF0B76F1FFCC0B151998A18198A48195308192310B3009060355040613027573310E300C060355040813057465786173311430120603550407130B73616E20616E746F6E696F31123010060355040A13097261636B7370616365310E300C060355040B1305636C6F7564310C300A06035504031303716534312B302906092A864886F70D010901161C7368616E7468692E766564756C61407261636B73706163652E636F6D820900F80368ED17A6047A300C0603551D13040530030101FF300D06092A864886F70D0101050500038181007A3C58E1C863985EB11738103E625972D7298B1CCD567A9A458B2A0FC45383E03E4538EC939E74CCFAD270A75D70B6150C9F7444C68992F8CE8B4E08F75AAE0D839090BDD49C7C9C09753D82D864A7A288CBA67A4C31166F82F0ED16BFBFE971B81F2CDC16F7F5BF8515E3EEEFFAF2A59D1B619E50103FF46E8F11DC273E4BC7);
INSERT INTO `user_certificate_rax` VALUES ('4f531023a34849d7af23ebd1a387f6b2','identityqe',0x3082039F30820308A0030201020209009D5DADD222420EC4300D06092A864886F70D0101050500308192310B3009060355040613027573310E300C060355040813057465786173311430120603550407130B73616E20616E746F6E696F31123010060355040A13097261636B7370616365310E300C060355040B1305636C6F7564310C300A06035504031303716533312B302906092A864886F70D010901161C7368616E7468692E766564756C61407261636B73706163652E636F6D301E170D3134303830373136333230385A170D3234303830363136333230385A308192310B3009060355040613027573310E300C060355040813057465786173311430120603550407130B73616E20616E746F6E696F31123010060355040A13097261636B7370616365310E300C060355040B1305636C6F7564310C300A06035504031303716533312B302906092A864886F70D010901161C7368616E7468692E766564756C61407261636B73706163652E636F6D30819F300D06092A864886F70D010101050003818D0030818902818100AB29BA714965D485223EE503348C78236B20214B308D30EC036F3BE4BA5437DDF9AE5C4441E79316C6F1FBC638CE534A4E48F9E492FF0F7AC2F5AD68E21D09355E98541349BC4C9C5B11D2983F4C4AE323D687F65623CCC4026D1F79644CA46E4588A86C3709DC302E6AC8E6FBDA99C0FF321C04204650E0265E5A448EEB314D0203010001A381FA3081F7301D0603551D0E04160414F06BBCEC1581D9D78551CE92CCECC8442209D1613081C70603551D230481BF3081BC8014F06BBCEC1581D9D78551CE92CCECC8442209D161A18198A48195308192310B3009060355040613027573310E300C060355040813057465786173311430120603550407130B73616E20616E746F6E696F31123010060355040A13097261636B7370616365310E300C060355040B1305636C6F7564310C300A06035504031303716533312B302906092A864886F70D010901161C7368616E7468692E766564756C61407261636B73706163652E636F6D8209009D5DADD222420EC4300C0603551D13040530030101FF300D06092A864886F70D01010505000381810039F0155FD4297715FF7F33F2183068BD978D330A154DC9F9E07FAAF48BAE4CBDD24AA4D4F211B64822F51281CE5A1706201F5FB42A2EDD4C218F7E86EF42C7CF124228D61D784BCF5FF4102C74082B989880DCE823727C35DEAA72D613163D960CE442CB04D780644759449DDDCAE13BC3F809E46548B833714A7F4CC911430A);
INSERT INTO `user_certificate_rax` VALUES ('57964ac0c2134bd6bd0bf9cc1d1d05a2','rackertest',0x30820390308202F9A003020102020900E24FF2B2FBC11E28300D06092A864886F70D010105050030818D310B3009060355040613027573310E300C060355040813057465786173311430120603550407130B73616E20616E746F6E696F31123010060355040A13097261636B7370616365310E300C060355040B1305636C6F7564310B30090603550403130271653127302506092A864886F70D01090116187368616E7468692E766564756C6140676D61696C2E636F6D301E170D3134303731343231333835305A170D3234303731333231333835305A30818D310B3009060355040613027573310E300C060355040813057465786173311430120603550407130B73616E20616E746F6E696F31123010060355040A13097261636B7370616365310E300C060355040B1305636C6F7564310B30090603550403130271653127302506092A864886F70D01090116187368616E7468692E766564756C6140676D61696C2E636F6D30819F300D06092A864886F70D010101050003818D0030818902818100ACD84C17C4ED199F9E319DC86619E69B4EB0D7E5F00F1A52FDF0E0A4D9328B5B6DA1572B5950C18CDF27ECF290ACEB15D02E014D6E93244B83BE2B07034E23C304A99385EAD6CFDD532B2623137F718D16DDE78BF85212551C41D323A2E81A3ECB75A73938762F4DEF31DE251B328CA20554D303C88A428FF3744B24E25B40A70203010001A381F53081F2301D0603551D0E0416041498AC8995C0DB8501FB79F923B7D95541B32663093081C20603551D230481BA3081B7801498AC8995C0DB8501FB79F923B7D95541B3266309A18193A4819030818D310B3009060355040613027573310E300C060355040813057465786173311430120603550407130B73616E20616E746F6E696F31123010060355040A13097261636B7370616365310E300C060355040B1305636C6F7564310B30090603550403130271653127302506092A864886F70D01090116187368616E7468692E766564756C6140676D61696C2E636F6D820900E24FF2B2FBC11E28300C0603551D13040530030101FF300D06092A864886F70D0101050500038181007C39B099E8DC10022FA1A86869DAAD4E4D4B8D756CF86EC8C87D93BA150A8A3C4C10DFC91D46C0D8F2C77B1D1FB5276CA6C0050511521CF7AE5ABD32EDF3B1F146D36D089DFC6246D3C085051459BFC370B0A306B4C7F26A441479B14D0358744E14D40EFBBF32F1AA05C4D3AE3534AAFEEB15EF6299E6261BFEF23F3F3DE973);
INSERT INTO `user_certificate_rax` VALUES ('704041c8955c48c2abf8aa068dc01981','rackertest',0x308202B030820219A003020102020900F0CB22507391E0AF300D06092A864886F70D01010505003045310B3009060355040613024155311330110603550408130A536F6D652D53746174653121301F060355040A1318496E7465726E6574205769646769747320507479204C7464301E170D3134303530323231333133385A170D3234303530313231333133385A3045310B3009060355040613024155311330110603550408130A536F6D652D53746174653121301F060355040A1318496E7465726E6574205769646769747320507479204C746430819F300D06092A864886F70D010101050003818D0030818902818100B4048069FA9161770428E63FFCD3DCBDFA694CE860A6B3DBB7AD71FFB3FDD2FB46E007CD52BDEE9339F944D42B2D7CDC5F7DFA57F0B0B8F5BB23A6EBBCC98E23765DDF752341B2FCA2595EF0495969DDDAE572FD1D7788D7AF55535206F83D353B2AAEC5E3DC2BCB7B897DBF6638C4CD4EDE03305405E187330E1B43EC63024D0203010001A381A73081A4301D0603551D0E04160414DE4111FDB0D36EB81160EC44AF03255A4EB7F94130750603551D23046E306C8014DE4111FDB0D36EB81160EC44AF03255A4EB7F941A149A4473045310B3009060355040613024155311330110603550408130A536F6D652D53746174653121301F060355040A1318496E7465726E6574205769646769747320507479204C7464820900F0CB22507391E0AF300C0603551D13040530030101FF300D06092A864886F70D010105050003818100AEC610C2A5B9A9BF8B637B559E3F2466E838D650A8816F4EB237592E8EAFDA22EA0D441AC36F0D17BB49CA43479B46AB2841B9762FC75E7B4C6C6F4019AD542849CE156A471DF36D5FC771CC23B50AFA4352AC2754D29CF809FB1EB441D0272CF068AE450B88D913A1899DADDFF8D819F00A5C69C2E16642BF2CF5487A5C2A92);
INSERT INTO `user_certificate_rax` VALUES ('977e5f9578e74507ad713920db0177cc','dedicated',0x308201F53082019FA003020102020900CA6E2FCAF7A5E09B300D06092A864886F70D01010505003056310B3009060355040613025553310E300C06035504080C0554657861733114301206035504070C0B53616E20416E746F6E696F3121301F060355040A0C18496E7465726E6574205769646769747320507479204C7464301E170D3133303730393232323734395A170D3134303730393232323734395A3056310B3009060355040613025553310E300C06035504080C0554657861733114301206035504070C0B53616E20416E746F6E696F3121301F060355040A0C18496E7465726E6574205769646769747320507479204C7464305C300D06092A864886F70D0101010500034B003048024100B4B4BDCFCA53F13E3D5AB8C37608D588682B2A3DCCB82CAF4EBA48F149F5247B03A2EA42A8BFD692DA97B402C0BCBB09213E3ECF97EC34955632192AC0879F0F0203010001A350304E301D0603551D0E0416041408F04CE0F4CF2F9D7A3B8ADDBC9D45BAC58F7BE2301F0603551D2304183016801408F04CE0F4CF2F9D7A3B8ADDBC9D45BAC58F7BE2300C0603551D13040530030101FF300D06092A864886F70D01010505000341003A8F14A40FA5166167FC35F8944812858A5CA26D753BE292DE67FC349865DBFDF8C0BC34209D2DD41A7AF9429E10B5155D46BC7A9B5A42E267B23EB131B6B2C7);
INSERT INTO `user_certificate_rax` VALUES ('d06a8f84cec14d3e9096e4e24b690d85','test',0x308202B030820219A003020102020900F0CB22507391E0AF300D06092A864886F70D01010505003045310B3009060355040613024155311330110603550408130A536F6D652D53746174653121301F060355040A1318496E7465726E6574205769646769747320507479204C7464301E170D3134303530323231333133385A170D3234303530313231333133385A3045310B3009060355040613024155311330110603550408130A536F6D652D53746174653121301F060355040A1318496E7465726E6574205769646769747320507479204C746430819F300D06092A864886F70D010101050003818D0030818902818100B4048069FA9161770428E63FFCD3DCBDFA694CE860A6B3DBB7AD71FFB3FDD2FB46E007CD52BDEE9339F944D42B2D7CDC5F7DFA57F0B0B8F5BB23A6EBBCC98E23765DDF752341B2FCA2595EF0495969DDDAE572FD1D7788D7AF55535206F83D353B2AAEC5E3DC2BCB7B897DBF6638C4CD4EDE03305405E187330E1B43EC63024D0203010001A381A73081A4301D0603551D0E04160414DE4111FDB0D36EB81160EC44AF03255A4EB7F94130750603551D23046E306C8014DE4111FDB0D36EB81160EC44AF03255A4EB7F941A149A4473045310B3009060355040613024155311330110603550408130A536F6D652D53746174653121301F060355040A1318496E7465726E6574205769646769747320507479204C7464820900F0CB22507391E0AF300C0603551D13040530030101FF300D06092A864886F70D010105050003818100AEC610C2A5B9A9BF8B637B559E3F2466E838D650A8816F4EB237592E8EAFDA22EA0D441AC36F0D17BB49CA43479B46AB2841B9762FC75E7B4C6C6F4019AD542849CE156A471DF36D5FC771CC23B50AFA4352AC2754D29CF809FB1EB441D0272CF068AE450B88D913A1899DADDFF8D819F00A5C69C2E16642BF2CF5487A5C2A92);
INSERT INTO `user_certificate_rax` VALUES ('d48f156ead644c8a9f9dd8714eae71de','identityqe',0x30820390308202F9A003020102020900E24FF2B2FBC11E28300D06092A864886F70D010105050030818D310B3009060355040613027573310E300C060355040813057465786173311430120603550407130B73616E20616E746F6E696F31123010060355040A13097261636B7370616365310E300C060355040B1305636C6F7564310B30090603550403130271653127302506092A864886F70D01090116187368616E7468692E766564756C6140676D61696C2E636F6D301E170D3134303731343231333835305A170D3234303731333231333835305A30818D310B3009060355040613027573310E300C060355040813057465786173311430120603550407130B73616E20616E746F6E696F31123010060355040A13097261636B7370616365310E300C060355040B1305636C6F7564310B30090603550403130271653127302506092A864886F70D01090116187368616E7468692E766564756C6140676D61696C2E636F6D30819F300D06092A864886F70D010101050003818D0030818902818100ACD84C17C4ED199F9E319DC86619E69B4EB0D7E5F00F1A52FDF0E0A4D9328B5B6DA1572B5950C18CDF27ECF290ACEB15D02E014D6E93244B83BE2B07034E23C304A99385EAD6CFDD532B2623137F718D16DDE78BF85212551C41D323A2E81A3ECB75A73938762F4DEF31DE251B328CA20554D303C88A428FF3744B24E25B40A70203010001A381F53081F2301D0603551D0E0416041498AC8995C0DB8501FB79F923B7D95541B32663093081C20603551D230481BA3081B7801498AC8995C0DB8501FB79F923B7D95541B3266309A18193A4819030818D310B3009060355040613027573310E300C060355040813057465786173311430120603550407130B73616E20616E746F6E696F31123010060355040A13097261636B7370616365310E300C060355040B1305636C6F7564310B30090603550403130271653127302506092A864886F70D01090116187368616E7468692E766564756C6140676D61696C2E636F6D820900E24FF2B2FBC11E28300C0603551D13040530030101FF300D06092A864886F70D0101050500038181007C39B099E8DC10022FA1A86869DAAD4E4D4B8D756CF86EC8C87D93BA150A8A3C4C10DFC91D46C0D8F2C77B1D1FB5276CA6C0050511521CF7AE5ABD32EDF3B1F146D36D089DFC6246D3C085051459BFC370B0A306B4C7F26A441479B14D0358744E14D40EFBBF32F1AA05C4D3AE3534AAFEEB15EF6299E6261BFEF23F3F3DE973);

--
-- Dumping data for table `user_group_membership`
--

INSERT INTO `user_group_membership` VALUES ('c90d35db77d14133b05fdc576a4f4ffb','0');

--
-- Dumping data for table `user_rax`
--

INSERT INTO `user_rax` VALUES ('10022623',NULL,NULL,'2012-06-27 23:09:33.000000',0,NULL,NULL,NULL,NULL,NULL,'0p5Hq3v9YYI4c2yPHmegVg==','asdfgh1234','US',NULL,NULL,NULL,NULL,NULL,NULL,NULL,NULL,0,0,NULL,NULL,NULL,NULL,NULL,NULL);
INSERT INTO `user_rax` VALUES ('10022837',NULL,NULL,'2012-06-28 15:36:16.000000',0,NULL,NULL,NULL,NULL,NULL,NULL,NULL,NULL,NULL,NULL,NULL,NULL,NULL,NULL,NULL,NULL,0,0,NULL,NULL,NULL,NULL,NULL,NULL);
INSERT INTO `user_rax` VALUES ('10043250',NULL,NULL,'2012-09-14 23:23:53.000000',0,NULL,NULL,NULL,NULL,NULL,NULL,NULL,NULL,NULL,NULL,NULL,NULL,NULL,NULL,NULL,NULL,0,0,NULL,NULL,NULL,NULL,NULL,NULL);
INSERT INTO `user_rax` VALUES ('10043490',NULL,NULL,'2012-09-18 15:45:08.000000',0,NULL,NULL,NULL,NULL,NULL,NULL,NULL,NULL,NULL,NULL,NULL,NULL,NULL,NULL,NULL,NULL,0,0,NULL,NULL,NULL,NULL,NULL,NULL);
INSERT INTO `user_rax` VALUES ('10044477',NULL,NULL,'2012-09-20 18:10:26.000000',0,NULL,NULL,NULL,NULL,NULL,NULL,NULL,NULL,NULL,NULL,NULL,NULL,NULL,NULL,NULL,NULL,0,0,NULL,NULL,NULL,NULL,NULL,NULL);
INSERT INTO `user_rax` VALUES ('10044550',NULL,NULL,'2012-09-24 21:19:54.000000',0,NULL,NULL,NULL,NULL,NULL,NULL,NULL,NULL,NULL,NULL,NULL,NULL,NULL,NULL,NULL,NULL,0,0,NULL,NULL,NULL,NULL,NULL,NULL);
INSERT INTO `user_rax` VALUES ('10044551',NULL,NULL,'2012-09-24 21:19:57.000000',0,NULL,NULL,NULL,NULL,NULL,NULL,NULL,NULL,NULL,NULL,NULL,NULL,NULL,NULL,NULL,NULL,0,0,NULL,NULL,NULL,NULL,NULL,NULL);
INSERT INTO `user_rax` VALUES ('10046995',NULL,NULL,'2012-10-12 20:25:21.000000',0,NULL,NULL,NULL,NULL,NULL,NULL,NULL,NULL,NULL,NULL,NULL,NULL,NULL,NULL,NULL,NULL,0,0,NULL,NULL,NULL,NULL,NULL,NULL);
INSERT INTO `user_rax` VALUES ('10071819',NULL,NULL,'2013-03-22 14:50:56.000000',0,NULL,NULL,NULL,NULL,NULL,'Is2/L0NNUM3svnnjOcEqVg==','StagingUS_e99825fd-b069-4987-bf46-42766bf79fd3','ORD',NULL,NULL,NULL,NULL,NULL,NULL,NULL,NULL,0,0,NULL,NULL,NULL,NULL,NULL,NULL);
INSERT INTO `user_rax` VALUES ('173189','18e7a7032733486cd32f472d7bd58f709ac0d221',NULL,'2012-09-19 15:39:31.000000',0,NULL,'C5WykLHFtUz6bdFvapQ3pw==','L0EuPN+S7sRR739Wqqhv6g==',NULL,'F/J7NK9Jv2H4w2Xg2xuJjQ==','cBoF/yUr7bFU8DrFOGNiEw==','MossoCloudFS_6eee84c5-54a4-4217-a895-8308da81feb3','ORD',NULL,NULL,NULL,NULL,NULL,NULL,NULL,NULL,0,0,NULL,NULL,NULL,NULL,NULL,NULL);
INSERT INTO `user_rax` VALUES ('173190','18e7a7032733486cd32f472d7bd58f709ac0d221',NULL,'2012-03-12 18:20:51.000000',0,NULL,'C5WykLHFtUz6bdFvapQ3pw==','L0EuPN+S7sRR739Wqqhv6g==',NULL,'F/J7NK9Jv2H4w2Xg2xuJjQ==',NULL,'MossoCloudFS_6eee84c5-54a4-4217-a895-8308da81feb3','ORD',NULL,NULL,NULL,NULL,NULL,NULL,NULL,NULL,0,0,NULL,NULL,NULL,NULL,NULL,NULL);
INSERT INTO `user_rax` VALUES ('173195','18e7a7032733486cd32f472d7bd58f709ac0d221',NULL,'2012-03-12 18:20:51.000000',0,NULL,'C5WykLHFtUz6bdFvapQ3pw==','L0EuPN+S7sRR739Wqqhv6g==',NULL,'F/J7NK9Jv2H4w2Xg2xuJjQ==','Is2/L0NNUM3svnnjOcEqVg==',NULL,'ORD',NULL,NULL,NULL,NULL,NULL,NULL,NULL,NULL,0,0,NULL,NULL,NULL,NULL,NULL,NULL);
INSERT INTO `user_rax` VALUES ('1c5a89a8d99b4e34998f7143d76d99e2',NULL,NULL,'2014-10-20 19:35:54.000000',0,'0',NULL,NULL,NULL,NULL,'322AoChiP+yo//bTIBmi+tdj9VhLdbjnEJRLBngf33AqB4z4DkFozRNcNZ6rvYwt','MossoCloudFS_78543990','ORD',NULL,NULL,NULL,'17 bc e2 ff 90 b1 1f 8c 88 13 b8 90 44 4d 92 9e',NULL,'791d2b1521224f329f98b7910c63508c',NULL,NULL,1,1,'DUKT752N0LU37VBIZUBV','ACTIVE',NULL,NULL,NULL,NULL);
INSERT INTO `user_rax` VALUES ('3a4407a6b3e349998478409c5b7eda14',NULL,NULL,'2013-11-07 01:13:25.000000',0,'0','KqVIjuJ4KSJdTahVxy+yw0lcP4kzcwuizjYfX7ciwOy+QKjv9heiA+bVF7j7EvzZdFjU9Bdmh3S+qHUWGp1hEw==','Uv1LGk0mZpLhrbYoASrOeg==','gOtvzwQZ4QhZIQ/PnebrYg==',NULL,'2/DFjhASk0f9SBMdaW457jLCoO7nxvvwDjiSmHDSbUkymcryUT6U0yWGOJVGB6Kw','StagingUS_ed361067-aebd-45b7-92a3-353edacb0e09','ORD',NULL,NULL,NULL,'e3 1b 06 4c 50 3f 7e ed 91 2f f7 91 47 ae 93',NULL,NULL,NULL,NULL,0,0,NULL,NULL,NULL,NULL,NULL,NULL);
INSERT INTO `user_rax` VALUES ('4e997592aad24e2183e51bd013f223c5',NULL,NULL,'2014-10-06 19:11:19.000000',0,'0',NULL,NULL,NULL,NULL,'iG9M5xFRpttxIeTvbx1aiwI95c5/IYJ8I4ZKShvIwXqPN+D7dhoNzdkm2KTbZ6VH','MossoCloudFS_78543988','ORD',NULL,NULL,NULL,'10 4a 89 d2 7d 47 b7 bc 42 82 79 5b 22 3d 14 7a',NULL,NULL,NULL,NULL,0,0,NULL,NULL,NULL,NULL,NULL,NULL);
INSERT INTO `user_rax` VALUES ('6ffe3875d15b44d5b8b2d285790c89ec',NULL,NULL,'2014-10-02 16:59:00.000000',0,'0',NULL,NULL,NULL,NULL,'kPO7i3QqskNkFNFhMPBLeDl84XZXkhD4vkSVAcUOxPeW7DWYRgx1Iy4qqH57/KFh','MossoCloudFS_78543987','ORD',NULL,NULL,NULL,'a1 90 22 b4 67 49 62 1e ef 49 62 48 f3 d3 3a',NULL,NULL,NULL,NULL,0,0,NULL,NULL,NULL,NULL,NULL,NULL);
INSERT INTO `user_rax` VALUES ('7fcb777308fa41219e300070a5ee4973',NULL,NULL,'2015-09-16 21:37:02.000000',0,'0',NULL,NULL,NULL,NULL,'r/siREzNJMxcUxk11uT4WzCi1QzrsyDTyzQnSSPUCGFMzrUHphmKBvtLAOvv8rby',NULL,'ORD',NULL,NULL,NULL,'27 72 74 99 95 bc b9 a9 57 8e 81 fe 44 0f db 9f',NULL,NULL,NULL,NULL,0,1,NULL,'ACTIVE',NULL,'OTP',NULL,NULL);
INSERT INTO `user_rax` VALUES ('868dea5a32934749a3fb9a47e80f12a4',NULL,NULL,'2014-10-06 20:31:42.000000',0,'0',NULL,NULL,NULL,'7W0S88I70MmHUFYaVGf6cjfZxDx4Lp6/STUSCjBaLWk=','WZQcH4Ja3+pEIosicAivbmOPVDMgp/P0CtXUKPZOL0VZzkiKRvtUmJ1hdB/0j0mb','MossoCloudFS_78543988','ORD',NULL,NULL,NULL,'85 90 24 30 b6 ce 1d e6 22 de 3d d3 88 1a 9a',NULL,NULL,NULL,NULL,0,0,NULL,NULL,NULL,NULL,NULL,NULL);
INSERT INTO `user_rax` VALUES ('af455d1387ab4281873ceae5bc400e50',NULL,NULL,'2015-07-28 21:15:47.000000',0,'0',NULL,NULL,NULL,'rWmhCRNUYORgfnIPJ6ICcw==','axqUKdYGvV47nHjpU1mBtBzmk/ev4snAjRo/8EEBdBqeY8keOlj6CKUV4l6Jbpli',NULL,'ORD',NULL,NULL,NULL,'d1 1a e8 4b d2 7b 45 2c 53 75 32 c8 6a ba 99',NULL,NULL,NULL,NULL,0,0,NULL,NULL,NULL,NULL,NULL,NULL);
INSERT INTO `user_rax` VALUES ('c90d35db77d14133b05fdc576a4f4ffb',NULL,NULL,'2015-07-28 21:15:48.000000',0,'0','mkeJvR9UOkdMpiV+VNhEcA==','Z/moR585HO4jj2N47AXj8Q==',NULL,'hYrTb9t/w78h/X1Pwgdgxg==','zFA8ZdrRlHMsLzCcvbi0wNEQ+vFHePDpVQ662HuftQ0i2t8AyqX48VOEiqD4Ojqg','MossoCloudFS_132885','ORD',NULL,NULL,NULL,'1b f2 c3 ca 9b 85 e3 98 13 bc 6b ff 9a 44 ff 5c',NULL,NULL,NULL,NULL,0,0,NULL,NULL,NULL,NULL,NULL,NULL);
INSERT INTO `user_rax` VALUES ('d14b1195cbe045d9905c25317dd1f924',NULL,NULL,'2013-12-13 20:03:23.000000',0,'0',NULL,NULL,NULL,'jKeMVeagD/fCkftKqz3iJq9mfnk3JxxXYwHNmcY8dPY=','QTCMTLYLBEn2lBMluNU+cjRqk3NFT4l3k1Gk9Fx6B+xFe2lC0fzPyvINLufUhOQO',NULL,'ORD',NULL,NULL,NULL,'e7 2d 3f 76 ec 8a c9 21 5e 99 15 40 83 76 f9',NULL,NULL,NULL,NULL,0,0,NULL,NULL,NULL,NULL,NULL,NULL);
INSERT INTO `user_rax` VALUES ('d2d1adee553144ada948e03d1f5503f1',NULL,NULL,'2014-10-06 20:30:50.000000',0,'0',NULL,NULL,NULL,'HItxR/uGYss2gV4KqM5NvESduI1Bz/4EpSANOLu68Cc=','lRVNgcgFGskESwVCF0RiFgCcZXQZytOq2GANbl/qEoyrD5jVZmTu/6xeW4i+E8qf','MossoCloudFS_78543988','ORD',NULL,NULL,NULL,'85 46 6c 08 a9 9b a6 3a 73 3c 47 c6 ef 17 2c',NULL,NULL,NULL,NULL,0,0,NULL,NULL,NULL,NULL,NULL,NULL);
INSERT INTO `user_rax` VALUES ('d8f1b8df14c844d9919aee4e19a2f6f9',NULL,NULL,'2015-01-15 22:17:01.000000',0,NULL,NULL,NULL,NULL,NULL,'cBoF/yUr7bFU8DrFOGNiEw==','MossoCloudFS_78543995','ORD',NULL,NULL,NULL,NULL,NULL,'fb6c00852e404263b745419dd761d968',NULL,NULL,1,1,'DUMEPCV67EA3I30G0TBM','ACTIVE',NULL,NULL,NULL,NULL);
INSERT INTO `user_rax` VALUES ('e2655b97cfe848b796097c2073b174e7',NULL,NULL,'2013-12-13 20:03:25.000000',0,'0',NULL,NULL,NULL,'F1z2ahKSquHcDr3Zid+LnULuVb50Z1o/+BSeTvrf/wo=','s8GwNbai8iFtjP7M7K8LcBt4Tbl3ZtVd8Dj7YSffflHsMR74vx4uEfm2A2F+L9JM',NULL,'ORD',NULL,NULL,NULL,'1a 0b 8c 92 88 dd df 7c 4c 68 e8 00 77 7e 07 6d',NULL,NULL,NULL,NULL,0,0,NULL,NULL,NULL,NULL,NULL,NULL);
INSERT INTO `user_rax` VALUES ('fa9ddbf7cc904a75b8bd40c26bc738cd',NULL,NULL,'2014-10-06 19:12:16.000000',0,'0',NULL,NULL,NULL,NULL,'YApdWaAiVN4NUS5tcSxS1Zn3jG9QI2yWA+RHI4XeR4ld0acdWFvaiTby2f9hTlZV','MossoCloudFS_78543985','ORD',NULL,NULL,NULL,'30 b4 4c 3b 26 62 9a c3 09 9b 71 33 32 4b 93 d4',NULL,NULL,NULL,NULL,0,0,NULL,NULL,NULL,NULL,NULL,NULL);

--
-- Dumping data for table `whitelisted_config`
--

/*!40103 SET TIME_ZONE=@OLD_TIME_ZONE */;

/*!40101 SET SQL_MODE=@OLD_SQL_MODE */;
/*!40014 SET FOREIGN_KEY_CHECKS=@OLD_FOREIGN_KEY_CHECKS */;
/*!40014 SET UNIQUE_CHECKS=@OLD_UNIQUE_CHECKS */;
/*!40111 SET SQL_NOTES=@OLD_SQL_NOTES */;

-- Dump completed on 2016-01-29 15:33:54
